EVENT,VAL_FINAL,NAME,XCOORDS,YCOORDS,Year,Month
2014-01-01,118.36250000000003,199-D2-11,573328.16,151120.73,2014,1
2014-02-01,118.29991233283786,199-D2-11,573328.16,151120.73,2014,2
2014-03-01,118.20977510040153,199-D2-11,573328.16,151120.73,2014,3
2014-04-01,118.2899584487535,199-D2-11,573328.16,151120.73,2014,4
2014-05-01,118.41374496644275,199-D2-11,573328.16,151120.73,2014,5
2014-06-01,119.04108864265908,199-D2-11,573328.16,151120.73,2014,6
2014-07-01,119.3634120805369,199-D2-11,573328.16,151120.73,2014,7
2014-08-01,119.4804731903486,199-D2-11,573328.16,151120.73,2014,8
2014-09-01,119.30806509695319,199-D2-11,573328.16,151120.73,2014,9
2014-10-01,119.2490723860588,199-D2-11,573328.16,151120.73,2014,10
2014-11-01,119.18919667590049,199-D2-11,573328.16,151120.73,2014,11
2014-12-01,119.15210405405408,199-D2-11,573328.16,151120.73,2014,12
2015-01-01,119.20544489247281,199-D2-11,573328.16,151120.73,2015,1
2015-02-01,119.34781305638009,199-D2-11,573328.16,151120.73,2015,2
2015-03-01,119.48514228187918,199-D2-11,573328.16,151120.73,2015,3
2015-04-01,119.50691666666638,199-D2-11,573328.16,151120.73,2015,4
2015-05-01,119.49773959731543,199-D2-11,573328.16,151120.73,2015,5
2015-06-01,119.46300277777759,199-D2-11,573328.16,151120.73,2015,6
2015-07-01,119.43782795698883,199-D2-11,573328.16,151120.73,2015,7
2015-08-01,119.39367382550343,199-D2-11,573328.16,151120.73,2015,8
2015-09-01,119.35305555555489,199-D2-11,573328.16,151120.73,2015,9
2015-10-01,119.28778225806455,199-D2-11,573328.16,151120.73,2015,10
2015-11-01,119.24011080332426,199-D2-11,573328.16,151120.73,2015,11
2015-12-01,119.24845026881667,199-D2-11,573328.16,151120.73,2015,12
2016-01-01,119.23227688172084,199-D2-11,573328.16,151120.73,2016,1
2016-02-01,119.25313199426085,199-D2-11,573328.16,151120.73,2016,2
2016-03-01,119.2790053691273,199-D2-11,573328.16,151120.73,2016,3
2016-04-01,119.21245138888892,199-D2-11,573328.16,151120.73,2016,4
2016-05-01,119.38933422818758,199-D2-11,573328.16,151120.73,2016,5
2016-06-01,119.48225555555625,199-D2-11,573328.16,151120.73,2016,6
2016-07-01,119.4739193548394,199-D2-11,573328.16,151120.73,2016,7
2016-08-01,119.48141129032287,199-D2-11,573328.16,151120.73,2016,8
2016-09-01,119.3874652777779,199-D2-11,573328.16,151120.73,2016,9
2016-10-01,119.20262903225833,199-D2-11,573328.16,151120.73,2016,10
2016-11-01,119.24159999999966,199-D2-11,573328.16,151120.73,2016,11
2016-12-01,119.36308333333339,199-D2-11,573328.16,151120.73,2016,12
2017-01-01,119.41037768817192,199-D2-11,573328.16,151120.73,2017,1
2017-02-01,119.47926785714286,199-D2-11,573328.16,151120.73,2017,2
2017-03-01,119.53077315436161,199-D2-11,573328.16,151120.73,2017,3
2017-04-01,119.6132555555552,199-D2-11,573328.16,151120.73,2017,4
2017-05-01,119.72964429530208,199-D2-11,573328.16,151120.73,2017,5
2017-06-01,119.90985000000038,199-D2-11,573328.16,151120.73,2017,6
2017-07-01,119.94538172042984,199-D2-11,573328.16,151120.73,2017,7
2017-08-01,119.78071946308768,199-D2-11,573328.16,151120.73,2017,8
2017-09-01,119.60123055555556,199-D2-11,573328.16,151120.73,2017,9
2017-10-01,119.46083355704715,199-D2-11,573328.16,151120.73,2017,10
2017-11-01,119.31801664355055,199-D2-11,573328.16,151120.73,2017,11
2017-12-01,119.20180241935519,199-D2-11,573328.16,151120.73,2017,12
2018-01-01,119.2220658602154,199-D2-11,573328.16,151120.73,2018,1
2018-02-01,119.18889136904765,199-D2-11,573328.16,151120.73,2018,2
2018-03-01,119.23767651006682,199-D2-11,573328.16,151120.73,2018,3
2018-04-01,119.17221250000057,199-D2-11,573328.16,151120.73,2018,4
2018-05-01,119.32199059139765,199-D2-11,573328.16,151120.73,2018,5
2018-06-01,119.64698055555552,199-D2-11,573328.16,151120.73,2018,6
2018-07-01,119.68681744966464,199-D2-11,573328.16,151120.73,2018,7
2018-08-01,119.55747043010798,199-D2-11,573328.16,151120.73,2018,8
2018-09-01,119.39568194444465,199-D2-11,573328.16,151120.73,2018,9
2018-10-01,119.20348322147608,199-D2-11,573328.16,151120.73,2018,10
2018-11-01,119.07078918169148,199-D2-11,573328.16,151120.73,2018,11
2018-12-01,119.01391935483863,199-D2-11,573328.16,151120.73,2018,12
2019-01-01,118.96688306451537,199-D2-11,573328.16,151120.73,2019,1
2019-02-01,118.90028422619073,199-D2-11,573328.16,151120.73,2019,2
2019-03-01,118.82853217158181,199-D2-11,573328.16,151120.73,2019,3
2019-04-01,118.77283611111123,199-D2-11,573328.16,151120.73,2019,4
2019-05-01,118.80495026881668,199-D2-11,573328.16,151120.73,2019,5
2019-06-01,118.94515000000017,199-D2-11,573328.16,151120.73,2019,6
2019-07-01,119.0200536193028,199-D2-11,573328.16,151120.73,2019,7
2019-08-01,118.99685080645193,199-D2-11,573328.16,151120.73,2019,8
2019-09-01,118.92580972222173,199-D2-11,573328.16,151120.73,2019,9
2019-10-01,118.77772824631806,199-D2-11,573328.16,151120.73,2019,10
2019-11-01,118.74100833333374,199-D2-11,573328.16,151120.73,2019,11
2019-12-01,118.79530645161296,199-D2-11,573328.16,151120.73,2019,12
2020-01-01,118.81022446236665,199-D2-11,573328.16,151120.73,2020,1
2020-02-01,118.82652155172413,199-D2-11,573328.16,151120.73,2020,2
2020-03-01,118.91659597315339,199-D2-11,573328.16,151120.73,2020,3
2020-04-01,118.9475222222219,199-D2-11,573328.16,151120.73,2020,4
2020-05-01,118.98147446236575,199-D2-11,573328.16,151120.73,2020,5
2020-06-01,119.0715375000003,199-D2-11,573328.16,151120.73,2020,6
2020-07-01,119.04247177419337,199-D2-11,573328.16,151120.73,2020,7
2020-08-01,119.06508467741902,199-D2-11,573328.16,151120.73,2020,8
2020-09-01,119.26084722222181,199-D2-11,573328.16,151120.73,2020,9
2020-10-01,119.09032975871331,199-D2-11,573328.16,151120.73,2020,10
2020-11-01,119.02375277777747,199-D2-11,573328.16,151120.73,2020,11
2020-12-01,119.0068924731181,199-D2-11,573328.16,151120.73,2020,12
2021-01-01,118.98981048387037,199-D2-11,573328.16,151120.73,2021,1
2021-02-01,119.07455803571416,199-D2-11,573328.16,151120.73,2021,2
2021-03-01,119.05350738255025,199-D2-11,573328.16,151120.73,2021,3
2021-04-01,118.96709305555574,199-D2-11,573328.16,151120.73,2021,4
2021-05-01,118.97562500000024,199-D2-11,573328.16,151120.73,2021,5
2021-06-01,119.01343472222167,199-D2-11,573328.16,151120.73,2021,6
2021-07-01,118.99245100671175,199-D2-11,573328.16,151120.73,2021,7
2021-08-01,118.9133212365588,199-D2-11,573328.16,151120.73,2021,8
2021-09-01,118.8257239944526,199-D2-11,573328.16,151120.73,2021,9
2021-10-01,118.79687382550348,199-D2-11,573328.16,151120.73,2021,10
2021-11-01,118.79862690707327,199-D2-11,573328.16,151120.73,2021,11
2021-12-01,118.84664919354864,199-D2-11,573328.16,151120.73,2021,12
2022-01-01,119.06679032258097,199-D2-11,573328.16,151120.73,2022,1
2022-02-01,119.10323328380375,199-D2-11,573328.16,151120.73,2022,2
2022-03-01,119.15510872483267,199-D2-11,573328.16,151120.73,2022,3
2022-04-01,119.16411805555595,199-D2-11,573328.16,151120.73,2022,4
2022-05-01,119.05283940620735,199-D2-11,573328.16,151120.73,2022,5
2022-06-01,119.13909027777774,199-D2-11,573328.16,151120.73,2022,6
2022-07-01,119.35521555252393,199-D2-11,573328.16,151120.73,2022,7
2022-08-01,119.43641263440837,199-D2-11,573328.16,151120.73,2022,8
2022-09-01,119.3075888888891,199-D2-11,573328.16,151120.73,2022,9
2022-10-01,119.11107382550344,199-D2-11,573328.16,151120.73,2022,10
2022-11-01,119.05409570041554,199-D2-11,573328.16,151120.73,2022,11
2022-12-01,119.02120161290331,199-D2-11,573328.16,151120.73,2022,12
2023-01-01,119.0034852150543,199-D2-11,573328.16,151120.73,2023,1
2023-02-01,118.87686924219872,199-D2-11,573328.16,151120.73,2023,2
2023-03-01,118.87667516778487,199-D2-11,573328.16,151120.73,2023,3
2023-04-01,118.56841652670383,199-D2-11,573328.16,151120.73,2023,4
2023-05-01,118.27320007744551,199-D2-11,573328.16,151120.73,2023,5
2023-06-01,118.33092270393544,199-D2-11,573328.16,151120.73,2023,6
2023-07-01,118.26830402734204,199-D2-11,573328.16,151120.73,2023,7
2023-08-01,118.20856813495449,199-D2-11,573328.16,151120.73,2023,8
2023-09-01,118.15221843719533,199-D2-11,573328.16,151120.73,2023,9
2023-10-01,118.042744154993,199-D2-11,573328.16,151120.73,2023,10
2023-11-01,117.95402188013193,199-D2-11,573328.16,151120.73,2023,11
2023-12-01,117.927826478494,199-D2-11,573328.16,151120.73,2023,12
2024-01-01,117.91915000000013,199-D2-11,573328.16,151120.73,2024,1
2014-01-01,118.96133333333334,199-D5-106,573503.74,151597.97,2014,1
2014-02-01,118.484,199-D5-106,573503.74,151597.97,2014,2
2014-03-01,118.72625,199-D5-106,573503.74,151597.97,2014,3
2014-04-01,119.01499999999999,199-D5-106,573503.74,151597.97,2014,4
2014-05-01,119.1505,199-D5-106,573503.74,151597.97,2014,5
2014-06-01,119.22699999999999,199-D5-106,573503.74,151597.97,2014,6
2014-07-01,119.31033333333335,199-D5-106,573503.74,151597.97,2014,7
2014-08-01,119.34233333333334,199-D5-106,573503.74,151597.97,2014,8
2014-09-01,119.15549458483747,199-D5-106,573503.74,151597.97,2014,9
2014-10-01,119.16971045576386,199-D5-106,573503.74,151597.97,2014,10
2014-11-01,119.24859110473434,199-D5-106,573503.74,151597.97,2014,11
2014-12-01,119.21034274193512,199-D5-106,573503.74,151597.97,2014,12
2015-01-01,119.24899463087245,199-D5-106,573503.74,151597.97,2015,1
2015-02-01,119.30468322981353,199-D5-106,573503.74,151597.97,2015,2
2015-03-01,119.3730817694367,199-D5-106,573503.74,151597.97,2015,3
2015-04-01,119.40247222222152,199-D5-106,573503.74,151597.97,2015,4
2015-05-01,119.39776778523486,199-D5-106,573503.74,151597.97,2015,5
2015-06-01,119.31685138888926,199-D5-106,573503.74,151597.97,2015,6
2015-07-01,119.31300403225842,199-D5-106,573503.74,151597.97,2015,7
2015-08-01,119.25612617449613,199-D5-106,573503.74,151597.97,2015,8
2015-09-01,119.21475,199-D5-106,573503.74,151597.97,2015,9
2015-10-01,119.13217741935514,199-D5-106,573503.74,151597.97,2015,10
2015-11-01,119.0228388888888,199-D5-106,573503.74,151597.97,2015,11
2015-12-01,118.99711559139787,199-D5-106,573503.74,151597.97,2015,12
2016-01-01,118.98679166666649,199-D5-106,573503.74,151597.97,2016,1
2016-02-01,119.01406321839063,199-D5-106,573503.74,151597.97,2016,2
2016-03-01,119.09322147651038,199-D5-106,573503.74,151597.97,2016,3
2016-04-01,119.05677500000014,199-D5-106,573503.74,151597.97,2016,4
2016-05-01,119.25938709677413,199-D5-106,573503.74,151597.97,2016,5
2016-06-01,119.3402722222223,199-D5-106,573503.74,151597.97,2016,6
2016-07-01,119.32543548387089,199-D5-106,573503.74,151597.97,2016,7
2016-08-01,119.30466263440819,199-D5-106,573503.74,151597.97,2016,8
2016-09-01,119.21778194444454,199-D5-106,573503.74,151597.97,2016,9
2016-10-01,119.00202419354824,199-D5-106,573503.74,151597.97,2016,10
2016-11-01,119.02237777777769,199-D5-106,573503.74,151597.97,2016,11
2016-12-01,119.14495430107517,199-D5-106,573503.74,151597.97,2016,12
2017-01-01,119.23418573351273,199-D5-106,573503.74,151597.97,2017,1
2017-02-01,119.31048214285734,199-D5-106,573503.74,151597.97,2017,2
2017-03-01,119.35968413978489,199-D5-106,573503.74,151597.97,2017,3
2017-04-01,119.47290833333348,199-D5-106,573503.74,151597.97,2017,4
2017-05-01,119.5618000000005,199-D5-106,573503.74,151597.97,2017,5
2017-06-01,119.74968750000005,199-D5-106,573503.74,151597.97,2017,6
2017-07-01,119.8756962365593,199-D5-106,573503.74,151597.97,2017,7
2017-08-01,119.74473825503344,199-D5-106,573503.74,151597.97,2017,8
2017-09-01,119.5048694444442,199-D5-106,573503.74,151597.97,2017,9
2017-10-01,119.35447114093937,199-D5-106,573503.74,151597.97,2017,10
2017-11-01,119.24186527777785,199-D5-106,573503.74,151597.97,2017,11
2017-12-01,119.23999061913715,199-D5-106,573503.74,151597.97,2017,12
2018-01-01,119.19279973118255,199-D5-106,573503.74,151597.97,2018,1
2018-02-01,119.26530654761949,199-D5-106,573503.74,151597.97,2018,2
2018-03-01,119.34731812080514,199-D5-106,573503.74,151597.97,2018,3
2018-04-01,119.33963611111122,199-D5-106,573503.74,151597.97,2018,4
2018-05-01,119.45673790322581,199-D5-106,573503.74,151597.97,2018,5
2018-06-01,119.62015138888859,199-D5-106,573503.74,151597.97,2018,6
2018-07-01,119.65964966442984,199-D5-106,573503.74,151597.97,2018,7
2018-08-01,119.53225000000045,199-D5-106,573503.74,151597.97,2018,8
2018-09-01,119.34801944444439,199-D5-106,573503.74,151597.97,2018,9
2018-10-01,119.0526322147653,199-D5-106,573503.74,151597.97,2018,10
2018-11-01,118.86630810810827,199-D5-106,573503.74,151597.97,2018,11
2018-12-01,118.78570037453206,199-D5-106,573503.74,151597.97,2018,12
2019-01-01,118.72434530938101,199-D5-106,573503.74,151597.97,2019,1
2019-02-01,118.64139045936406,199-D5-106,573503.74,151597.97,2019,2
2019-03-01,118.56177077747965,199-D5-106,573503.74,151597.97,2019,3
2019-04-01,118.55041527777794,199-D5-106,573503.74,151597.97,2019,4
2019-05-01,118.61536155913983,199-D5-106,573503.74,151597.97,2019,5
2019-06-01,118.75533888888899,199-D5-106,573503.74,151597.97,2019,6
2019-07-01,118.79476809651486,199-D5-106,573503.74,151597.97,2019,7
2019-08-01,118.73908736559174,199-D5-106,573503.74,151597.97,2019,8
2019-09-01,118.6628047752809,199-D5-106,573503.74,151597.97,2019,9
2019-10-01,118.5341843478262,199-D5-106,573503.74,151597.97,2019,10
2019-11-01,118.52108295964123,199-D5-106,573503.74,151597.97,2019,11
2019-12-01,118.57473232323237,199-D5-106,573503.74,151597.97,2019,12
2020-01-01,118.57322336065552,199-D5-106,573503.74,151597.97,2020,1
2020-02-01,118.58704318936893,199-D5-106,573503.74,151597.97,2020,2
2020-03-01,118.67941879194635,199-D5-106,573503.74,151597.97,2020,3
2020-04-01,118.77271805555523,199-D5-106,573503.74,151597.97,2020,4
2020-05-01,118.83576344086043,199-D5-106,573503.74,151597.97,2020,5
2020-06-01,118.85592500000024,199-D5-106,573503.74,151597.97,2020,6
2020-07-01,118.8509637096775,199-D5-106,573503.74,151597.97,2020,7
2020-08-01,118.79920297951571,199-D5-106,573503.74,151597.97,2020,8
2020-09-01,119.07463370786502,199-D5-106,573503.74,151597.97,2020,9
2020-10-01,118.89166592920351,199-D5-106,573503.74,151597.97,2020,10
2020-11-01,118.84448883374692,199-D5-106,573503.74,151597.97,2020,11
2020-12-01,118.81649848024327,199-D5-106,573503.74,151597.97,2020,12
2021-01-01,118.75482185273154,199-D5-106,573503.74,151597.97,2021,1
2021-02-01,118.7696792079207,199-D5-106,573503.74,151597.97,2021,2
2021-03-01,118.71611824817512,199-D5-106,573503.74,151597.97,2021,3
2021-04-01,118.64302033271719,199-D5-106,573503.74,151597.97,2021,4
2021-05-01,118.626843621399,199-D5-106,573503.74,151597.97,2021,5
2021-06-01,118.64877458033573,199-D5-106,573503.74,151597.97,2021,6
2021-07-01,118.64680760095018,199-D5-106,573503.74,151597.97,2021,7
2021-08-01,118.54032790697683,199-D5-106,573503.74,151597.97,2021,8
2021-09-01,118.44008388157901,199-D5-106,573503.74,151597.97,2021,9
2021-10-01,118.43133020134242,199-D5-106,573503.74,151597.97,2021,10
2021-11-01,118.45644722222231,199-D5-106,573503.74,151597.97,2021,11
2021-12-01,118.4476008064518,199-D5-106,573503.74,151597.97,2021,12
2022-01-01,118.61411424731185,199-D5-106,573503.74,151597.97,2022,1
2022-02-01,118.65263447251114,199-D5-106,573503.74,151597.97,2022,2
2022-03-01,118.73362684563763,199-D5-106,573503.74,151597.97,2022,3
2022-04-01,118.7732374999999,199-D5-106,573503.74,151597.97,2022,4
2022-05-01,118.6569516129035,199-D5-106,573503.74,151597.97,2022,5
2022-06-01,118.75667083333313,199-D5-106,573503.74,151597.97,2022,6
2022-07-01,118.94933333333292,199-D5-106,573503.74,151597.97,2022,7
2022-08-01,119.07833333333402,199-D5-106,573503.74,151597.97,2022,8
2022-09-01,118.98319444444418,199-D5-106,573503.74,151597.97,2022,9
2022-10-01,118.82889664429531,199-D5-106,573503.74,151597.97,2022,10
2022-11-01,118.73217475728146,199-D5-106,573503.74,151597.97,2022,11
2022-12-01,118.74907526881736,199-D5-106,573503.74,151597.97,2022,12
2023-01-01,118.6768346774194,199-D5-106,573503.74,151597.97,2023,1
2023-02-01,118.64171025260057,199-D5-106,573503.74,151597.97,2023,2
2023-03-01,118.60502550335569,199-D5-106,573503.74,151597.97,2023,3
2023-04-01,118.35678711770215,199-D5-106,573503.74,151597.97,2023,4
2023-05-01,118.03659255271432,199-D5-106,573503.74,151597.97,2023,5
2023-06-01,117.94540009995505,199-D5-106,573503.74,151597.97,2023,6
2023-07-01,117.88940981182904,199-D5-106,573503.74,151597.97,2023,7
2023-08-01,117.83169455279226,199-D5-106,573503.74,151597.97,2023,8
2023-09-01,117.7762347463535,199-D5-106,573503.74,151597.97,2023,9
2023-10-01,117.69118910678114,199-D5-106,573503.74,151597.97,2023,10
2023-11-01,117.6218238030105,199-D5-106,573503.74,151597.97,2023,11
2023-12-01,117.57749758064492,199-D5-106,573503.74,151597.97,2023,12
2024-01-01,117.55420955056196,199-D5-106,573503.74,151597.97,2024,1
2014-01-01,119.074,199-D5-133,573731.55,151497.37,2014,1
2014-02-01,118.616,199-D5-133,573731.55,151497.37,2014,2
2014-03-01,119.082,199-D5-133,573731.55,151497.37,2014,3
2014-04-01,119.32333333333334,199-D5-133,573731.55,151497.37,2014,4
2014-05-01,119.427,199-D5-133,573731.55,151497.37,2014,5
2014-06-01,119.4915,199-D5-133,573731.55,151497.37,2014,6
2014-07-01,119.553,199-D5-133,573731.55,151497.37,2014,7
2014-08-01,119.58950000000002,199-D5-133,573731.55,151497.37,2014,8
2014-09-01,119.363,199-D5-133,573731.55,151497.37,2014,9
2014-10-01,119.4,199-D5-133,573731.55,151497.37,2014,10
2014-11-01,119.59,199-D5-133,573731.55,151497.37,2014,11
2014-12-01,119.4735,199-D5-133,573731.55,151497.37,2014,12
2015-01-01,119.60799999999999,199-D5-133,573731.55,151497.37,2015,1
2015-02-01,119.67588554216886,199-D5-133,573731.55,151497.37,2015,2
2015-03-01,119.73794496644305,199-D5-133,573731.55,151497.37,2015,3
2015-04-01,119.75959002770077,199-D5-133,573731.55,151497.37,2015,4
2015-05-01,119.75279865771827,199-D5-133,573731.55,151497.37,2015,5
2015-06-01,119.6442413314842,199-D5-133,573731.55,151497.37,2015,6
2015-07-01,119.67117046979867,199-D5-133,573731.55,151497.37,2015,7
2015-08-01,119.62111528150169,199-D5-133,573731.55,151497.37,2015,8
2015-09-01,119.59621775312019,199-D5-133,573731.55,151497.37,2015,9
2015-10-01,119.51735838926207,199-D5-133,573731.55,151497.37,2015,10
2015-11-01,119.39580193905823,199-D5-133,573731.55,151497.37,2015,11
2015-12-01,119.38378523489915,199-D5-133,573731.55,151497.37,2015,12
2016-01-01,119.31970604026824,199-D5-133,573731.55,151497.37,2016,1
2016-02-01,119.35564326647567,199-D5-133,573731.55,151497.37,2016,2
2016-03-01,119.46030469798684,199-D5-133,573731.55,151497.37,2016,3
2016-04-01,119.38173268698006,199-D5-133,573731.55,151497.37,2016,4
2016-05-01,119.63116487935626,199-D5-133,573731.55,151497.37,2016,5
2016-06-01,119.72172538141487,199-D5-133,573731.55,151497.37,2016,6
2016-07-01,119.67627248322152,199-D5-133,573731.55,151497.37,2016,7
2016-08-01,119.65697449664427,199-D5-133,573731.55,151497.37,2016,8
2016-09-01,119.54080998613051,199-D5-133,573731.55,151497.37,2016,9
2016-10-01,119.28512348993283,199-D5-133,573731.55,151497.37,2016,10
2016-11-01,119.3584049930653,199-D5-133,573731.55,151497.37,2016,11
2016-12-01,119.51308042895401,199-D5-133,573731.55,151497.37,2016,12
2017-01-01,119.59039944521513,199-D5-133,573731.55,151497.37,2017,1
2017-02-01,119.69760237388749,199-D5-133,573731.55,151497.37,2017,2
2017-03-01,119.74550067114053,199-D5-133,573731.55,151497.37,2017,3
2017-04-01,119.86160887656044,199-D5-133,573731.55,151497.37,2017,4
2017-05-01,119.894749665328,199-D5-133,573731.55,151497.37,2017,5
2017-06-01,120.03295839112344,199-D5-133,573731.55,151497.37,2017,6
2017-07-01,120.16033959731537,199-D5-133,573731.55,151497.37,2017,7
2017-08-01,120.01207651006729,199-D5-133,573731.55,151497.37,2017,8
2017-09-01,119.73972954230307,199-D5-133,573731.55,151497.37,2017,9
2017-10-01,119.62987516778605,199-D5-133,573731.55,151497.37,2017,10
2017-11-01,119.5215276923077,199-D5-133,573731.55,151497.37,2017,11
2017-12-01,119.56369892473123,199-D5-133,573731.55,151497.37,2017,12
2018-01-01,119.50441772151922,199-D5-133,573731.55,151497.37,2018,1
2018-02-01,119.59325816485224,199-D5-133,573731.55,151497.37,2018,2
2018-03-01,119.67060435571679,199-D5-133,573731.55,151497.37,2018,3
2018-04-01,119.63750626959242,199-D5-133,573731.55,151497.37,2018,4
2018-05-01,119.79865503355751,199-D5-133,573731.55,151497.37,2018,5
2018-06-01,119.94025694444453,199-D5-133,573731.55,151497.37,2018,6
2018-07-01,119.96315167785247,199-D5-133,573731.55,151497.37,2018,7
2018-08-01,119.8276210045664,199-D5-133,573731.55,151497.37,2018,8
2018-09-01,119.63522302158259,199-D5-133,573731.55,151497.37,2018,9
2018-10-01,119.39740000000015,199-D5-133,573731.55,151497.37,2018,10
2018-11-01,119.21803174603183,199-D5-133,573731.55,151497.37,2018,11
2018-12-01,119.14818010752647,199-D5-133,573731.55,151497.37,2018,12
2019-01-01,119.09259139784965,199-D5-133,573731.55,151497.37,2019,1
2019-02-01,119.0008127786031,199-D5-133,573731.55,151497.37,2019,2
2019-03-01,118.90933914209081,199-D5-133,573731.55,151497.37,2019,3
2019-04-01,118.88982916666637,199-D5-133,573731.55,151497.37,2019,4
2019-05-01,118.98088590604047,199-D5-133,573731.55,151497.37,2019,5
2019-06-01,119.12676388888889,199-D5-133,573731.55,151497.37,2019,6
2019-07-01,119.1912319034851,199-D5-133,573731.55,151497.37,2019,7
2019-08-01,119.1388602150536,199-D5-133,573731.55,151497.37,2019,8
2019-09-01,119.04369166666659,199-D5-133,573731.55,151497.37,2019,9
2019-10-01,118.91295710455708,199-D5-133,573731.55,151497.37,2019,10
2019-11-01,118.94164355062343,199-D5-133,573731.55,151497.37,2019,11
2019-12-01,119.01010215053793,199-D5-133,573731.55,151497.37,2019,12
2020-01-01,119.01591397849415,199-D5-133,573731.55,151497.37,2020,1
2020-02-01,118.98855236728862,199-D5-133,573731.55,151497.37,2020,2
2020-03-01,119.09138120805376,199-D5-133,573731.55,151497.37,2020,3
2020-04-01,119.18077638888869,199-D5-133,573731.55,151497.37,2020,4
2020-05-01,119.21825403225803,199-D5-133,573731.55,151497.37,2020,5
2020-06-01,119.26929166666663,199-D5-133,573731.55,151497.37,2020,6
2020-07-01,119.01451747311825,199-D5-133,573731.55,151497.37,2020,7
2020-08-01,119.038241935484,199-D5-133,573731.55,151497.37,2020,8
2020-09-01,119.45162638888854,199-D5-133,573731.55,151497.37,2020,9
2020-10-01,119.22571140939644,199-D5-133,573731.55,151497.37,2020,10
2020-11-01,119.21349791955643,199-D5-133,573731.55,151497.37,2020,11
2020-12-01,119.17125134408604,199-D5-133,573731.55,151497.37,2020,12
2021-01-01,119.0761599462363,199-D5-133,573731.55,151497.37,2021,1
2021-02-01,119.13231649331333,199-D5-133,573731.55,151497.37,2021,2
2021-03-01,119.05294765100633,199-D5-133,573731.55,151497.37,2021,3
2021-04-01,118.96038055555582,199-D5-133,573731.55,151497.37,2021,4
2021-05-01,118.96123355704773,199-D5-133,573731.55,151497.37,2021,5
2021-06-01,118.95838888888845,199-D5-133,573731.55,151497.37,2021,6
2021-07-01,118.89660805369118,199-D5-133,573731.55,151497.37,2021,7
2021-08-01,118.79396908602176,199-D5-133,573731.55,151497.37,2021,8
2021-09-01,118.70135228848825,199-D5-133,573731.55,151497.37,2021,9
2021-10-01,118.72975973154377,199-D5-133,573731.55,151497.37,2021,10
2021-11-01,118.78600559440575,199-D5-133,573731.55,151497.37,2021,11
2021-12-01,118.7663830645156,199-D5-133,573731.55,151497.37,2021,12
2022-01-01,118.95953598774896,199-D5-133,573731.55,151497.37,2022,1
2022-02-01,118.96578751857365,199-D5-133,573731.55,151497.37,2022,2
2022-03-01,119.05637583892617,199-D5-133,573731.55,151497.37,2022,3
2022-04-01,119.08198129496388,199-D5-133,573731.55,151497.37,2022,4
2022-05-01,118.94124731182788,199-D5-133,573731.55,151497.37,2022,5
2022-06-01,119.05070555555574,199-D5-133,573731.55,151497.37,2022,6
2022-07-01,119.22936625514372,199-D5-133,573731.55,151497.37,2022,7
2022-08-01,119.36232123655948,199-D5-133,573731.55,151497.37,2022,8
2022-09-01,119.2495416666664,199-D5-133,573731.55,151497.37,2022,9
2022-10-01,119.09068322147634,199-D5-133,573731.55,151497.37,2022,10
2022-11-01,119.02931855955646,199-D5-133,573731.55,151497.37,2022,11
2022-12-01,119.05145746164591,199-D5-133,573731.55,151497.37,2022,12
2023-01-01,118.96626344086039,199-D5-133,573731.55,151497.37,2023,1
2023-02-01,118.93802823179767,199-D5-133,573731.55,151497.37,2023,2
2023-03-01,118.93956375838948,199-D5-133,573731.55,151497.37,2023,3
2023-04-01,118.52892919944466,199-D5-133,573731.55,151497.37,2023,4
2023-05-01,118.11380429914975,199-D5-133,573731.55,151497.37,2023,5
2023-06-01,118.02272497966413,199-D5-133,573731.55,151497.37,2023,6
2023-07-01,117.98725239702867,199-D5-133,573731.55,151497.37,2023,7
2023-08-01,117.93146044324862,199-D5-133,573731.55,151497.37,2023,8
2023-09-01,117.87786467730606,199-D5-133,573731.55,151497.37,2023,9
2023-10-01,117.80537147382411,199-D5-133,573731.55,151497.37,2023,10
2023-11-01,117.74147298772249,199-D5-133,573731.55,151497.37,2023,11
2023-12-01,117.70135870967741,199-D5-133,573731.55,151497.37,2023,12
2024-01-01,117.6688,199-D5-133,573731.55,151497.37,2024,1
2016-10-01,119.01299999999999,199-D5-160,573517.16,151429.17,2016,10
2017-02-01,119.274,199-D5-160,573517.16,151429.17,2017,2
2017-03-01,119.35900000000001,199-D5-160,573517.16,151429.17,2017,3
2017-04-01,119.415,199-D5-160,573517.16,151429.17,2017,4
2017-05-01,119.531,199-D5-160,573517.16,151429.17,2017,5
2017-06-01,119.684,199-D5-160,573517.16,151429.17,2017,6
2017-07-01,119.84100000000001,199-D5-160,573517.16,151429.17,2017,7
2017-08-01,120.40100000000001,199-D5-160,573517.16,151429.17,2017,8
2017-09-01,119.381,199-D5-160,573517.16,151429.17,2017,9
2017-10-01,119.34700000000001,199-D5-160,573517.16,151429.17,2017,10
2017-11-01,119.22399999999999,199-D5-160,573517.16,151429.17,2017,11
2017-12-01,118.90799999999999,199-D5-160,573517.16,151429.17,2017,12
2018-01-01,119.133,199-D5-160,573517.16,151429.17,2018,1
2018-02-01,119.178,199-D5-160,573517.16,151429.17,2018,2
2018-03-01,119.27600000000001,199-D5-160,573517.16,151429.17,2018,3
2018-04-01,119.219,199-D5-160,573517.16,151429.17,2018,4
2018-05-01,119.35799999999999,199-D5-160,573517.16,151429.17,2018,5
2018-06-01,119.641,199-D5-160,573517.16,151429.17,2018,6
2018-07-01,119.60799999999999,199-D5-160,573517.16,151429.17,2018,7
2018-08-01,119.506,199-D5-160,573517.16,151429.17,2018,8
2018-09-01,119.05799999999999,199-D5-160,573517.16,151429.17,2018,9
2018-11-01,118.609,199-D5-160,573517.16,151429.17,2018,11
2019-03-01,118.32063055062162,199-D5-160,573517.16,151429.17,2019,3
2019-04-01,118.30243888888874,199-D5-160,573517.16,151429.17,2019,4
2019-05-01,118.31872214765127,199-D5-160,573517.16,151429.17,2019,5
2019-06-01,118.44514583333343,199-D5-160,573517.16,151429.17,2019,6
2019-07-01,118.51033691275143,199-D5-160,573517.16,151429.17,2019,7
2019-08-01,118.48374059139812,199-D5-160,573517.16,151429.17,2019,8
2019-09-01,118.41759722222238,199-D5-160,573517.16,151429.17,2019,9
2019-10-01,118.29444758064527,199-D5-160,573517.16,151429.17,2019,10
2019-11-01,118.25854861111111,199-D5-160,573517.16,151429.17,2019,11
2019-12-01,118.31588037634408,199-D5-160,573517.16,151429.17,2019,12
2020-01-01,118.32657526881712,199-D5-160,573517.16,151429.17,2020,1
2020-02-01,118.35980316092008,199-D5-160,573517.16,151429.17,2020,2
2020-03-01,118.47400806451604,199-D5-160,573517.16,151429.17,2020,3
2020-04-01,118.59843333333365,199-D5-160,573517.16,151429.17,2020,4
2020-05-01,118.66308333333289,199-D5-160,573517.16,151429.17,2020,5
2020-06-01,118.69877500000028,199-D5-160,573517.16,151429.17,2020,6
2020-07-01,118.91133198924759,199-D5-160,573517.16,151429.17,2020,7
2020-08-01,118.74612768817195,199-D5-160,573517.16,151429.17,2020,8
2020-09-01,118.84433472222253,199-D5-160,573517.16,151429.17,2020,9
2020-10-01,118.74163172043,199-D5-160,573517.16,151429.17,2020,10
2020-11-01,118.69082524271842,199-D5-160,573517.16,151429.17,2020,11
2020-12-01,118.68350806451595,199-D5-160,573517.16,151429.17,2020,12
2021-01-01,118.65329166666669,199-D5-160,573517.16,151429.17,2021,1
2021-02-01,118.61523214285751,199-D5-160,573517.16,151429.17,2021,2
2021-03-01,118.59927956989267,199-D5-160,573517.16,151429.17,2021,3
2021-04-01,118.57962413314868,199-D5-160,573517.16,151429.17,2021,4
2021-05-01,118.50847902571024,199-D5-160,573517.16,151429.17,2021,5
2021-06-01,118.55771527777759,199-D5-160,573517.16,151429.17,2021,6
2021-07-01,118.56873252688155,199-D5-160,573517.16,151429.17,2021,7
2021-08-01,118.43447446236576,199-D5-160,573517.16,151429.17,2021,8
2021-09-01,118.29552427184507,199-D5-160,573517.16,151429.17,2021,9
2021-10-01,118.26521774193498,199-D5-160,573517.16,151429.17,2021,10
2021-11-01,118.27997780859937,199-D5-160,573517.16,151429.17,2021,11
2021-12-01,118.28066666666675,199-D5-160,573517.16,151429.17,2021,12
2022-01-01,118.45205510752702,199-D5-160,573517.16,151429.17,2022,1
2022-02-01,118.51736701337289,199-D5-160,573517.16,151429.17,2022,2
2022-03-01,118.60293279569937,199-D5-160,573517.16,151429.17,2022,3
2022-04-01,118.67536388888932,199-D5-160,573517.16,151429.17,2022,4
2022-05-01,118.60937231182835,199-D5-160,573517.16,151429.17,2022,5
2022-06-01,118.69526805555564,199-D5-160,573517.16,151429.17,2022,6
2022-07-01,118.8497185792347,199-D5-160,573517.16,151429.17,2022,7
2022-08-01,118.97136155914062,199-D5-160,573517.16,151429.17,2022,8
2022-09-01,118.90802499999985,199-D5-160,573517.16,151429.17,2022,9
2022-10-01,118.78817069892418,199-D5-160,573517.16,151429.17,2022,10
2022-11-01,118.72005138888927,199-D5-160,573517.16,151429.17,2022,11
2022-12-01,118.75727150537708,199-D5-160,573517.16,151429.17,2022,12
2023-01-01,118.69486021505413,199-D5-160,573517.16,151429.17,2023,1
2023-02-01,118.66835809806763,199-D5-160,573517.16,151429.17,2023,2
2023-03-01,118.70573544973557,199-D5-160,573517.16,151429.17,2023,3
2023-04-01,118.42730136986312,199-D5-160,573517.16,151429.17,2023,4
2023-05-01,118.21921035076566,199-D5-160,573517.16,151429.17,2023,5
2023-06-01,118.11154032664768,199-D5-160,573517.16,151429.17,2023,6
2023-07-01,118.0592289724852,199-D5-160,573517.16,151429.17,2023,7
2023-08-01,118.00435076229068,199-D5-160,573517.16,151429.17,2023,8
2023-09-01,117.89343408929898,199-D5-160,573517.16,151429.17,2023,9
2023-10-01,117.81481349440544,199-D5-160,573517.16,151429.17,2023,10
2023-11-01,117.761471956023,199-D5-160,573517.16,151429.17,2023,11
2023-12-01,117.74458280060927,199-D5-160,573517.16,151429.17,2023,12
2024-01-01,117.69643256835283,199-D5-160,573517.16,151429.17,2024,1
2014-01-01,119.10733333333333,199-D5-17,573730.52,151322.83,2014,1
2014-03-01,118.82600000000001,199-D5-17,573730.52,151322.83,2014,3
2014-04-01,119.08666666666666,199-D5-17,573730.52,151322.83,2014,4
2014-05-01,119.189,199-D5-17,573730.52,151322.83,2014,5
2014-06-01,119.23833333333334,199-D5-17,573730.52,151322.83,2014,6
2014-07-01,119.356,199-D5-17,573730.52,151322.83,2014,7
2014-08-01,119.42949999999999,199-D5-17,573730.52,151322.83,2014,8
2014-09-01,119.34,199-D5-17,573730.52,151322.83,2014,9
2014-10-01,119.29299999999999,199-D5-17,573730.52,151322.83,2014,10
2014-12-01,119.28685653104915,199-D5-17,573730.52,151322.83,2014,12
2015-01-01,119.32191904047934,199-D5-17,573730.52,151322.83,2015,1
2015-02-01,119.40216607773857,199-D5-17,573730.52,151322.83,2015,2
2015-03-01,119.4858201342279,199-D5-17,573730.52,151322.83,2015,3
2015-04-01,119.51736703601117,199-D5-17,573730.52,151322.83,2015,4
2015-05-01,119.52495295698992,199-D5-17,573730.52,151322.83,2015,5
2015-06-01,119.45743689320413,199-D5-17,573730.52,151322.83,2015,6
2015-07-01,119.45370295698949,199-D5-17,573730.52,151322.83,2015,7
2015-08-01,119.4124596774198,199-D5-17,573730.52,151322.83,2015,8
2015-09-01,119.38176282940319,199-D5-17,573730.52,151322.83,2015,9
2015-10-01,119.31735302013367,199-D5-17,573730.52,151322.83,2015,10
2015-11-01,119.22309027777722,199-D5-17,573730.52,151322.83,2015,11
2015-12-01,119.19547651006708,199-D5-17,573730.52,151322.83,2015,12
2016-01-01,119.17643548387127,199-D5-17,573730.52,151322.83,2016,1
2016-02-01,119.20400718390772,199-D5-17,573730.52,151322.83,2016,2
2016-03-01,119.28163624161022,199-D5-17,573730.52,151322.83,2016,3
2016-04-01,119.2477708333335,199-D5-17,573730.52,151322.83,2016,4
2016-05-01,119.40854301075231,199-D5-17,573730.52,151322.83,2016,5
2016-06-01,119.52394868238603,199-D5-17,573730.52,151322.83,2016,6
2016-07-01,119.52276344086086,199-D5-17,573730.52,151322.83,2016,7
2016-08-01,119.51506989247382,199-D5-17,573730.52,151322.83,2016,8
2016-09-01,119.45987239944485,199-D5-17,573730.52,151322.83,2016,9
2016-10-01,119.27550469798639,199-D5-17,573730.52,151322.83,2016,10
2016-11-01,119.265641666667,199-D5-17,573730.52,151322.83,2016,11
2016-12-01,119.37400134408645,199-D5-17,573730.52,151322.83,2016,12
2017-01-01,119.43008736559148,199-D5-17,573730.52,151322.83,2017,1
2017-02-01,119.50336160714316,199-D5-17,573730.52,151322.83,2017,2
2017-03-01,119.55919489247331,199-D5-17,573730.52,151322.83,2017,3
2017-04-01,119.641538888889,199-D5-17,573730.52,151322.83,2017,4
2017-05-01,119.70781744966447,199-D5-17,573730.52,151322.83,2017,5
2017-06-01,119.82915395284304,199-D5-17,573730.52,151322.83,2017,6
2017-07-01,119.96743413978504,199-D5-17,573730.52,151322.83,2017,7
2017-08-01,119.87750469798681,199-D5-17,573730.52,151322.83,2017,8
2017-09-01,119.67730651872384,199-D5-17,573730.52,151322.83,2017,9
2017-10-01,119.54755107526918,199-D5-17,573730.52,151322.83,2017,10
2017-11-01,119.44572777777763,199-D5-17,573730.52,151322.83,2017,11
2017-12-01,119.40279999999996,199-D5-17,573730.52,151322.83,2017,12
2018-01-01,119.37777956989252,199-D5-17,573730.52,151322.83,2018,1
2018-02-01,119.41251339285724,199-D5-17,573730.52,151322.83,2018,2
2018-03-01,119.48640671140893,199-D5-17,573730.52,151322.83,2018,3
2018-04-01,119.45675277777742,199-D5-17,573730.52,151322.83,2018,4
2018-05-01,119.56009543010752,199-D5-17,573730.52,151322.83,2018,5
2018-06-01,119.71764027777768,199-D5-17,573730.52,151322.83,2018,6
2018-07-01,119.81004026845646,199-D5-17,573730.52,151322.83,2018,7
2018-08-01,119.71938844086063,199-D5-17,573730.52,151322.83,2018,8
2018-09-01,119.58260138888885,199-D5-17,573730.52,151322.83,2018,9
2018-10-01,119.35702278820403,199-D5-17,573730.52,151322.83,2018,10
2018-11-01,119.19670041608819,199-D5-17,573730.52,151322.83,2018,11
2018-12-01,119.11356451612914,199-D5-17,573730.52,151322.83,2018,12
2019-01-01,119.0532903225805,199-D5-17,573730.52,151322.83,2019,1
2019-02-01,118.97870982142888,199-D5-17,573730.52,151322.83,2019,2
2019-03-01,118.88798123324362,199-D5-17,573730.52,151322.83,2019,3
2019-04-01,118.85461111111086,199-D5-17,573730.52,151322.83,2019,4
2019-05-01,118.89257526881778,199-D5-17,573730.52,151322.83,2019,5
2019-06-01,119.00056111111122,199-D5-17,573730.52,151322.83,2019,6
2019-07-01,119.07745040214546,199-D5-17,573730.52,151322.83,2019,7
2019-08-01,119.05957661290303,199-D5-17,573730.52,151322.83,2019,8
2019-09-01,118.98926250000028,199-D5-17,573730.52,151322.83,2019,9
2019-10-01,118.86700000000064,199-D5-17,573730.52,151322.83,2019,10
2019-11-01,118.84481111111096,199-D5-17,573730.52,151322.83,2019,11
2019-12-01,118.88340247678036,199-D5-17,573730.52,151322.83,2019,12
2020-01-01,118.89627440633228,199-D5-17,573730.52,151322.83,2020,1
2020-02-01,118.89665229885075,199-D5-17,573730.52,151322.83,2020,2
2020-03-01,118.97211543624145,199-D5-17,573730.52,151322.83,2020,3
2020-04-01,119.06182916666664,199-D5-17,573730.52,151322.83,2020,4
2020-05-01,119.100962365591,199-D5-17,573730.52,151322.83,2020,5
2020-06-01,119.07975416666667,199-D5-17,573730.52,151322.83,2020,6
2020-07-01,119.03521102150546,199-D5-17,573730.52,151322.83,2020,7
2020-08-01,118.94686021505395,199-D5-17,573730.52,151322.83,2020,8
2020-09-01,119.30307361111116,199-D5-17,573730.52,151322.83,2020,9
2020-10-01,119.17731233243951,199-D5-17,573730.52,151322.83,2020,10
2020-11-01,119.11819861111105,199-D5-17,573730.52,151322.83,2020,11
2020-12-01,119.0907002688177,199-D5-17,573730.52,151322.83,2020,12
2021-01-01,119.01917741935499,199-D5-17,573730.52,151322.83,2021,1
2021-02-01,119.0421666666662,199-D5-17,573730.52,151322.83,2021,2
2021-03-01,119.01758926174469,199-D5-17,573730.52,151322.83,2021,3
2021-04-01,118.96040138888877,199-D5-17,573730.52,151322.83,2021,4
2021-05-01,118.94489112903182,199-D5-17,573730.52,151322.83,2021,5
2021-06-01,118.95358055555573,199-D5-17,573730.52,151322.83,2021,6
2021-07-01,118.92833288590587,199-D5-17,573730.52,151322.83,2021,7
2021-08-01,118.84158467741929,199-D5-17,573730.52,151322.83,2021,8
2021-09-01,118.7610166435505,199-D5-17,573730.52,151322.83,2021,9
2021-10-01,118.73450804289621,199-D5-17,573730.52,151322.83,2021,10
2021-11-01,118.74991250000005,199-D5-17,573730.52,151322.83,2021,11
2021-12-01,118.73993951612896,199-D5-17,573730.52,151322.83,2021,12
2022-01-01,118.8861532258071,199-D5-17,573730.52,151322.83,2022,1
2022-02-01,118.91349331352146,199-D5-17,573730.52,151322.83,2022,2
2022-03-01,118.9782912751681,199-D5-17,573730.52,151322.83,2022,3
2022-04-01,119.03320555555591,199-D5-17,573730.52,151322.83,2022,4
2022-05-01,118.93272043010796,199-D5-17,573730.52,151322.83,2022,5
2022-06-01,118.99900972222243,199-D5-17,573730.52,151322.83,2022,6
2022-07-01,119.1390040927696,199-D5-17,573730.52,151322.83,2022,7
2022-08-01,119.27565591397858,199-D5-17,573730.52,151322.83,2022,8
2022-09-01,119.20763888888881,199-D5-17,573730.52,151322.83,2022,9
2022-10-01,119.06976241610765,199-D5-17,573730.52,151322.83,2022,10
2022-11-01,118.98789042995861,199-D5-17,573730.52,151322.83,2022,11
2022-12-01,118.97768145161338,199-D5-17,573730.52,151322.83,2022,12
2023-01-01,118.92295329087052,199-D5-17,573730.52,151322.83,2023,1
2023-02-01,118.92539078156317,199-D5-17,573730.52,151322.83,2023,2
2023-03-01,118.91349217002247,199-D5-17,573730.52,151322.83,2023,3
2023-04-01,118.62535697969538,199-D5-17,573730.52,151322.83,2023,4
2023-05-01,118.29592830865808,199-D5-17,573730.52,151322.83,2023,5
2023-06-01,118.16802609620623,199-D5-17,573730.52,151322.83,2023,6
2023-07-01,118.12689294828623,199-D5-17,573730.52,151322.83,2023,7
2023-08-01,118.07594583333257,199-D5-17,573730.52,151322.83,2023,8
2023-09-01,118.0233986111113,199-D5-17,573730.52,151322.83,2023,9
2023-10-01,117.95291707216349,199-D5-17,573730.52,151322.83,2023,10
2023-11-01,117.88027000000095,199-D5-17,573730.52,151322.83,2023,11
2023-12-01,117.82589697802202,199-D5-17,573730.52,151322.83,2023,12
2024-01-01,117.79139178082194,199-D5-17,573730.52,151322.83,2024,1
2014-01-01,117.68969791666662,199-D5-33,573095.03,151714.54,2014,1
2014-02-01,117.68154605263163,199-D5-33,573095.03,151714.54,2014,2
2014-03-01,117.6242043478261,199-D5-33,573095.03,151714.54,2014,3
2014-04-01,117.80670370370366,199-D5-33,573095.03,151714.54,2014,4
2014-05-01,118.10396820809234,199-D5-33,573095.03,151714.54,2014,5
2014-06-01,118.28160185185195,199-D5-33,573095.03,151714.54,2014,6
2014-07-01,118.33576421636626,199-D5-33,573095.03,151714.54,2014,7
2014-08-01,118.26804435483899,199-D5-33,573095.03,151714.54,2014,8
2014-09-01,118.13308333333315,199-D5-33,573095.03,151714.54,2014,9
2014-10-01,117.80027528089884,199-D5-33,573095.03,151714.54,2014,10
2014-11-01,117.57248916408693,199-D5-33,573095.03,151714.54,2014,11
2014-12-01,117.69492857142862,199-D5-33,573095.03,151714.54,2014,12
2015-01-01,117.81374999999984,199-D5-33,573095.03,151714.54,2015,1
2015-02-01,118.01073283859002,199-D5-33,573095.03,151714.54,2015,2
2015-03-01,118.10018389261708,199-D5-33,573095.03,151714.54,2015,3
2015-04-01,118.04805547850235,199-D5-33,573095.03,151714.54,2015,4
2015-05-01,117.90459139784964,199-D5-33,573095.03,151714.54,2015,5
2015-06-01,117.89942024965345,199-D5-33,573095.03,151714.54,2015,6
2015-07-01,117.79210349462342,199-D5-33,573095.03,151714.54,2015,7
2015-08-01,117.74502688172053,199-D5-33,573095.03,151714.54,2015,8
2015-09-01,117.80162222222201,199-D5-33,573095.03,151714.54,2015,9
2015-10-01,117.6773369127513,199-D5-33,573095.03,151714.54,2015,10
2015-11-01,117.66190476190481,199-D5-33,573095.03,151714.54,2015,11
2016-01-01,117.89299999999999,199-D5-33,573095.03,151714.54,2016,1
2016-02-01,117.86208799999979,199-D5-33,573095.03,151714.54,2016,2
2016-03-01,117.89579463087256,199-D5-33,573095.03,151714.54,2016,3
2016-04-01,117.91043966712888,199-D5-33,573095.03,151714.54,2016,4
2016-05-01,118.04834139784947,199-D5-33,573095.03,151714.54,2016,5
2016-06-01,117.9319986111111,199-D5-33,573095.03,151714.54,2016,6
2016-07-01,117.90278926174513,199-D5-33,573095.03,151714.54,2016,7
2016-08-01,117.77806317204295,199-D5-33,573095.03,151714.54,2016,8
2016-09-01,117.58318055555536,199-D5-33,573095.03,151714.54,2016,9
2016-10-01,117.50877553763446,199-D5-33,573095.03,151714.54,2016,10
2016-11-01,117.64507500000066,199-D5-33,573095.03,151714.54,2016,11
2016-12-01,117.87645295698997,199-D5-33,573095.03,151714.54,2016,12
2017-01-01,118.02029166666699,199-D5-33,573095.03,151714.54,2017,1
2017-02-01,118.01745089285647,199-D5-33,573095.03,151714.54,2017,2
2017-03-01,118.06002013422827,199-D5-33,573095.03,151714.54,2017,3
2017-04-01,118.4026694444447,199-D5-33,573095.03,151714.54,2017,4
2017-05-01,118.62707651006704,199-D5-33,573095.03,151714.54,2017,5
2017-06-01,118.90022500000012,199-D5-33,573095.03,151714.54,2017,6
2017-07-01,118.60971677852373,199-D5-33,573095.03,151714.54,2017,7
2017-08-01,118.21234274193561,199-D5-33,573095.03,151714.54,2017,8
2017-09-01,117.9574555555552,199-D5-33,573095.03,151714.54,2017,9
2017-10-01,117.69717181208016,199-D5-33,573095.03,151714.54,2017,10
2017-11-01,117.60169166666668,199-D5-33,573095.03,151714.54,2017,11
2017-12-01,117.66325051334691,199-D5-33,573095.03,151714.54,2017,12
2018-01-01,117.79288857142872,199-D5-33,573095.03,151714.54,2018,1
2018-02-01,117.99848065476226,199-D5-33,573095.03,151714.54,2018,2
2018-03-01,118.00261744966458,199-D5-33,573095.03,151714.54,2018,3
2018-04-01,117.93594583333339,199-D5-33,573095.03,151714.54,2018,4
2018-05-01,118.41019354838707,199-D5-33,573095.03,151714.54,2018,5
2018-06-01,118.67991666666703,199-D5-33,573095.03,151714.54,2018,6
2018-07-01,118.36088456375856,199-D5-33,573095.03,151714.54,2018,7
2018-08-01,118.03027553763468,199-D5-33,573095.03,151714.54,2018,8
2018-09-01,117.70148611111124,199-D5-33,573095.03,151714.54,2018,9
2018-10-01,117.46357852348973,199-D5-33,573095.03,151714.54,2018,10
2018-11-01,117.5535270457695,199-D5-33,573095.03,151714.54,2018,11
2018-12-01,117.69662725450891,199-D5-33,573095.03,151714.54,2018,12
2019-01-01,117.54494307692372,199-D5-33,573095.03,151714.54,2019,1
2019-02-01,117.54268181818176,199-D5-33,573095.03,151714.54,2019,2
2019-03-01,117.35827692307693,199-D5-33,573095.03,151714.54,2019,3
2019-04-01,117.28633611111121,199-D5-33,573095.03,151714.54,2019,4
2019-05-01,117.48382258064505,199-D5-33,573095.03,151714.54,2019,5
2019-06-01,117.62126805555557,199-D5-33,573095.03,151714.54,2019,6
2019-07-01,117.43274798927611,199-D5-33,573095.03,151714.54,2019,7
2019-08-01,117.3398373655913,199-D5-33,573095.03,151714.54,2019,8
2019-09-01,117.1785555555553,199-D5-33,573095.03,151714.54,2019,9
2019-10-01,117.04168230563029,199-D5-33,573095.03,151714.54,2019,10
2019-11-01,117.22709722222251,199-D5-33,573095.03,151714.54,2019,11
2019-12-01,117.37724074074114,199-D5-33,573095.03,151714.54,2019,12
2020-01-01,117.30172811918068,199-D5-33,573095.03,151714.54,2020,1
2020-02-01,117.41468390804607,199-D5-33,573095.03,151714.54,2020,2
2020-03-01,117.32991006711389,199-D5-33,573095.03,151714.54,2020,3
2020-04-01,117.17746527777747,199-D5-33,573095.03,151714.54,2020,4
2020-05-01,117.5075698924731,199-D5-33,573095.03,151714.54,2020,5
2020-06-01,117.9973430555559,199-D5-33,573095.03,151714.54,2020,6
2020-07-01,118.27445430107527,199-D5-33,573095.03,151714.54,2020,7
2020-08-01,118.36044354838711,199-D5-33,573095.03,151714.54,2020,8
2020-09-01,117.8114569444445,199-D5-33,573095.03,151714.54,2020,9
2020-10-01,117.48034765100682,199-D5-33,573095.03,151714.54,2020,10
2020-11-01,117.51287777777841,199-D5-33,573095.03,151714.54,2020,11
2020-12-01,117.61963829787248,199-D5-33,573095.03,151714.54,2020,12
2021-01-01,117.78086277602497,199-D5-33,573095.03,151714.54,2021,1
2021-02-01,117.81343452380978,199-D5-33,573095.03,151714.54,2021,2
2021-03-01,117.63095167785237,199-D5-33,573095.03,151714.54,2021,3
2021-04-01,117.41511944444436,199-D5-33,573095.03,151714.54,2021,4
2021-05-01,117.56661155913964,199-D5-33,573095.03,151714.54,2021,5
2021-06-01,117.69225833333353,199-D5-33,573095.03,151714.54,2021,6
2021-07-01,117.71339194630878,199-D5-33,573095.03,151714.54,2021,7
2021-08-01,117.56640322580675,199-D5-33,573095.03,151714.54,2021,8
2021-09-01,117.3988416666667,199-D5-33,573095.03,151714.54,2021,9
2021-10-01,117.25393557047023,199-D5-33,573095.03,151714.54,2021,10
2021-11-01,117.42878475336293,199-D5-33,573095.03,151714.54,2021,11
2021-12-01,117.74928678678684,199-D5-33,573095.03,151714.54,2021,12
2022-01-01,118.1644652278178,199-D5-33,573095.03,151714.54,2022,1
2022-02-01,118.21997176820202,199-D5-33,573095.03,151714.54,2022,2
2022-03-01,118.08090872483214,199-D5-33,573095.03,151714.54,2022,3
2022-04-01,117.81503333333335,199-D5-33,573095.03,151714.54,2022,4
2022-05-01,117.7248991935485,199-D5-33,573095.03,151714.54,2022,5
2022-06-01,118.10276944444459,199-D5-33,573095.03,151714.54,2022,6
2022-07-01,118.44069031377883,199-D5-33,573095.03,151714.54,2022,7
2022-08-01,118.29245564516158,199-D5-33,573095.03,151714.54,2022,8
2022-09-01,117.9049472222222,199-D5-33,573095.03,151714.54,2022,9
2022-10-01,117.57318120805355,199-D5-33,573095.03,151714.54,2022,10
2022-11-01,117.74235228848842,199-D5-33,573095.03,151714.54,2022,11
2022-12-01,117.79080122950815,199-D5-33,573095.03,151714.54,2022,12
2023-01-01,117.93135714285717,199-D5-33,573095.03,151714.54,2023,1
2023-02-01,117.79409650582372,199-D5-33,573095.03,151714.54,2023,2
2023-03-01,117.60422550335618,199-D5-33,573095.03,151714.54,2023,3
2023-04-01,117.4625464318815,199-D5-33,573095.03,151714.54,2023,4
2023-05-01,117.79817802690478,199-D5-33,573095.03,151714.54,2023,5
2023-06-01,117.96630055533188,199-D5-33,573095.03,151714.54,2023,6
2023-07-01,117.67612268722547,199-D5-33,573095.03,151714.54,2023,7
2023-08-01,117.64057486558926,199-D5-33,573095.03,151714.54,2023,8
2023-09-01,117.41251381944485,199-D5-33,573095.03,151714.54,2023,9
2023-10-01,117.20025666760024,199-D5-33,573095.03,151714.54,2023,10
2023-11-01,117.39581486111136,199-D5-33,573095.03,151714.54,2023,11
2023-12-01,117.51362198581572,199-D5-33,573095.03,151714.54,2023,12
2024-01-01,117.50998160000007,199-D5-33,573095.03,151714.54,2024,1
2014-01-01,117.685,199-D5-37,573092.236,151916.365,2014,1
2014-03-01,117.48899999999999,199-D5-37,573092.236,151916.365,2014,3
2014-04-01,117.85799999999999,199-D5-37,573092.236,151916.365,2014,4
2014-07-01,118.632,199-D5-37,573092.236,151916.365,2014,7
2014-09-01,117.867,199-D5-37,573092.236,151916.365,2014,9
2014-11-01,117.64338741721848,199-D5-37,573092.236,151916.365,2014,11
2014-12-01,117.83082608695662,199-D5-37,573092.236,151916.365,2014,12
2015-01-01,117.96962037037046,199-D5-37,573092.236,151916.365,2015,1
2015-02-01,118.14808488964353,199-D5-37,573092.236,151916.365,2015,2
2015-03-01,118.14511812080536,199-D5-37,573092.236,151916.365,2015,3
2015-04-01,118.00522052704592,199-D5-37,573092.236,151916.365,2015,4
2015-05-01,117.86486827957005,199-D5-37,573092.236,151916.365,2015,5
2015-06-01,117.85697503467392,199-D5-37,573092.236,151916.365,2015,6
2015-07-01,117.721680107527,199-D5-37,573092.236,151916.365,2015,7
2015-08-01,117.70455107526885,199-D5-37,573092.236,151916.365,2015,8
2015-09-01,117.43867083333332,199-D5-37,573092.236,151916.365,2015,9
2015-10-01,117.31420295698918,199-D5-37,573092.236,151916.365,2015,10
2015-11-01,117.40295972222223,199-D5-37,573092.236,151916.365,2015,11
2015-12-01,117.50462768817196,199-D5-37,573092.236,151916.365,2015,12
2016-01-01,117.55518120805377,199-D5-37,573092.236,151916.365,2016,1
2016-02-01,117.57487931034471,199-D5-37,573092.236,151916.365,2016,2
2016-03-01,117.67162416107367,199-D5-37,573092.236,151916.365,2016,3
2016-04-01,117.89938973647705,199-D5-37,573092.236,151916.365,2016,4
2016-05-01,118.03222043010756,199-D5-37,573092.236,151916.365,2016,5
2016-06-01,117.88050138888866,199-D5-37,573092.236,151916.365,2016,6
2016-07-01,117.77621476510065,199-D5-37,573092.236,151916.365,2016,7
2016-08-01,117.62760080645161,199-D5-37,573092.236,151916.365,2016,8
2016-09-01,117.30948611111121,199-D5-37,573092.236,151916.365,2016,9
2016-10-01,117.22792876344072,199-D5-37,573092.236,151916.365,2016,10
2016-11-01,117.46198194444432,199-D5-37,573092.236,151916.365,2016,11
2016-12-01,117.70357123655917,199-D5-37,573092.236,151916.365,2016,12
2017-01-01,117.96709677419358,199-D5-37,573092.236,151916.365,2017,1
2017-02-01,117.91912648809519,199-D5-37,573092.236,151916.365,2017,2
2017-03-01,118.0409475806452,199-D5-37,573092.236,151916.365,2017,3
2017-04-01,118.57983194444448,199-D5-37,573092.236,151916.365,2017,4
2017-05-01,118.8381491935483,199-D5-37,573092.236,151916.365,2017,5
2017-06-01,119.04967777777769,199-D5-37,573092.236,151916.365,2017,6
2017-07-01,118.44008993288593,199-D5-37,573092.236,151916.365,2017,7
2017-08-01,117.96693548387086,199-D5-37,573092.236,151916.365,2017,8
2017-09-01,117.72945833333343,199-D5-37,573092.236,151916.365,2017,9
2017-10-01,117.40382147651017,199-D5-37,573092.236,151916.365,2017,10
2017-11-01,117.35480694444453,199-D5-37,573092.236,151916.365,2017,11
2017-12-01,117.51479503105577,199-D5-37,573092.236,151916.365,2017,12
2018-01-01,117.79077013422808,199-D5-37,573092.236,151916.365,2018,1
2018-02-01,118.058081845238,199-D5-37,573092.236,151916.365,2018,2
2018-03-01,117.96460268456369,199-D5-37,573092.236,151916.365,2018,3
2018-04-01,117.99621944444425,199-D5-37,573092.236,151916.365,2018,4
2018-05-01,118.8600766129033,199-D5-37,573092.236,151916.365,2018,5
2018-06-01,118.71781944444443,199-D5-37,573092.236,151916.365,2018,6
2018-07-01,118.16133959731515,199-D5-37,573092.236,151916.365,2018,7
2018-08-01,117.81792473118279,199-D5-37,573092.236,151916.365,2018,8
2018-09-01,117.4164708333333,199-D5-37,573092.236,151916.365,2018,9
2018-10-01,117.18410201342296,199-D5-37,573092.236,151916.365,2018,10
2018-11-01,117.32483922261473,199-D5-37,573092.236,151916.365,2018,11
2018-12-01,117.35820599250945,199-D5-37,573092.236,151916.365,2018,12
2019-01-01,117.34475126903554,199-D5-37,573092.236,151916.365,2019,1
2019-02-01,117.37485483870977,199-D5-37,573092.236,151916.365,2019,2
2019-03-01,117.25856300268096,199-D5-37,573092.236,151916.365,2019,3
2019-04-01,117.12278742514968,199-D5-37,573092.236,151916.365,2019,4
2019-05-01,117.57880107526886,199-D5-37,573092.236,151916.365,2019,5
2019-06-01,117.66946111111095,199-D5-37,573092.236,151916.365,2019,6
2019-07-01,117.37855093833791,199-D5-37,573092.236,151916.365,2019,7
2019-08-01,117.31236962365618,199-D5-37,573092.236,151916.365,2019,8
2019-09-01,117.16623045267492,199-D5-37,573092.236,151916.365,2019,9
2019-10-01,116.8149256410258,199-D5-37,573092.236,151916.365,2019,10
2019-11-01,117.04899320882855,199-D5-37,573092.236,151916.365,2019,11
2019-12-01,117.22658227848103,199-D5-37,573092.236,151916.365,2019,12
2020-01-01,117.2811313672923,199-D5-37,573092.236,151916.365,2020,1
2020-02-01,117.39940948275871,199-D5-37,573092.236,151916.365,2020,2
2020-03-01,117.2151516778525,199-D5-37,573092.236,151916.365,2020,3
2020-04-01,117.0529958333334,199-D5-37,573092.236,151916.365,2020,4
2020-05-01,117.70022715053747,199-D5-37,573092.236,151916.365,2020,5
2020-06-01,118.23751111111126,199-D5-37,573092.236,151916.365,2020,6
2020-07-01,118.30802956989216,199-D5-37,573092.236,151916.365,2020,7
2020-08-01,118.14515591397843,199-D5-37,573092.236,151916.365,2020,8
2020-09-01,117.47086527777806,199-D5-37,573092.236,151916.365,2020,9
2020-10-01,117.19211538461548,199-D5-37,573092.236,151916.365,2020,10
2020-11-01,117.42098461538478,199-D5-37,573092.236,151916.365,2020,11
2020-12-01,117.45361827956981,199-D5-37,573092.236,151916.365,2020,12
2021-01-01,117.6849986577182,199-D5-37,573092.236,151916.365,2021,1
2021-02-01,117.68322172619048,199-D5-37,573092.236,151916.365,2021,2
2021-03-01,117.26199194630887,199-D5-37,573092.236,151916.365,2021,3
2021-04-01,117.14258888888902,199-D5-37,573092.236,151916.365,2021,4
2021-05-01,117.50750672042997,199-D5-37,573092.236,151916.365,2021,5
2021-06-01,117.75202083333348,199-D5-37,573092.236,151916.365,2021,6
2021-07-01,117.660822818792,199-D5-37,573092.236,151916.365,2021,7
2021-08-01,117.44574193548412,199-D5-37,573092.236,151916.365,2021,8
2021-09-01,117.13198333333342,199-D5-37,573092.236,151916.365,2021,9
2021-10-01,116.95882818791962,199-D5-37,573092.236,151916.365,2021,10
2021-11-01,117.15632499999997,199-D5-37,573092.236,151916.365,2021,11
2021-12-01,117.56865456989222,199-D5-37,573092.236,151916.365,2021,12
2022-01-01,117.87469623655919,199-D5-37,573092.236,151916.365,2022,1
2022-02-01,117.98631994047624,199-D5-37,573092.236,151916.365,2022,2
2022-03-01,117.86627114093967,199-D5-37,573092.236,151916.365,2022,3
2022-04-01,117.60160138888884,199-D5-37,573092.236,151916.365,2022,4
2022-05-01,117.70773118279564,199-D5-37,573092.236,151916.365,2022,5
2022-06-01,118.48624166666649,199-D5-37,573092.236,151916.365,2022,6
2022-07-01,118.66035470668498,199-D5-37,573092.236,151916.365,2022,7
2022-08-01,118.3084892473117,199-D5-37,573092.236,151916.365,2022,8
2022-09-01,117.68996805555544,199-D5-37,573092.236,151916.365,2022,9
2022-10-01,117.25394362416105,199-D5-37,573092.236,151916.365,2022,10
2022-11-01,117.43369667590022,199-D5-37,573092.236,151916.365,2022,11
2022-12-01,117.55904838709668,199-D5-37,573092.236,151916.365,2022,12
2023-01-01,117.48052553763435,199-D5-37,573092.236,151916.365,2023,1
2023-02-01,117.50806686478455,199-D5-37,573092.236,151916.365,2023,2
2023-03-01,117.33822416107397,199-D5-37,573092.236,151916.365,2023,3
2023-04-01,117.1948551596485,199-D5-37,573092.236,151916.365,2023,4
2023-05-01,117.95764755933699,199-D5-37,573092.236,151916.365,2023,5
2023-06-01,117.7984983918671,199-D5-37,573092.236,151916.365,2023,6
2023-07-01,117.55282322147606,199-D5-37,573092.236,151916.365,2023,7
2023-08-01,117.51324392209506,199-D5-37,573092.236,151916.365,2023,8
2023-09-01,117.11959070090231,199-D5-37,573092.236,151916.365,2023,9
2023-10-01,116.89283563128558,199-D5-37,573092.236,151916.365,2023,10
2023-11-01,117.09679861111103,199-D5-37,573092.236,151916.365,2023,11
2023-12-01,117.17871164874543,199-D5-37,573092.236,151916.365,2023,12
2024-01-01,117.21562083333333,199-D5-37,573092.236,151916.365,2024,1
2014-01-01,117.908,199-D5-41,573358.16,151792.191,2014,1
2014-03-01,117.7585,199-D5-41,573358.16,151792.191,2014,3
2014-04-01,118.02633333333334,199-D5-41,573358.16,151792.191,2014,4
2014-05-01,118.3245,199-D5-41,573358.16,151792.191,2014,5
2014-06-01,118.459,199-D5-41,573358.16,151792.191,2014,6
2014-07-01,118.43599999999999,199-D5-41,573358.16,151792.191,2014,7
2014-08-01,118.312,199-D5-41,573358.16,151792.191,2014,8
2014-09-01,118.071,199-D5-41,573358.16,151792.191,2014,9
2014-10-01,117.853,199-D5-41,573358.16,151792.191,2014,10
2014-11-01,117.756,199-D5-41,573358.16,151792.191,2014,11
2014-12-01,117.97,199-D5-41,573358.16,151792.191,2014,12
2015-05-01,118.023,199-D5-41,573358.16,151792.191,2015,5
2015-11-01,118.006,199-D5-41,573358.16,151792.191,2015,11
2017-11-01,117.61200000000001,199-D5-41,573358.16,151792.191,2017,11
2018-11-01,117.309,199-D5-41,573358.16,151792.191,2018,11
2019-03-01,117.25746536412072,199-D5-41,573358.16,151792.191,2019,3
2019-04-01,117.15703333333349,199-D5-41,573358.16,151792.191,2019,4
2019-05-01,117.34332258064511,199-D5-41,573358.16,151792.191,2019,5
2019-06-01,117.52203055555565,199-D5-41,573358.16,151792.191,2019,6
2019-07-01,117.3374845637584,199-D5-41,573358.16,151792.191,2019,7
2019-08-01,117.22721102150565,199-D5-41,573358.16,151792.191,2019,8
2019-09-01,117.09917777777743,199-D5-41,573358.16,151792.191,2019,9
2019-10-01,116.94771677852374,199-D5-41,573358.16,151792.191,2019,10
2019-11-01,117.06225138888848,199-D5-41,573358.16,151792.191,2019,11
2019-12-01,117.16515188171991,199-D5-41,573358.16,151792.191,2019,12
2020-01-01,117.11391397849461,199-D5-41,573358.16,151792.191,2020,1
2020-02-01,117.23290948275915,199-D5-41,573358.16,151792.191,2020,2
2020-03-01,117.18724999999957,199-D5-41,573358.16,151792.191,2020,3
2020-04-01,117.07465555555548,199-D5-41,573358.16,151792.191,2020,4
2020-05-01,117.35576612903242,199-D5-41,573358.16,151792.191,2020,5
2020-06-01,117.81397083333361,199-D5-41,573358.16,151792.191,2020,6
2020-07-01,118.15461559139789,199-D5-41,573358.16,151792.191,2020,7
2020-08-01,118.2420954301078,199-D5-41,573358.16,151792.191,2020,8
2020-09-01,117.68821944444448,199-D5-41,573358.16,151792.191,2020,9
2020-10-01,117.34778897849532,199-D5-41,573358.16,151792.191,2020,10
2020-11-01,117.37719166666677,199-D5-41,573358.16,151792.191,2020,11
2020-12-01,117.47350268817213,199-D5-41,573358.16,151792.191,2020,12
2021-01-01,117.64538037634442,199-D5-41,573358.16,151792.191,2021,1
2021-02-01,117.6221651785713,199-D5-41,573358.16,151792.191,2021,2
2021-03-01,117.4085215053767,199-D5-41,573358.16,151792.191,2021,3
2021-04-01,117.24582361111081,199-D5-41,573358.16,151792.191,2021,4
2021-05-01,117.36416801075252,199-D5-41,573358.16,151792.191,2021,5
2021-06-01,117.53277361111088,199-D5-41,573358.16,151792.191,2021,6
2021-07-01,117.55574462365588,199-D5-41,573358.16,151792.191,2021,7
2021-08-01,117.40153091397934,199-D5-41,573358.16,151792.191,2021,8
2021-09-01,117.26996948682384,199-D5-41,573358.16,151792.191,2021,9
2021-10-01,117.09964919354863,199-D5-41,573358.16,151792.191,2021,10
2021-11-01,117.17716643550614,199-D5-41,573358.16,151792.191,2021,11
2021-12-01,117.41670833333353,199-D5-41,573358.16,151792.191,2021,12
2022-01-01,117.70982595870198,199-D5-41,573358.16,151792.191,2022,1
2022-02-01,117.88114858841008,199-D5-41,573358.16,151792.191,2022,2
2022-03-01,117.86806048387099,199-D5-41,573358.16,151792.191,2022,3
2022-04-01,117.66866111111133,199-D5-41,573358.16,151792.191,2022,4
2022-05-01,117.58450403225808,199-D5-41,573358.16,151792.191,2022,5
2022-06-01,117.96232916666663,199-D5-41,573358.16,151792.191,2022,6
2022-07-01,118.31626193724425,199-D5-41,573358.16,151792.191,2022,7
2022-08-01,118.2148427419354,199-D5-41,573358.16,151792.191,2022,8
2022-09-01,117.83500000000024,199-D5-41,573358.16,151792.191,2022,9
2022-10-01,117.49987634408653,199-D5-41,573358.16,151792.191,2022,10
2022-11-01,117.50023802816892,199-D5-41,573358.16,151792.191,2022,11
2022-12-01,117.60155220883544,199-D5-41,573358.16,151792.191,2022,12
2023-01-01,117.5865419847328,199-D5-41,573358.16,151792.191,2023,1
2023-02-01,117.57001337295667,199-D5-41,573358.16,151792.191,2023,2
2023-03-01,117.46738172043028,199-D5-41,573358.16,151792.191,2023,3
2023-04-01,117.32466376274343,199-D5-41,573358.16,151792.191,2023,4
2023-05-01,117.5778877742948,199-D5-41,573358.16,151792.191,2023,5
2023-06-01,117.64410956409006,199-D5-41,573358.16,151792.191,2023,6
2023-07-01,117.44566453995637,199-D5-41,573358.16,151792.191,2023,7
2023-08-01,117.37620295500332,199-D5-41,573358.16,151792.191,2023,8
2023-09-01,117.18506854166706,199-D5-41,573358.16,151792.191,2023,9
2023-10-01,116.95949456219822,199-D5-41,573358.16,151792.191,2023,10
2023-11-01,116.99168749999964,199-D5-41,573358.16,151792.191,2023,11
2023-12-01,117.07833279569915,199-D5-41,573358.16,151792.191,2023,12
2024-01-01,117.10217089552228,199-D5-41,573358.16,151792.191,2024,1
2014-01-01,118.0445,199-D5-43,573179.976,151269.43,2014,1
2014-03-01,117.9045,199-D5-43,573179.976,151269.43,2014,3
2014-04-01,117.98633333333333,199-D5-43,573179.976,151269.43,2014,4
2014-05-01,118.1535,199-D5-43,573179.976,151269.43,2014,5
2014-06-01,118.48325,199-D5-43,573179.976,151269.43,2014,6
2014-07-01,118.7875,199-D5-43,573179.976,151269.43,2014,7
2014-08-01,118.91550000000001,199-D5-43,573179.976,151269.43,2014,8
2014-09-01,118.72925,199-D5-43,573179.976,151269.43,2014,9
2014-10-01,118.616,199-D5-43,573179.976,151269.43,2014,10
2014-11-01,118.4320571428576,199-D5-43,573179.976,151269.43,2014,11
2014-12-01,118.4145127516776,199-D5-43,573179.976,151269.43,2014,12
2015-01-01,118.44886962365574,199-D5-43,573179.976,151269.43,2015,1
2015-02-01,118.60474629080097,199-D5-43,573179.976,151269.43,2015,2
2015-03-01,118.79682416107342,199-D5-43,573179.976,151269.43,2015,3
2015-04-01,118.84241388888859,199-D5-43,573179.976,151269.43,2015,4
2015-05-01,118.80085100671201,199-D5-43,573179.976,151269.43,2015,5
2015-06-01,118.78245769764247,199-D5-43,573179.976,151269.43,2015,6
2015-07-01,118.7408561827959,199-D5-43,573179.976,151269.43,2015,7
2015-08-01,118.68812885906016,199-D5-43,573179.976,151269.43,2015,8
2015-09-01,118.63735922330153,199-D5-43,573179.976,151269.43,2015,9
2015-10-01,118.54836155913975,199-D5-43,573179.976,151269.43,2015,10
2015-11-01,118.46350833333234,199-D5-43,573179.976,151269.43,2015,11
2015-12-01,118.46785483870923,199-D5-43,573179.976,151269.43,2015,12
2016-01-01,118.46371236559031,199-D5-43,573179.976,151269.43,2016,1
2016-02-01,118.47546120689668,199-D5-43,573179.976,151269.43,2016,2
2016-03-01,118.51487265415483,199-D5-43,573179.976,151269.43,2016,3
2016-04-01,118.50150833333335,199-D5-43,573179.976,151269.43,2016,4
2016-05-01,118.68501075268802,199-D5-43,573179.976,151269.43,2016,5
2016-06-01,118.80795706371218,199-D5-43,573179.976,151269.43,2016,6
2016-07-01,118.84768145161205,199-D5-43,573179.976,151269.43,2016,7
2016-08-01,118.8680161290328,199-D5-43,573179.976,151269.43,2016,8
2016-09-01,118.7493564493759,199-D5-43,573179.976,151269.43,2016,9
2016-10-01,118.56658602150524,199-D5-43,573179.976,151269.43,2016,10
2016-11-01,118.54608749999974,199-D5-43,573179.976,151269.43,2016,11
2016-12-01,118.6432184986598,199-D5-43,573179.976,151269.43,2016,12
2017-01-01,118.73713709677473,199-D5-43,573179.976,151269.43,2017,1
2017-02-01,118.81593898809508,199-D5-43,573179.976,151269.43,2017,2
2017-03-01,118.8780053691281,199-D5-43,573179.976,151269.43,2017,3
2017-04-01,119.01292500000004,199-D5-43,573179.976,151269.43,2017,4
2017-05-01,119.25415570469772,199-D5-43,573179.976,151269.43,2017,5
2017-06-01,119.52443966712866,199-D5-43,573179.976,151269.43,2017,6
2017-07-01,119.5241812080537,199-D5-43,573179.976,151269.43,2017,7
2017-08-01,119.3163077956988,199-D5-43,573179.976,151269.43,2017,8
2017-09-01,119.09610540915412,199-D5-43,573179.976,151269.43,2017,9
2017-10-01,118.86349664429565,199-D5-43,573179.976,151269.43,2017,10
2017-11-01,118.65702773925126,199-D5-43,573179.976,151269.43,2017,11
2017-12-01,118.5211706989251,199-D5-43,573179.976,151269.43,2017,12
2018-01-01,118.5429663978493,199-D5-43,573179.976,151269.43,2018,1
2018-02-01,118.58327232142855,199-D5-43,573179.976,151269.43,2018,2
2018-03-01,118.67549261744992,199-D5-43,573179.976,151269.43,2018,3
2018-04-01,118.60977777777717,199-D5-43,573179.976,151269.43,2018,4
2018-05-01,118.76900403225794,199-D5-43,573179.976,151269.43,2018,5
2018-06-01,119.23099583333303,199-D5-43,573179.976,151269.43,2018,6
2018-07-01,119.25349127516789,199-D5-43,573179.976,151269.43,2018,7
2018-08-01,119.07128897849479,199-D5-43,573179.976,151269.43,2018,8
2018-09-01,118.85643472222219,199-D5-43,573179.976,151269.43,2018,9
2018-10-01,118.60429530201344,199-D5-43,573179.976,151269.43,2018,10
2018-11-01,118.42224133148488,199-D5-43,573179.976,151269.43,2018,11
2018-12-01,118.37998924731191,199-D5-43,573179.976,151269.43,2018,12
2019-01-01,118.3155967741939,199-D5-43,573179.976,151269.43,2019,1
2019-02-01,118.26692857142878,199-D5-43,573179.976,151269.43,2019,2
2019-03-01,118.20894235924924,199-D5-43,573179.976,151269.43,2019,3
2019-04-01,118.13226944444447,199-D5-43,573179.976,151269.43,2019,4
2019-05-01,118.1166182795702,199-D5-43,573179.976,151269.43,2019,5
2019-06-01,118.27304999999987,199-D5-43,573179.976,151269.43,2019,6
2019-07-01,118.28964777327944,199-D5-43,573179.976,151269.43,2019,7
2019-08-01,118.26384946236551,199-D5-43,573179.976,151269.43,2019,8
2019-09-01,118.20130416666663,199-D5-43,573179.976,151269.43,2019,9
2019-10-01,118.0533868808565,199-D5-43,573179.976,151269.43,2019,10
2019-11-01,117.9806555555549,199-D5-43,573179.976,151269.43,2019,11
2019-12-01,118.04839919354947,199-D5-43,573179.976,151269.43,2019,12
2020-01-01,118.05257661290297,199-D5-43,573179.976,151269.43,2020,1
2020-02-01,118.09588505747084,199-D5-43,573179.976,151269.43,2020,2
2020-03-01,118.15572617449608,199-D5-43,573179.976,151269.43,2020,3
2020-04-01,118.1419097222215,199-D5-43,573179.976,151269.43,2020,4
2020-05-01,118.19314784946228,199-D5-43,573179.976,151269.43,2020,5
2020-06-01,118.42777500000017,199-D5-43,573179.976,151269.43,2020,6
2020-07-01,118.69695295698907,199-D5-43,573179.976,151269.43,2020,7
2020-08-01,118.74145430107492,199-D5-43,573179.976,151269.43,2020,8
2020-09-01,118.6755249999999,199-D5-43,573179.976,151269.43,2020,9
2020-10-01,118.4563583892615,199-D5-43,573179.976,151269.43,2020,10
2020-11-01,118.32522777777774,199-D5-43,573179.976,151269.43,2020,11
2020-12-01,118.34439194630859,199-D5-43,573179.976,151269.43,2020,12
2021-01-01,118.37030241935493,199-D5-43,573179.976,151269.43,2021,1
2021-02-01,118.43568005952325,199-D5-43,573179.976,151269.43,2021,2
2021-03-01,118.42956375838925,199-D5-43,573179.976,151269.43,2021,3
2021-04-01,118.2955874999995,199-D5-43,573179.976,151269.43,2021,4
2021-05-01,118.28049731182792,199-D5-43,573179.976,151269.43,2021,5
2021-06-01,118.36807777777827,199-D5-43,573179.976,151269.43,2021,6
2021-07-01,118.42830604026837,199-D5-43,573179.976,151269.43,2021,7
2021-08-01,118.34440994623618,199-D5-43,573179.976,151269.43,2021,8
2021-09-01,118.2349375866853,199-D5-43,573179.976,151269.43,2021,9
2021-10-01,118.1018845637586,199-D5-43,573179.976,151269.43,2021,10
2021-11-01,118.09562552011107,199-D5-43,573179.976,151269.43,2021,11
2021-12-01,118.21235887096785,199-D5-43,573179.976,151269.43,2021,12
2022-01-01,118.47151612903234,199-D5-43,573179.976,151269.43,2022,1
2022-02-01,118.62701040118972,199-D5-43,573179.976,151269.43,2022,2
2022-03-01,118.65161879194659,199-D5-43,573179.976,151269.43,2022,3
2022-04-01,118.592288888889,199-D5-43,573179.976,151269.43,2022,4
2022-05-01,118.45663037634428,199-D5-43,573179.976,151269.43,2022,5
2022-06-01,118.56131666666677,199-D5-43,573179.976,151269.43,2022,6
2022-07-01,118.90633560709425,199-D5-43,573179.976,151269.43,2022,7
2022-08-01,119.00961559139829,199-D5-43,573179.976,151269.43,2022,8
2022-09-01,118.87768111455102,199-D5-43,573179.976,151269.43,2022,9
2022-10-01,118.63883221476502,199-D5-43,573179.976,151269.43,2022,10
2022-11-01,118.48914563106781,199-D5-43,573179.976,151269.43,2022,11
2022-12-01,118.49746370967759,199-D5-43,573179.976,151269.43,2022,12
2023-01-01,118.4723266129039,199-D5-43,573179.976,151269.43,2023,1
2023-02-01,118.39211589896003,199-D5-43,573179.976,151269.43,2023,2
2023-03-01,118.30208993288544,199-D5-43,573179.976,151269.43,2023,3
2023-04-01,118.18412031466879,199-D5-43,573179.976,151269.43,2023,4
2023-05-01,118.07662969941725,199-D5-43,573179.976,151269.43,2023,5
2023-06-01,118.2138206922696,199-D5-43,573179.976,151269.43,2023,6
2023-07-01,118.1466381208032,199-D5-43,573179.976,151269.43,2023,7
2023-08-01,118.08904428763283,199-D5-43,573179.976,151269.43,2023,8
2023-09-01,118.0250099930577,199-D5-43,573179.976,151269.43,2023,9
2023-10-01,117.89812392587542,199-D5-43,573179.976,151269.43,2023,10
2023-11-01,117.79363624999971,199-D5-43,573179.976,151269.43,2023,11
2023-12-01,117.7961357526874,199-D5-43,573179.976,151269.43,2023,12
2024-01-01,117.7920185185184,199-D5-43,573179.976,151269.43,2024,1
2014-01-01,118.96209919571045,199-D5-103,573505.87,151460.87,2014,1
2014-02-01,118.52009133126946,199-D5-103,573505.87,151460.87,2014,2
2014-03-01,118.6670380434782,199-D5-103,573505.87,151460.87,2014,3
2014-04-01,118.8739510791367,199-D5-103,573505.87,151460.87,2014,4
2014-05-01,118.99691244870051,199-D5-103,573505.87,151460.87,2014,5
2014-06-01,119.11024238227132,199-D5-103,573505.87,151460.87,2014,6
2014-07-01,119.2261005361935,199-D5-103,573505.87,151460.87,2014,7
2014-08-01,119.2857092391304,199-D5-103,573505.87,151460.87,2014,8
2014-09-01,119.1390043165471,199-D5-103,573505.87,151460.87,2014,9
2014-10-01,119.12768632707757,199-D5-103,573505.87,151460.87,2014,10
2014-11-01,119.16869070735108,199-D5-103,573505.87,151460.87,2014,11
2014-12-01,119.1340120805369,199-D5-103,573505.87,151460.87,2014,12
2015-01-01,119.14106711409349,199-D5-103,573505.87,151460.87,2015,1
2015-02-01,119.23584249628533,199-D5-103,573505.87,151460.87,2015,2
2015-03-01,119.33212734584475,199-D5-103,573505.87,151460.87,2015,3
2015-04-01,119.36366712898761,199-D5-103,573505.87,151460.87,2015,4
2015-05-01,119.36112751677848,199-D5-103,573505.87,151460.87,2015,5
2015-06-01,119.2948624999994,199-D5-103,573505.87,151460.87,2015,6
2015-07-01,119.28126979865833,199-D5-103,573505.87,151460.87,2015,7
2015-08-01,119.22421610738306,199-D5-103,573505.87,151460.87,2015,8
2015-09-01,119.18069209431347,199-D5-103,573505.87,151460.87,2015,9
2015-10-01,119.10413422818829,199-D5-103,573505.87,151460.87,2015,10
2015-11-01,119.00424079320099,199-D5-103,573505.87,151460.87,2015,11
2015-12-01,118.98168053691286,199-D5-103,573505.87,151460.87,2015,12
2016-01-01,118.96857046979869,199-D5-103,573505.87,151460.87,2016,1
2016-02-01,118.99019740633959,199-D5-103,573505.87,151460.87,2016,2
2016-03-01,119.05808445040273,199-D5-103,573505.87,151460.87,2016,3
2016-04-01,119.02877531206654,199-D5-103,573505.87,151460.87,2016,4
2016-05-01,119.2012473118278,199-D5-103,573505.87,151460.87,2016,5
2016-06-01,119.29739850746283,199-D5-103,573505.87,151460.87,2016,6
2016-07-01,119.29865100671131,199-D5-103,573505.87,151460.87,2016,7
2016-08-01,119.27972983870959,199-D5-103,573505.87,151460.87,2016,8
2016-09-01,119.21864861111082,199-D5-103,573505.87,151460.87,2016,9
2016-10-01,119.02312903225766,199-D5-103,573505.87,151460.87,2016,10
2016-11-01,119.00897226074817,199-D5-103,573505.87,151460.87,2016,11
2016-12-01,119.12450134408604,199-D5-103,573505.87,151460.87,2016,12
2017-01-01,119.2130895104893,199-D5-103,573505.87,151460.87,2017,1
2017-02-01,119.28608618127781,199-D5-103,573505.87,151460.87,2017,2
2017-03-01,119.34096912751686,199-D5-103,573505.87,151460.87,2017,3
2017-04-01,119.44480443828039,199-D5-103,573505.87,151460.87,2017,4
2017-05-01,119.54140214477214,199-D5-103,573505.87,151460.87,2017,5
2017-06-01,119.6985866851595,199-D5-103,573505.87,151460.87,2017,6
2017-07-01,119.82680000000023,199-D5-103,573505.87,151460.87,2017,7
2017-08-01,119.7188277227721,199-D5-103,573505.87,151460.87,2017,8
2017-09-01,119.48491421568639,199-D5-103,573505.87,151460.87,2017,9
2017-10-01,119.32064618249527,199-D5-103,573505.87,151460.87,2017,10
2017-11-01,119.2155591397851,199-D5-103,573505.87,151460.87,2017,11
2017-12-01,119.12020786516854,199-D5-103,573505.87,151460.87,2017,12
2018-01-01,119.11553693693742,199-D5-103,573505.87,151460.87,2018,1
2018-02-01,119.16273103448266,199-D5-103,573505.87,151460.87,2018,2
2018-03-01,119.24805289256241,199-D5-103,573505.87,151460.87,2018,3
2018-04-01,119.22467051070814,199-D5-103,573505.87,151460.87,2018,4
2018-05-01,119.31189163498121,199-D5-103,573505.87,151460.87,2018,5
2018-06-01,119.52289782244559,199-D5-103,573505.87,151460.87,2018,6
2018-07-01,119.59831111111112,199-D5-103,573505.87,151460.87,2018,7
2018-08-01,119.50111884550093,199-D5-103,573505.87,151460.87,2018,8
2023-05-01,117.750886917691,199-D5-103,573505.87,151460.87,2023,5
2023-06-01,117.64290532448237,199-D5-103,573505.87,151460.87,2023,6
2023-07-01,117.58906164007281,199-D5-103,573505.87,151460.87,2023,7
2023-08-01,117.53239729251275,199-D5-103,573505.87,151460.87,2023,8
2023-09-01,117.48265279745127,199-D5-103,573505.87,151460.87,2023,9
2023-10-01,117.3793995786411,199-D5-103,573505.87,151460.87,2023,10
2023-11-01,117.2540961012489,199-D5-103,573505.87,151460.87,2023,11
2023-12-01,117.26977046611941,199-D5-103,573505.87,151460.87,2023,12
2024-01-01,117.24263071648235,199-D5-103,573505.87,151460.87,2024,1
2014-01-01,118.823,199-D5-15,573738.61,151673.75,2014,1
2014-03-01,118.6385,199-D5-15,573738.61,151673.75,2014,3
2014-06-01,118.977,199-D5-15,573738.61,151673.75,2014,6
2014-09-01,118.9335,199-D5-15,573738.61,151673.75,2014,9
2014-12-01,118.85849999999999,199-D5-15,573738.61,151673.75,2014,12
2015-02-01,118.919,199-D5-15,573738.61,151673.75,2015,2
2015-03-01,118.932,199-D5-15,573738.61,151673.75,2015,3
2015-05-01,118.898,199-D5-15,573738.61,151673.75,2015,5
2015-06-01,118.911,199-D5-15,573738.61,151673.75,2015,6
2015-08-01,118.791,199-D5-15,573738.61,151673.75,2015,8
2015-09-01,118.73,199-D5-15,573738.61,151673.75,2015,9
2015-12-01,118.5335,199-D5-15,573738.61,151673.75,2015,12
2016-03-01,118.5995,199-D5-15,573738.61,151673.75,2016,3
2016-06-01,118.87400000000001,199-D5-15,573738.61,151673.75,2016,6
2016-09-01,118.84200000000001,199-D5-15,573738.61,151673.75,2016,9
2016-12-01,118.70299999999999,199-D5-15,573738.61,151673.75,2016,12
2017-03-01,118.902,199-D5-15,573738.61,151673.75,2017,3
2017-06-01,119.29899999999999,199-D5-15,573738.61,151673.75,2017,6
2017-09-01,118.99799999999999,199-D5-15,573738.61,151673.75,2017,9
2017-12-01,118.508,199-D5-15,573738.61,151673.75,2017,12
2018-03-01,118.915,199-D5-15,573738.61,151673.75,2018,3
2019-03-01,118.32799999999999,199-D5-15,573738.61,151673.75,2019,3
2019-11-01,118.266,199-D5-15,573738.61,151673.75,2019,11
2020-03-01,118.333,199-D5-15,573738.61,151673.75,2020,3
2020-11-01,118.48899999999999,199-D5-15,573738.61,151673.75,2020,11
2021-03-01,118.458,199-D5-15,573738.61,151673.75,2021,3
2021-11-01,118.235,199-D5-15,573738.61,151673.75,2021,11
2022-03-01,118.459,199-D5-15,573738.61,151673.75,2022,3
2022-10-01,118.469,199-D5-15,573738.61,151673.75,2022,10
2023-03-01,118.368,199-D5-15,573738.61,151673.75,2023,3
2023-04-01,118.118,199-D5-15,573738.61,151673.75,2023,4
2023-05-01,117.924,199-D5-15,573738.61,151673.75,2023,5
2023-06-01,117.865,199-D5-15,573738.61,151673.75,2023,6
2023-07-01,117.81299999999999,199-D5-15,573738.61,151673.75,2023,7
2023-08-01,117.741,199-D5-15,573738.61,151673.75,2023,8
2023-09-01,117.944,199-D5-15,573738.61,151673.75,2023,9
2023-10-01,117.64,199-D5-15,573738.61,151673.75,2023,10
2023-11-01,117.532,199-D5-15,573738.61,151673.75,2023,11
2023-12-01,117.494,199-D5-15,573738.61,151673.75,2023,12
2024-01-01,117.463,199-D5-15,573738.61,151673.75,2024,1
2014-01-01,117.675,199-D5-145,573215.62,151396.28,2014,1
2014-02-01,117.78399999999999,199-D5-145,573215.62,151396.28,2014,2
2014-03-01,117.60600000000001,199-D5-145,573215.62,151396.28,2014,3
2014-04-01,117.606,199-D5-145,573215.62,151396.28,2014,4
2014-05-01,117.7885,199-D5-145,573215.62,151396.28,2014,5
2014-06-01,117.8985,199-D5-145,573215.62,151396.28,2014,6
2014-07-01,118.13050000000001,199-D5-145,573215.62,151396.28,2014,7
2014-08-01,118.2325,199-D5-145,573215.62,151396.28,2014,8
2014-09-01,118.096,199-D5-145,573215.62,151396.28,2014,9
2014-10-01,117.962,199-D5-145,573215.62,151396.28,2014,10
2014-11-01,117.744,199-D5-145,573215.62,151396.28,2014,11
2014-12-01,117.72200000000001,199-D5-145,573215.62,151396.28,2014,12
2015-01-01,117.726,199-D5-145,573215.62,151396.28,2015,1
2015-02-01,118.079,199-D5-145,573215.62,151396.28,2015,2
2015-03-01,118.105,199-D5-145,573215.62,151396.28,2015,3
2015-04-01,118.149,199-D5-145,573215.62,151396.28,2015,4
2015-05-01,118.06200000000001,199-D5-145,573215.62,151396.28,2015,5
2015-06-01,119.80799999999999,199-D5-145,573215.62,151396.28,2015,6
2015-07-01,117.991,199-D5-145,573215.62,151396.28,2015,7
2015-08-01,117.86200000000001,199-D5-145,573215.62,151396.28,2015,8
2015-09-01,117.809,199-D5-145,573215.62,151396.28,2015,9
2015-10-01,117.766,199-D5-145,573215.62,151396.28,2015,10
2015-11-01,117.65,199-D5-145,573215.62,151396.28,2015,11
2015-12-01,117.67399999999999,199-D5-145,573215.62,151396.28,2015,12
2016-01-01,117.66799999999999,199-D5-145,573215.62,151396.28,2016,1
2016-02-01,117.664,199-D5-145,573215.62,151396.28,2016,2
2016-03-01,117.679,199-D5-145,573215.62,151396.28,2016,3
2016-04-01,117.76,199-D5-145,573215.62,151396.28,2016,4
2016-05-01,117.773,199-D5-145,573215.62,151396.28,2016,5
2016-06-01,117.939,199-D5-145,573215.62,151396.28,2016,6
2016-07-01,118.00299999999999,199-D5-145,573215.62,151396.28,2016,7
2016-11-01,117.73899999999999,199-D5-145,573215.62,151396.28,2016,11
2017-02-01,118.01799999999999,199-D5-145,573215.62,151396.28,2017,2
2017-05-01,118.51799999999999,199-D5-145,573215.62,151396.28,2017,5
2017-11-01,117.844,199-D5-145,573215.62,151396.28,2017,11
2018-02-01,117.95,199-D5-145,573215.62,151396.28,2018,2
2018-05-01,118.01100000000001,199-D5-145,573215.62,151396.28,2018,5
2018-11-01,117.69200000000001,199-D5-145,573215.62,151396.28,2018,11
2019-02-01,117.552,199-D5-145,573215.62,151396.28,2019,2
2019-05-01,117.375,199-D5-145,573215.62,151396.28,2019,5
2019-11-01,117.15,199-D5-145,573215.62,151396.28,2019,11
2020-02-01,117.285,199-D5-145,573215.62,151396.28,2020,2
2020-11-01,117.56200000000001,199-D5-145,573215.62,151396.28,2020,11
2021-02-01,117.697,199-D5-145,573215.62,151396.28,2021,2
2021-05-01,117.57799999999999,199-D5-145,573215.62,151396.28,2021,5
2021-11-01,117.525,199-D5-145,573215.62,151396.28,2021,11
2022-11-01,117.92399999999999,199-D5-145,573215.62,151396.28,2022,11
2023-04-01,117.865,199-D5-145,573215.62,151396.28,2023,4
2023-05-01,117.889,199-D5-145,573215.62,151396.28,2023,5
2023-06-01,118.029,199-D5-145,573215.62,151396.28,2023,6
2023-07-01,117.94200000000001,199-D5-145,573215.62,151396.28,2023,7
2023-08-01,117.87100000000001,199-D5-145,573215.62,151396.28,2023,8
2023-09-01,117.792,199-D5-145,573215.62,151396.28,2023,9
2023-10-01,117.655,199-D5-145,573215.62,151396.28,2023,10
2023-11-01,117.605,199-D5-145,573215.62,151396.28,2023,11
2023-12-01,117.648,199-D5-145,573215.62,151396.28,2023,12
2024-01-01,117.656,199-D5-145,573215.62,151396.28,2024,1
2014-01-01,117.90899999999999,199-D5-34,573240.42,151554.12,2014,1
2014-02-01,117.9,199-D5-34,573240.42,151554.12,2014,2
2014-03-01,117.70666666666666,199-D5-34,573240.42,151554.12,2014,3
2014-04-01,117.83833333333332,199-D5-34,573240.42,151554.12,2014,4
2014-05-01,118.045,199-D5-34,573240.42,151554.12,2014,5
2014-06-01,118.2185,199-D5-34,573240.42,151554.12,2014,6
2014-07-01,118.372,199-D5-34,573240.42,151554.12,2014,7
2014-08-01,118.4175,199-D5-34,573240.42,151554.12,2014,8
2014-09-01,118.2615,199-D5-34,573240.42,151554.12,2014,9
2014-10-01,118.07300000000001,199-D5-34,573240.42,151554.12,2014,10
2014-11-01,117.945,199-D5-34,573240.42,151554.12,2014,11
2014-12-01,117.986,199-D5-34,573240.42,151554.12,2014,12
2015-01-01,117.971,199-D5-34,573240.42,151554.12,2015,1
2015-02-01,118.37299999999999,199-D5-34,573240.42,151554.12,2015,2
2015-03-01,118.05850000000001,199-D5-34,573240.42,151554.12,2015,3
2015-04-01,118.30799999999999,199-D5-34,573240.42,151554.12,2015,4
2015-05-01,118.20100000000001,199-D5-34,573240.42,151554.12,2015,5
2015-06-01,118.209,199-D5-34,573240.42,151554.12,2015,6
2023-05-01,117.89958004656275,199-D5-34,573240.42,151554.12,2023,5
2023-06-01,118.03305592596978,199-D5-34,573240.42,151554.12,2023,6
2023-07-01,117.92540969782402,199-D5-34,573240.42,151554.12,2023,7
2023-08-01,117.87675612388001,199-D5-34,573240.42,151554.12,2023,8
2023-09-01,117.79284438090764,199-D5-34,573240.42,151554.12,2023,9
2023-10-01,117.6432347499705,199-D5-34,573240.42,151554.12,2023,10
2023-11-01,117.68062605496387,199-D5-34,573240.42,151554.12,2023,11
2023-12-01,117.83707527846407,199-D5-34,573240.42,151554.12,2023,12
2024-01-01,117.76231943112306,199-D5-34,573240.42,151554.12,2024,1
2014-01-01,117.815,199-D5-146,573219.79,151345.59,2014,1
2014-02-01,117.899,199-D5-146,573219.79,151345.59,2014,2
2014-03-01,117.66149999999999,199-D5-146,573219.79,151345.59,2014,3
2014-04-01,117.70100000000001,199-D5-146,573219.79,151345.59,2014,4
2023-05-01,118.12510381328669,199-D5-146,573219.79,151345.59,2023,5
2023-06-01,118.25321258076914,199-D5-146,573219.79,151345.59,2023,6
2023-07-01,118.18616213971484,199-D5-146,573219.79,151345.59,2023,7
2023-08-01,118.13101623141507,199-D5-146,573219.79,151345.59,2023,8
2023-09-01,118.06411354208709,199-D5-146,573219.79,151345.59,2023,9
2023-10-01,117.92397904291758,199-D5-146,573219.79,151345.59,2023,10
2023-11-01,117.81627298699911,199-D5-146,573219.79,151345.59,2023,11
2023-12-01,117.8740513247972,199-D5-146,573219.79,151345.59,2023,12
2024-01-01,117.86797446363605,199-D5-146,573219.79,151345.59,2024,1
2014-02-01,118.62,199-D5-142,573791.87,151563.26,2014,2
2014-03-01,118.56200000000001,199-D5-142,573791.87,151563.26,2014,3
2014-11-01,118.96600000000001,199-D5-142,573791.87,151563.26,2014,11
2015-02-01,119.09,199-D5-142,573791.87,151563.26,2015,2
2015-03-01,119.118,199-D5-142,573791.87,151563.26,2015,3
2015-05-01,119.087,199-D5-142,573791.87,151563.26,2015,5
2015-09-01,119.03200000000001,199-D5-142,573791.87,151563.26,2015,9
2015-11-01,118.87100000000001,199-D5-142,573791.87,151563.26,2015,11
2016-02-01,118.845,199-D5-142,573791.87,151563.26,2016,2
2016-03-01,118.93700000000001,199-D5-142,573791.87,151563.26,2016,3
2016-05-01,119.117,199-D5-142,573791.87,151563.26,2016,5
2016-11-01,118.87799999999999,199-D5-142,573791.87,151563.26,2016,11
2017-02-01,119.137,199-D5-142,573791.87,151563.26,2017,2
2017-03-01,119.161,199-D5-142,573791.87,151563.26,2017,3
2017-05-01,119.406,199-D5-142,573791.87,151563.26,2017,5
2017-11-01,117.68700000000001,199-D5-142,573791.87,151563.26,2017,11
2018-02-01,119.07600000000001,199-D5-142,573791.87,151563.26,2018,2
2018-03-01,119.16799999999999,199-D5-142,573791.87,151563.26,2018,3
2018-05-01,119.307,199-D5-142,573791.87,151563.26,2018,5
2018-11-01,118.89399999999999,199-D5-142,573791.87,151563.26,2018,11
2019-02-01,118.62799999999999,199-D5-142,573791.87,151563.26,2019,2
2019-03-01,118.584,199-D5-142,573791.87,151563.26,2019,3
2019-05-01,118.59100000000001,199-D5-142,573791.87,151563.26,2019,5
2019-11-01,118.507,199-D5-142,573791.87,151563.26,2019,11
2020-02-01,118.568,199-D5-142,573791.87,151563.26,2020,2
2020-03-01,118.604,199-D5-142,573791.87,151563.26,2020,3
2020-12-01,118.77600000000001,199-D5-142,573791.87,151563.26,2020,12
2021-02-01,118.694,199-D5-142,573791.87,151563.26,2021,2
2021-03-01,118.71600000000001,199-D5-142,573791.87,151563.26,2021,3
2021-06-01,118.61399999999999,199-D5-142,573791.87,151563.26,2021,6
2021-12-01,118.427,199-D5-142,573791.87,151563.26,2021,12
2022-03-01,118.694,199-D5-142,573791.87,151563.26,2022,3
2022-10-01,118.734,199-D5-142,573791.87,151563.26,2022,10
2023-03-01,118.447,199-D5-142,573791.87,151563.26,2023,3
2023-04-01,118.294,199-D5-142,573791.87,151563.26,2023,4
2023-06-01,118.014,199-D5-142,573791.87,151563.26,2023,6
2023-08-01,117.885,199-D5-142,573791.87,151563.26,2023,8
2023-10-01,117.767,199-D5-142,573791.87,151563.26,2023,10
2014-03-01,118.575,199-D5-123,573824.21,151639.41,2014,3
2014-06-01,118.949,199-D5-123,573824.21,151639.41,2014,6
2014-09-01,118.91799999999999,199-D5-123,573824.21,151639.41,2014,9
2014-12-01,118.81200000000001,199-D5-123,573824.21,151639.41,2014,12
2015-02-01,118.89299999999999,199-D5-123,573824.21,151639.41,2015,2
2015-05-01,118.889,199-D5-123,573824.21,151639.41,2015,5
2015-08-01,118.79,199-D5-123,573824.21,151639.41,2015,8
2015-12-01,118.54899999999999,199-D5-123,573824.21,151639.41,2015,12
2016-03-01,118.62,199-D5-123,573824.21,151639.41,2016,3
2016-06-01,118.87200000000001,199-D5-123,573824.21,151639.41,2016,6
2016-12-01,118.684,199-D5-123,573824.21,151639.41,2016,12
2017-12-01,118.773,199-D5-123,573824.21,151639.41,2017,12
2018-12-01,118.555,199-D5-123,573824.21,151639.41,2018,12
2019-12-01,118.316,199-D5-123,573824.21,151639.41,2019,12
2020-12-01,118.566,199-D5-123,573824.21,151639.41,2020,12
2021-11-01,118.281,199-D5-123,573824.21,151639.41,2021,11
2022-10-01,118.506,199-D5-123,573824.21,151639.41,2022,10
2023-04-01,118.16,199-D5-123,573824.21,151639.41,2023,4
2023-06-01,117.916,199-D5-123,573824.21,151639.41,2023,6
2023-08-01,117.809,199-D5-123,573824.21,151639.41,2023,8
2023-10-01,117.701,199-D5-123,573824.21,151639.41,2023,10
2023-12-01,117.556,199-D5-123,573824.21,151639.41,2023,12
2016-05-01,118.585,199-D5-150,573429.42,151401.85,2016,5
2016-09-01,118.617,199-D5-150,573429.42,151401.85,2016,9
2016-11-01,118.384,199-D5-150,573429.42,151401.85,2016,11
2017-02-01,118.671,199-D5-150,573429.42,151401.85,2017,2
2017-03-01,118.712,199-D5-150,573429.42,151401.85,2017,3
2017-05-01,119.07600000000001,199-D5-150,573429.42,151401.85,2017,5
2017-08-01,119.197,199-D5-150,573429.42,151401.85,2017,8
2017-11-01,118.50200000000001,199-D5-150,573429.42,151401.85,2017,11
2018-02-01,118.565,199-D5-150,573429.42,151401.85,2018,2
2018-05-01,118.65700000000001,199-D5-150,573429.42,151401.85,2018,5
2018-08-01,118.874,199-D5-150,573429.42,151401.85,2018,8
2018-11-01,118.26700000000001,199-D5-150,573429.42,151401.85,2018,11
2019-03-01,118.027,199-D5-150,573429.42,151401.85,2019,3
2019-05-01,117.88799999999999,199-D5-150,573429.42,151401.85,2019,5
2019-08-01,118.016,199-D5-150,573429.42,151401.85,2019,8
2019-11-01,117.741,199-D5-150,573429.42,151401.85,2019,11
2020-02-01,117.863,199-D5-150,573429.42,151401.85,2020,2
2020-08-01,118.54299999999999,199-D5-150,573429.42,151401.85,2020,8
2020-11-01,118.15700000000001,199-D5-150,573429.42,151401.85,2020,11
2021-02-01,118.219,199-D5-150,573429.42,151401.85,2021,2
2021-04-01,118.12299999999999,199-D5-150,573429.42,151401.85,2021,4
2021-08-01,118.147,199-D5-150,573429.42,151401.85,2021,8
2021-11-01,117.90899999999999,199-D5-150,573429.42,151401.85,2021,11
2022-11-01,118.29799999999999,199-D5-150,573429.42,151401.85,2022,11
2023-04-01,118.05,199-D5-150,573429.42,151401.85,2023,4
2023-05-01,118.032,199-D5-150,573429.42,151401.85,2023,5
2023-06-01,118.08,199-D5-150,573429.42,151401.85,2023,6
2023-07-01,118.00299999999999,199-D5-150,573429.42,151401.85,2023,7
2023-08-01,117.934,199-D5-150,573429.42,151401.85,2023,8
2023-09-01,117.861,199-D5-150,573429.42,151401.85,2023,9
2023-10-01,117.712,199-D5-150,573429.42,151401.85,2023,10
2023-11-01,116.667,199-D5-150,573429.42,151401.85,2023,11
2023-12-01,117.684,199-D5-150,573429.42,151401.85,2023,12
2024-01-01,117.674,199-D5-150,573429.42,151401.85,2024,1
2016-05-01,118.214,199-D5-151,573312.03,151391.88,2016,5
2016-06-01,118.24799999999999,199-D5-151,573312.03,151391.88,2016,6
2016-07-01,118.307,199-D5-151,573312.03,151391.88,2016,7
2016-10-01,118.01700000000001,199-D5-151,573312.03,151391.88,2016,10
2016-11-01,118.025,199-D5-151,573312.03,151391.88,2016,11
2016-12-01,118.096,199-D5-151,573312.03,151391.88,2016,12
2017-01-01,118.30799999999999,199-D5-151,573312.03,151391.88,2017,1
2017-02-01,118.34100000000001,199-D5-151,573312.03,151391.88,2017,2
2017-03-01,118.365,199-D5-151,573312.03,151391.88,2017,3
2017-04-01,118.425,199-D5-151,573312.03,151391.88,2017,4
2017-05-01,118.62299999999999,199-D5-151,573312.03,151391.88,2017,5
2017-06-01,118.975,199-D5-151,573312.03,151391.88,2017,6
2017-07-01,119.066,199-D5-151,573312.03,151391.88,2017,7
2017-08-01,118.85799999999999,199-D5-151,573312.03,151391.88,2017,8
2017-09-01,118.67200000000001,199-D5-151,573312.03,151391.88,2017,9
2017-11-01,118.149,199-D5-151,573312.03,151391.88,2017,11
2018-02-01,118.23,199-D5-151,573312.03,151391.88,2018,2
2018-05-01,118.314,199-D5-151,573312.03,151391.88,2018,5
2018-10-01,118.0,199-D5-151,573312.03,151391.88,2018,10
2019-03-01,117.74700000000001,199-D5-151,573312.03,151391.88,2019,3
2019-05-01,117.588,199-D5-151,573312.03,151391.88,2019,5
2019-10-01,117.42399999999999,199-D5-151,573312.03,151391.88,2019,10
2020-02-01,117.50399999999999,199-D5-151,573312.03,151391.88,2020,2
2020-11-01,117.82700000000001,199-D5-151,573312.03,151391.88,2020,11
2021-02-01,117.93299999999999,199-D5-151,573312.03,151391.88,2021,2
2021-05-01,117.82799999999999,199-D5-151,573312.03,151391.88,2021,5
2021-11-01,117.685,199-D5-151,573312.03,151391.88,2021,11
2023-05-01,118.41980425956056,199-D5-151,573312.03,151391.88,2023,5
2023-06-01,118.51263447909643,199-D5-151,573312.03,151391.88,2023,6
2023-07-01,118.43764382134839,199-D5-151,573312.03,151391.88,2023,7
2023-08-01,118.37803582879255,199-D5-151,573312.03,151391.88,2023,8
2023-09-01,118.24388994775403,199-D5-151,573312.03,151391.88,2023,9
2023-10-01,118.11468851386356,199-D5-151,573312.03,151391.88,2023,10
2023-11-01,118.0857552786262,199-D5-151,573312.03,151391.88,2023,11
2023-12-01,118.14086098350307,199-D5-151,573312.03,151391.88,2023,12
2024-01-01,118.11356842023855,199-D5-151,573312.03,151391.88,2024,1
2016-05-01,118.369,199-D5-152,573300.18,151349.1,2016,5
2016-06-01,118.436,199-D5-152,573300.18,151349.1,2016,6
2016-07-01,118.473,199-D5-152,573300.18,151349.1,2016,7
2016-10-01,118.18299999999999,199-D5-152,573300.18,151349.1,2016,10
2016-11-01,118.19200000000001,199-D5-152,573300.18,151349.1,2016,11
2016-12-01,118.262,199-D5-152,573300.18,151349.1,2016,12
2017-01-01,118.45299999999999,199-D5-152,573300.18,151349.1,2017,1
2017-02-01,118.49700000000001,199-D5-152,573300.18,151349.1,2017,2
2017-03-01,118.51799999999999,199-D5-152,573300.18,151349.1,2017,3
2017-04-01,118.575,199-D5-152,573300.18,151349.1,2017,4
2017-05-01,118.766,199-D5-152,573300.18,151349.1,2017,5
2017-06-01,119.11399999999999,199-D5-152,573300.18,151349.1,2017,6
2017-08-01,119.027,199-D5-152,573300.18,151349.1,2017,8
2017-09-01,118.79899999999999,199-D5-152,573300.18,151349.1,2017,9
2017-11-01,118.307,199-D5-152,573300.18,151349.1,2017,11
2018-02-01,118.348,199-D5-152,573300.18,151349.1,2018,2
2018-05-01,118.432,199-D5-152,573300.18,151349.1,2018,5
2018-10-01,118.169,199-D5-152,573300.18,151349.1,2018,10
2019-02-01,117.895,199-D5-152,573300.18,151349.1,2019,2
2019-05-01,117.729,199-D5-152,573300.18,151349.1,2019,5
2019-10-01,117.59200000000001,199-D5-152,573300.18,151349.1,2019,10
2020-02-01,117.69,199-D5-152,573300.18,151349.1,2020,2
2020-11-01,117.977,199-D5-152,573300.18,151349.1,2020,11
2021-02-01,118.054,199-D5-152,573300.18,151349.1,2021,2
2021-05-01,117.956,199-D5-152,573300.18,151349.1,2021,5
2021-11-01,117.84700000000001,199-D5-152,573300.18,151349.1,2021,11
2022-11-01,118.241,199-D5-152,573300.18,151349.1,2022,11
2023-04-01,118.054,199-D5-152,573300.18,151349.1,2023,4
2023-05-01,118.01299999999999,199-D5-152,573300.18,151349.1,2023,5
2023-06-01,118.109,199-D5-152,573300.18,151349.1,2023,6
2023-07-01,118.04,199-D5-152,573300.18,151349.1,2023,7
2023-08-01,117.978,199-D5-152,573300.18,151349.1,2023,8
2023-09-01,117.913,199-D5-152,573300.18,151349.1,2023,9
2023-10-01,117.76,199-D5-152,573300.18,151349.1,2023,10
2023-11-01,117.704,199-D5-152,573300.18,151349.1,2023,11
2023-12-01,117.719,199-D5-152,573300.18,151349.1,2023,12
2024-01-01,117.684,199-D5-152,573300.18,151349.1,2024,1
2016-05-01,118.055,199-D5-149,573327.62,151461.82,2016,5
2016-08-01,118.038,199-D5-149,573327.62,151461.82,2016,8
2016-11-01,117.822,199-D5-149,573327.62,151461.82,2016,11
2017-02-01,118.15100000000001,199-D5-149,573327.62,151461.82,2017,2
2017-05-01,118.62100000000001,199-D5-149,573327.62,151461.82,2017,5
2017-08-01,118.66,199-D5-149,573327.62,151461.82,2017,8
2017-11-01,117.92399999999999,199-D5-149,573327.62,151461.82,2017,11
2018-02-01,118.09100000000001,199-D5-149,573327.62,151461.82,2018,2
2018-05-01,119.164,199-D5-149,573327.62,151461.82,2018,5
2018-08-01,118.305,199-D5-149,573327.62,151461.82,2018,8
2018-10-01,117.73899999999999,199-D5-149,573327.62,151461.82,2018,10
2019-02-01,117.58,199-D5-149,573327.62,151461.82,2019,2
2019-05-01,117.414,199-D5-149,573327.62,151461.82,2019,5
2019-08-01,117.464,199-D5-149,573327.62,151461.82,2019,8
2019-11-01,117.204,199-D5-149,573327.62,151461.82,2019,11
2020-02-01,117.366,199-D5-149,573327.62,151461.82,2020,2
2020-08-01,118.46799999999999,199-D5-149,573327.62,151461.82,2020,8
2020-11-01,117.611,199-D5-149,573327.62,151461.82,2020,11
2021-02-01,117.789,199-D5-149,573327.62,151461.82,2021,2
2021-04-01,117.119,199-D5-149,573327.62,151461.82,2021,4
2021-08-01,117.723,199-D5-149,573327.62,151461.82,2021,8
2021-11-01,117.461,199-D5-149,573327.62,151461.82,2021,11
2022-11-01,117.885,199-D5-149,573327.62,151461.82,2022,11
2023-04-01,117.804,199-D5-149,573327.62,151461.82,2023,4
2023-05-01,117.86500000000001,199-D5-149,573327.62,151461.82,2023,5
2023-06-01,117.988,199-D5-149,573327.62,151461.82,2023,6
2023-07-01,117.87200000000001,199-D5-149,573327.62,151461.82,2023,7
2023-08-01,117.811,199-D5-149,573327.62,151461.82,2023,8
2023-09-01,117.725,199-D5-149,573327.62,151461.82,2023,9
2023-10-01,117.542,199-D5-149,573327.62,151461.82,2023,10
2023-11-01,117.545,199-D5-149,573327.62,151461.82,2023,11
2023-12-01,117.602,199-D5-149,573327.62,151461.82,2023,12
2024-01-01,117.616,199-D5-149,573327.62,151461.82,2024,1
2016-12-01,117.714,199-D5-44,572993.581,151835.736,2016,12
2017-11-01,117.415,199-D5-44,572993.581,151835.736,2017,11
2018-11-01,117.305,199-D5-44,572993.581,151835.736,2018,11
2019-11-01,116.98100000000001,199-D5-44,572993.581,151835.736,2019,11
2020-02-01,117.333,199-D5-44,572993.581,151835.736,2020,2
2020-11-01,117.39,199-D5-44,572993.581,151835.736,2020,11
2021-02-01,117.825,199-D5-44,572993.581,151835.736,2021,2
2021-05-01,117.686,199-D5-44,572993.581,151835.736,2021,5
2021-11-01,117.23299999999999,199-D5-44,572993.581,151835.736,2021,11
2022-11-01,117.51700000000001,199-D5-44,572993.581,151835.736,2022,11
2023-04-01,117.21700000000001,199-D5-44,572993.581,151835.736,2023,4
2023-05-01,117.585,199-D5-44,572993.581,151835.736,2023,5
2023-06-01,117.78399999999999,199-D5-44,572993.581,151835.736,2023,6
2023-07-01,117.566,199-D5-44,572993.581,151835.736,2023,7
2023-08-01,117.647,199-D5-44,572993.581,151835.736,2023,8
2023-09-01,117.25299999999999,199-D5-44,572993.581,151835.736,2023,9
2023-10-01,117.02,199-D5-44,572993.581,151835.736,2023,10
2023-11-01,117.215,199-D5-44,572993.581,151835.736,2023,11
2023-12-01,117.263,199-D5-44,572993.581,151835.736,2023,12
2024-01-01,117.374,199-D5-44,572993.581,151835.736,2024,1
2021-12-01,117.55799999999999,199-D1-1,573381.0,151558.0,2021,12
2022-05-01,117.84899999999999,199-D1-1,573381.0,151558.0,2022,5
2022-07-01,118.3,199-D1-1,573381.0,151558.0,2022,7
2022-08-01,118.434,199-D1-1,573381.0,151558.0,2022,8
2022-10-01,117.73100000000001,199-D1-1,573381.0,151558.0,2022,10
2022-11-01,117.867,199-D1-1,573381.0,151558.0,2022,11
2023-02-01,117.859,199-D1-1,573381.0,151558.0,2023,2
2023-04-01,117.74799999999999,199-D1-1,573381.0,151558.0,2023,4
2023-05-01,117.81,199-D1-1,573381.0,151558.0,2023,5
2023-06-01,117.958,199-D1-1,573381.0,151558.0,2023,6
2023-07-01,117.816,199-D1-1,573381.0,151558.0,2023,7
2023-08-01,117.758,199-D1-1,573381.0,151558.0,2023,8
2023-09-01,117.478,199-D1-1,573381.0,151558.0,2023,9
2023-10-01,117.489,199-D1-1,573381.0,151558.0,2023,10
2023-11-01,118.169,199-D1-1,573381.0,151558.0,2023,11
2023-12-01,117.535,199-D1-1,573381.0,151558.0,2023,12
2024-01-01,117.544,199-D1-1,573381.0,151558.0,2024,1
2022-05-01,118.63799999999999,199-D2-14,573504.05,151518.91,2022,5
2022-07-01,118.88,199-D2-14,573504.05,151518.91,2022,7
2022-08-01,119.027,199-D2-14,573504.05,151518.91,2022,8
2022-10-01,118.811,199-D2-14,573504.05,151518.91,2022,10
2022-11-01,118.73700000000001,199-D2-14,573504.05,151518.91,2022,11
2023-02-01,118.639,199-D2-14,573504.05,151518.91,2023,2
2023-04-01,118.34700000000001,199-D2-14,573504.05,151518.91,2023,4
2023-05-01,118.124,199-D2-14,573504.05,151518.91,2023,5
2023-06-01,118.039,199-D2-14,573504.05,151518.91,2023,6
2023-07-01,117.96549999999999,199-D2-14,573504.05,151518.91,2023,7
2023-08-01,117.92,199-D2-14,573504.05,151518.91,2023,8
2023-09-01,117.857,199-D2-14,573504.05,151518.91,2023,9
2023-10-01,117.762,199-D2-14,573504.05,151518.91,2023,10
2023-12-01,117.655,199-D2-14,573504.05,151518.91,2023,12
2024-01-01,117.635,199-D2-14,573504.05,151518.91,2024,1
2023-05-01,116.80970310757691,199-D5-128,573622.4,151237.35,2023,5
2023-06-01,117.0491257146359,199-D5-128,573622.4,151237.35,2023,6
2023-07-01,116.9999667480653,199-D5-128,573622.4,151237.35,2023,7
2023-08-01,116.93600735493222,199-D5-128,573622.4,151237.35,2023,8
2023-09-01,116.89239439633513,199-D5-128,573622.4,151237.35,2023,9
2023-10-01,116.82145119759478,199-D5-128,573622.4,151237.35,2023,10
2023-11-01,117.96238033143648,199-D5-128,573622.4,151237.35,2023,11
2023-12-01,118.72385201177416,199-D5-128,573622.4,151237.35,2023,12
2024-01-01,118.82278738055597,199-D5-128,573622.4,151237.35,2024,1
2023-05-01,117.76092116685614,199-D5-104,573265.48,151422.43,2023,5
2023-06-01,117.89340999642712,199-D5-104,573265.48,151422.43,2023,6
2023-07-01,117.80834408702836,199-D5-104,573265.48,151422.43,2023,7
2023-08-01,117.7526842496216,199-D5-104,573265.48,151422.43,2023,8
2023-09-01,117.67358143241792,199-D5-104,573265.48,151422.43,2023,9
2023-10-01,117.51294278018071,199-D5-104,573265.48,151422.43,2023,10
2023-11-01,117.4756191125753,199-D5-104,573265.48,151422.43,2023,11
2023-12-01,117.54113010136066,199-D5-104,573265.48,151422.43,2023,12
2024-01-01,117.53087486336926,199-D5-104,573265.48,151422.43,2024,1
2023-05-01,117.92981787248284,199-D5-39,573142.858,151428.428,2023,5
2023-06-01,118.11585085915523,199-D5-39,573142.858,151428.428,2023,6
2023-07-01,118.01119231341453,199-D5-39,573142.858,151428.428,2023,7
2023-08-01,117.90637524955558,199-D5-39,573142.858,151428.428,2023,8
2023-09-01,117.83409242569387,199-D5-39,573142.858,151428.428,2023,9
2023-10-01,117.68684408410142,199-D5-39,573142.858,151428.428,2023,10
2023-11-01,117.61154321602291,199-D5-39,573142.858,151428.428,2023,11
2023-12-01,117.68762073252579,199-D5-39,573142.858,151428.428,2023,12
2024-01-01,117.6686162774027,199-D5-39,573142.858,151428.428,2024,1
