SAMP_SITE_NAME,SAMP_DATE,WeightedConc
199-H3-25,2014-02-01,3.912478901785013
199-H3-25,2014-03-01,3.8623283229954843
199-H3-25,2014-04-01,3.8328311343984076
199-H3-25,2014-05-01,3.8115092234262744
199-H3-25,2014-06-01,3.8001183703805386
199-H3-25,2014-07-01,3.7789212428330283
199-H3-25,2014-08-01,3.7453059326360814
199-H3-25,2014-09-01,3.6957676253262726
199-H3-25,2014-10-01,3.6335805377093675
199-H3-25,2014-11-01,3.5755229723155058
199-H3-25,2014-12-01,3.5430687360628736
199-H3-25,2015-01-01,3.5125999571093516
199-H3-25,2015-02-01,3.540959418793134
199-H3-25,2015-03-01,3.579419248739585
199-H3-25,2015-04-01,3.6121337216742697
199-H3-25,2015-05-01,3.6295167162823847
199-H3-25,2015-06-01,3.631613580758184
199-H3-25,2015-07-01,3.632020132906382
199-H3-25,2015-08-01,4.020487938472405
199-H3-25,2015-09-01,5.497470563717241
199-H3-25,2015-10-01,8.00564509301564
199-H3-25,2015-11-01,9.63758423758888
199-H3-25,2015-12-01,9.83014098077374
199-H3-25,2016-01-01,9.836217033069381
199-H3-25,2016-02-01,9.65180420379276
199-H3-25,2016-03-01,9.3961489946048
199-H3-25,2016-04-01,8.790797878687641
199-H3-25,2016-05-01,7.49178465364148
199-H3-25,2016-06-01,6.939745124028321
199-H3-25,2016-07-01,6.920266923995261
199-H3-25,2016-08-01,7.140486810021921
199-H3-25,2016-09-01,7.470786090007861
199-H3-25,2016-10-01,7.7356262241262606
199-H3-25,2016-11-01,7.56339841748242
199-H3-25,2016-12-01,7.19674129969152
199-H3-25,2017-01-01,6.79130122585762
199-H3-25,2017-02-01,6.625982263252921
199-H3-25,2017-03-01,6.584933948333281
199-H3-25,2017-04-01,6.33531800186772
199-H3-25,2017-05-01,6.167681406088841
199-H3-25,2017-06-01,6.02910229198796
199-H3-25,2017-07-01,5.973293197183641
199-H3-25,2017-08-01,5.984996704818401
199-H3-25,2017-09-01,6.00258298326934
199-H3-25,2017-10-01,6.038283850059741
199-H3-25,2017-11-01,6.21236821549086
199-H3-25,2017-12-01,6.260785429347821
199-H3-25,2018-01-01,6.471598747059041
199-H3-25,2018-02-01,6.5696023575709805
199-H3-25,2018-03-01,6.5732488372198405
199-H3-25,2018-04-01,6.54606200733042
199-H3-25,2018-05-01,6.478513009018581
199-H3-25,2018-06-01,6.4962313254498
199-H3-25,2018-07-01,6.421830904267101
199-H3-25,2018-08-01,6.324887426305341
199-H3-25,2018-09-01,6.1929705067272804
199-H3-25,2018-10-01,5.9955900058732405
199-H3-25,2018-11-01,5.867750212971259
199-H3-25,2018-12-01,5.8166447150158005
199-H3-25,2019-01-01,5.775352223891461
199-H3-25,2019-02-01,5.76920084779526
199-H3-25,2019-03-01,5.7401421301559
199-H3-25,2019-04-01,5.685689604204285
199-H3-25,2019-05-01,5.638361980615529
199-H3-25,2019-06-01,5.7707798808179005
199-H3-25,2019-07-01,5.8172945716533615
199-H3-25,2019-08-01,5.720210520622681
199-H3-25,2019-09-01,5.6518474141773005
199-H3-25,2019-10-01,5.524987947336216
199-H3-25,2019-11-01,5.511346925902022
199-H3-25,2019-12-01,5.546269472454351
199-H3-25,2020-01-01,5.5719235007957995
199-H3-25,2020-02-01,5.6583594244815805
199-H3-25,2020-03-01,5.787360714026301
199-H3-25,2020-04-01,5.640271134786411
199-H3-25,2020-05-01,5.614693257810961
199-H3-25,2020-06-01,6.02785643524063
199-H3-25,2020-07-01,6.340074854459781
199-H3-25,2020-08-01,6.26787589233258
199-H3-25,2020-09-01,5.997358644486391
199-H3-25,2020-10-01,5.66578752292405
199-H3-25,2020-11-01,5.4778404753025605
199-H3-25,2020-12-01,5.449293775992741
199-H3-26,2014-02-01,1.5860958672842675
199-H3-26,2014-03-01,1.480368269455855
199-H3-26,2014-04-01,1.406278105855205
199-H3-26,2014-05-01,1.3570645811047035
199-H3-26,2014-06-01,1.3391950426787103
199-H3-26,2014-07-01,1.3164744756580737
199-H3-26,2014-08-01,1.2739483539009169
199-H3-26,2014-09-01,1.2027598389155336
199-H3-26,2014-10-01,1.1070871681063628
199-H3-26,2014-11-01,1.0160850363525258
199-H3-26,2014-12-01,0.9510278720161213
199-H3-26,2015-01-01,0.9013960559100749
199-H3-26,2015-02-01,0.8684746642576934
199-H3-26,2015-03-01,0.8509963714053971
199-H3-26,2015-04-01,0.8260415722520981
199-H3-26,2015-05-01,0.7922935388878755
199-H3-26,2015-06-01,0.761428318832015
199-H3-26,2015-07-01,0.7284674066783636
199-H3-26,2015-08-01,0.7238406267625407
199-H3-26,2015-09-01,0.9032661880127839
199-H3-26,2015-10-01,0.8902658167222255
199-H3-26,2015-11-01,0.8904582482525167
199-H3-26,2015-12-01,0.9973360864582367
199-H3-26,2016-01-01,1.2837784032497424
199-H3-26,2016-02-01,1.7875220509086736
199-H3-26,2016-03-01,2.6983106874878318
199-H3-26,2016-04-01,3.1008716536593197
199-H3-26,2016-05-01,2.6716529316107405
199-H3-26,2016-06-01,3.526537946215376
199-H3-26,2016-07-01,3.729630701239937
199-H3-26,2016-08-01,3.9958221445970157
199-H3-26,2016-09-01,4.247701427586059
199-H3-26,2016-10-01,4.713376388568143
199-H3-26,2016-11-01,5.084701198657867
199-H3-26,2016-12-01,5.169997917780398
199-H3-26,2017-01-01,5.116072076784437
199-H3-26,2017-02-01,4.893556572659827
199-H3-26,2017-03-01,4.282837696614784
199-H3-26,2017-04-01,3.497364511392074
199-H3-26,2017-05-01,2.502555724558239
199-H3-26,2017-06-01,2.0664807259840043
199-H3-26,2017-07-01,1.798676883739296
199-H3-26,2017-08-01,2.084358474599471
199-H3-26,2017-09-01,2.3789460483025078
199-H3-26,2017-10-01,2.426702323749604
199-H3-26,2017-11-01,2.4931569009699244
199-H3-26,2017-12-01,4.2661062175472395
199-H3-26,2018-01-01,4.38334692567216
199-H3-26,2018-02-01,4.083566358667779
199-H3-26,2018-03-01,3.308877484950832
199-H3-26,2018-04-01,2.642135254151324
199-H3-26,2018-05-01,2.002170995144372
199-H3-26,2018-06-01,0.930045057939992
199-H3-26,2018-07-01,1.03144271943832
199-H3-26,2018-08-01,1.3994572417344318
199-H3-26,2018-09-01,1.6611047737318279
199-H3-26,2018-10-01,1.6271272519949198
199-H3-26,2018-11-01,1.3915155146366318
199-H3-26,2018-12-01,1.1136343957940802
199-H3-26,2019-01-01,0.8918792445642441
199-H3-26,2019-02-01,0.8141924532487961
199-H3-26,2019-03-01,0.6741148012182842
199-H3-26,2019-04-01,0.552661296206248
199-H3-26,2019-05-01,0.5278509910245559
199-H3-26,2019-06-01,0.43596886922688394
199-H3-26,2019-07-01,0.3597511284662896
199-H3-26,2019-08-01,0.37089283651177524
199-H3-26,2019-09-01,0.7493540791687088
199-H3-26,2019-10-01,0.8338658111428955
199-H3-26,2019-11-01,0.8128907007766071
199-H3-26,2019-12-01,0.7852164480869899
199-H3-26,2020-01-01,0.7683926568690697
199-H3-26,2020-02-01,0.7518024120660355
199-H3-26,2020-03-01,0.7214772533304624
199-H3-26,2020-04-01,0.71346039104095
199-H3-26,2020-05-01,0.68668475458718
199-H3-26,2020-06-01,0.6301197128000535
199-H3-26,2020-07-01,0.38384830634155237
199-H3-26,2020-08-01,0.28413721787849033
199-H3-26,2020-09-01,0.2597921634479771
199-H3-26,2020-10-01,0.2761316582046084
199-H3-26,2020-11-01,0.32120655701874595
199-H3-26,2020-12-01,0.5103485729125083
199-H3-27,2014-02-01,5.1477977187669
199-H3-27,2014-03-01,5.048497855157999
199-H3-27,2014-04-01,4.9703027262360004
199-H3-27,2014-05-01,4.9048732219041575
199-H3-27,2014-06-01,4.853487040195973
199-H3-27,2014-07-01,4.794122343192624
199-H3-27,2014-08-01,4.719839810047035
199-H3-27,2014-09-01,4.627646787677007
199-H3-27,2014-10-01,4.524669992625572
199-H3-27,2014-11-01,4.42557172139789
199-H3-27,2014-12-01,4.352106915090182
199-H3-27,2015-01-01,4.287341813757978
199-H3-27,2015-02-01,4.243658732477903
199-H3-27,2015-03-01,4.212122301943048
199-H3-27,2015-04-01,4.173655068586943
199-H3-27,2015-05-01,4.128770951012888
199-H3-27,2015-06-01,4.089270201791759
199-H3-27,2015-07-01,4.044874448857367
199-H3-27,2015-08-01,4.001983540451505
199-H3-27,2015-09-01,3.965705429985621
199-H3-27,2015-10-01,3.920250607222634
199-H3-27,2015-11-01,3.8718741146100752
199-H3-27,2015-12-01,3.831893518737321
199-H3-27,2016-01-01,3.792554611286396
199-H3-27,2016-02-01,3.761455437464171
199-H3-27,2016-03-01,3.738456870135034
199-H3-27,2016-04-01,3.7235759452743724
199-H3-27,2016-05-01,3.7125394722862954
199-H3-27,2016-06-01,3.707613235951387
199-H3-27,2016-07-01,3.696085558993931
199-H3-27,2016-08-01,3.675716210596692
199-H3-27,2016-09-01,3.639807212940942
199-H3-27,2016-10-01,3.5922995550947587
199-H3-27,2016-11-01,3.55095892048874
199-H3-27,2016-12-01,3.526486741256003
199-H3-27,2017-01-01,3.5077301319105256
199-H3-27,2017-02-01,3.491628295469141
199-H3-27,2017-03-01,3.472477019364346
199-H3-27,2017-04-01,3.467587694334948
199-H3-27,2017-05-01,3.482079631095468
199-H3-27,2017-06-01,3.506935119793668
199-H3-27,2017-07-01,3.520947209898745
199-H3-27,2017-08-01,3.4999219764639946
199-H3-27,2017-09-01,3.471599666727274
199-H3-27,2017-10-01,3.4565682377198717
199-H3-27,2017-11-01,3.3980188348175138
199-H3-27,2017-12-01,3.3570607332910565
199-H3-27,2018-01-01,3.329300428081686
199-H3-27,2018-02-01,3.3141326135626303
199-H3-27,2018-03-01,3.3103079217677065
199-H3-27,2018-04-01,3.296315603427707
199-H3-27,2018-05-01,3.263098176675018
199-H3-27,2018-06-01,3.2086453949587153
199-H3-27,2018-07-01,3.105694056450438
199-H3-27,2018-08-01,2.9680376454095314
199-H3-27,2018-09-01,2.8585758384541085
199-H3-27,2018-10-01,2.7247125943086066
199-H3-27,2018-11-01,2.5996093172677823
199-H3-27,2018-12-01,2.495167316154528
199-H3-27,2019-01-01,2.395428733744727
199-H3-27,2019-02-01,2.300241546841872
199-H3-27,2019-03-01,2.2184463623551385
199-H3-27,2019-04-01,2.167444245218859
199-H3-27,2019-05-01,2.0916100248624385
199-H3-27,2019-06-01,2.0352121218122186
199-H3-27,2019-07-01,1.9722573869606772
199-H3-27,2019-08-01,1.892757933043615
199-H3-27,2019-09-01,1.8052214966811262
199-H3-27,2019-10-01,1.711860216060094
199-H3-27,2019-11-01,1.6329922173517821
199-H3-27,2019-12-01,1.5523548393336353
199-H3-27,2020-01-01,1.4749602536045472
199-H3-27,2020-02-01,1.4484950196688706
199-H3-27,2020-03-01,1.4472298343946635
199-H3-27,2020-04-01,1.4295472509990836
199-H3-27,2020-05-01,1.4185134934915777
199-H3-27,2020-06-01,1.4300906036362264
199-H3-27,2020-07-01,1.4468458664670685
199-H3-27,2020-08-01,1.4493983995989117
199-H3-27,2020-09-01,1.403647647341719
199-H3-27,2020-10-01,1.3339904905860425
199-H3-27,2020-11-01,1.2584213589030717
199-H3-27,2020-12-01,1.185308872714534
199-H3-2A,2014-02-01,4.777551181326227
199-H3-2A,2014-03-01,4.108511513703575
199-H3-2A,2014-04-01,3.653532451623565
199-H3-2A,2014-05-01,3.2980263808594237
199-H3-2A,2014-06-01,3.0070639903733105
199-H3-2A,2014-07-01,2.7473646197290513
199-H3-2A,2014-08-01,2.4989136422121305
199-H3-2A,2014-09-01,2.2615212102351037
199-H3-2A,2014-10-01,2.045527494818007
199-H3-2A,2014-11-01,1.884295137110432
199-H3-2A,2014-12-01,1.789295898537146
199-H3-2A,2015-01-01,1.7286915793518578
199-H3-2A,2015-02-01,1.6886297646151216
199-H3-2A,2015-03-01,1.6657145568520058
199-H3-2A,2015-04-01,1.6225988503891906
199-H3-2A,2015-05-01,1.5688521751559452
199-H3-2A,2015-06-01,1.5373698966537332
199-H3-2A,2015-07-01,1.5013988634632638
199-H3-2A,2015-08-01,1.4544097131557794
199-H3-2A,2015-09-01,1.4278382223676702
199-H3-2A,2015-10-01,1.3712988727206132
199-H3-2A,2015-11-01,1.332876719009108
199-H3-2A,2015-12-01,1.3234418182300072
199-H3-2A,2016-01-01,1.3098450575067377
199-H3-2A,2016-02-01,1.3078840803795346
199-H3-2A,2016-03-01,1.3088883117060133
199-H3-2A,2016-04-01,1.3188599910600711
199-H3-2A,2016-05-01,1.345621121407479
199-H3-2A,2016-06-01,1.3499463110660606
199-H3-2A,2016-07-01,1.3446189788531424
199-H3-2A,2016-08-01,1.398717195702126
199-H3-2A,2016-09-01,1.5054663955379708
199-H3-2A,2016-10-01,1.741202820783395
199-H3-2A,2016-11-01,2.2352377832367694
199-H3-2A,2016-12-01,2.7133623908189803
199-H3-2A,2017-01-01,2.61088145012946
199-H3-2A,2017-02-01,2.0777420100233304
199-H3-2A,2017-03-01,1.6454098885010562
199-H3-2A,2017-04-01,1.465380090921466
199-H3-2A,2017-05-01,1.449915129353672
199-H3-2A,2017-06-01,1.4941629481791283
199-H3-2A,2017-07-01,1.5070213978086897
199-H3-2A,2017-08-01,1.4435000722104496
199-H3-2A,2017-09-01,1.3932787376434759
199-H3-2A,2017-10-01,1.7874281196057282
199-H3-2A,2017-11-01,2.4176013676042403
199-H3-2A,2017-12-01,2.4937635741932316
199-H3-2A,2018-01-01,2.1363912710225943
199-H3-2A,2018-02-01,1.708401584430262
199-H3-2A,2018-03-01,1.4970277232354643
199-H3-2A,2018-04-01,1.417729395877968
199-H3-2A,2018-05-01,1.299779249164374
199-H3-2A,2018-06-01,1.0557900712482824
199-H3-2A,2018-07-01,0.8739897976048907
199-H3-2A,2018-08-01,0.6929775953849371
199-H3-2A,2018-09-01,0.650588032153182
199-H3-2A,2018-10-01,0.6728346984084801
199-H3-2A,2018-11-01,1.196720234471884
199-H3-2A,2018-12-01,2.012430014113218
199-H3-2A,2019-01-01,3.155997349532394
199-H3-2A,2019-02-01,3.2696204376153064
199-H3-2A,2019-03-01,2.893764397742212
199-H3-2A,2019-04-01,2.4030454504003202
199-H3-2A,2019-05-01,1.9517209179882762
199-H3-2A,2019-06-01,1.2231156441316562
199-H3-2A,2019-07-01,0.882053052534008
199-H3-2A,2019-08-01,0.752906990324826
199-H3-2A,2019-09-01,0.69525091726458
199-H3-2A,2019-10-01,0.71424654967592
199-H3-2A,2019-11-01,0.7798458399046019
199-H3-2A,2019-12-01,0.7782421442637699
199-H3-2A,2020-01-01,0.73915433608901
199-H3-2A,2020-02-01,0.6931487833715442
199-H3-2A,2020-03-01,0.697334791179114
199-H3-2A,2020-04-01,0.717880392041301
199-H3-2A,2020-05-01,0.752866816095991
199-H3-2A,2020-06-01,0.779599928471551
199-H3-2A,2020-07-01,0.8188416474708142
199-H3-2A,2020-08-01,0.8352389797844155
199-H3-2A,2020-09-01,0.7738828766651873
199-H3-2A,2020-10-01,0.7212280827851459
199-H3-2A,2020-11-01,0.72580831419722
199-H3-2A,2020-12-01,0.69862360194662
199-H4-12A,2014-02-01,23.41059918697847
199-H4-12A,2014-03-01,26.526361985118253
199-H4-12A,2014-04-01,28.03874893417015
199-H4-12A,2014-05-01,28.7793190868946
199-H4-12A,2014-06-01,28.4480490405603
199-H4-12A,2014-07-01,29.3576952061185
199-H4-12A,2014-08-01,31.397084455724006
199-H4-12A,2014-09-01,33.290198634130995
199-H4-12A,2014-10-01,36.230341754478104
199-H4-12A,2014-11-01,40.4403284593576
199-H4-12A,2014-12-01,42.4448506371803
199-H4-12A,2015-01-01,43.0605084730764
199-H4-12A,2015-02-01,42.29715693206805
199-H4-12A,2015-03-01,41.2853579127556
199-H4-12A,2015-04-01,41.650242462784504
199-H4-12A,2015-05-01,43.312660620999345
199-H4-12A,2015-06-01,43.5858151344711
199-H4-12A,2015-07-01,44.209173776397755
199-H4-12A,2015-08-01,44.897968300130955
199-H4-12A,2015-09-01,47.19460728677131
199-H4-12A,2015-10-01,48.9050394105129
199-H4-12A,2015-11-01,49.3796816943468
199-H4-12A,2015-12-01,48.63743058794171
199-H4-12A,2016-01-01,47.75140455619635
199-H4-12A,2016-02-01,44.7388514040651
199-H4-12A,2016-03-01,44.762560745783254
199-H4-12A,2016-04-01,42.3413189404025
199-H4-12A,2016-05-01,38.387150896081685
199-H4-12A,2016-06-01,36.06523379907417
199-H4-12A,2016-07-01,35.12813610256323
199-H4-12A,2016-08-01,35.391103309873074
199-H4-12A,2016-09-01,36.63988399768406
199-H4-12A,2016-10-01,39.02660198366325
199-H4-12A,2016-11-01,39.05144177613601
199-H4-12A,2016-12-01,37.221024194187734
199-H4-12A,2017-01-01,35.175838403371856
199-H4-12A,2017-02-01,33.50074397445955
199-H4-12A,2017-03-01,32.78193969190627
199-H4-12A,2017-04-01,31.053475917027352
199-H4-12A,2017-05-01,28.91801490998802
199-H4-12A,2017-06-01,27.09656041692671
199-H4-12A,2017-07-01,26.290714429756527
199-H4-12A,2017-08-01,27.464051679210336
199-H4-12A,2017-09-01,29.00002530527267
199-H4-12A,2017-10-01,31.040347864408147
199-H4-12A,2017-11-01,32.85382859522706
199-H4-12A,2017-12-01,32.3600098363993
199-H4-12A,2018-01-01,30.477430858745603
199-H4-12A,2018-02-01,28.49572736562976
199-H4-12A,2018-03-01,26.683282665465516
199-H4-12A,2018-04-01,26.375191214779658
199-H4-12A,2018-05-01,24.817786814482908
199-H4-12A,2018-06-01,21.801863825404048
199-H4-12A,2018-07-01,21.335730317783838
199-H4-12A,2018-08-01,18.78842975659409
199-H4-12A,2018-09-01,18.844182720627188
199-H4-12A,2018-10-01,18.13610096828385
199-H4-12A,2018-11-01,17.840777671650173
199-H4-12A,2018-12-01,15.20258132965687
199-H4-12A,2019-01-01,13.34731165048002
199-H4-12A,2019-02-01,11.66346731785219
199-H4-12A,2019-03-01,10.337356680878914
199-H4-12A,2019-04-01,8.642482512621656
199-H4-12A,2019-05-01,5.18829690961926
199-H4-12A,2019-06-01,2.970541424175548
199-H4-12A,2019-07-01,2.174262138989016
199-H4-12A,2019-08-01,4.1559032611099065
199-H4-12A,2019-09-01,3.5997307021219123
199-H4-12A,2019-10-01,3.578256409053815
199-H4-12A,2019-11-01,3.4655601540752223
199-H4-12A,2019-12-01,3.227056222048282
199-H4-12A,2020-01-01,3.0264463628150033
199-H4-12A,2020-02-01,2.842568302580839
199-H4-12A,2020-03-01,2.6984756089956434
199-H4-12A,2020-04-01,2.5871781819052377
199-H4-12A,2020-05-01,2.5108336310023645
199-H4-12A,2020-06-01,2.3170493670735413
199-H4-12A,2020-07-01,2.151072443566501
199-H4-12A,2020-08-01,2.097505654437972
199-H4-12A,2020-09-01,2.1785224888171406
199-H4-12A,2020-10-01,2.22575810123273
199-H4-12A,2020-11-01,2.200753478130426
199-H4-12A,2020-12-01,2.087615114537947
199-H4-15A,2014-02-01,53.501927565204475
199-H4-15A,2014-03-01,51.593278633359695
199-H4-15A,2014-04-01,49.25993279936802
199-H4-15A,2014-05-01,47.02703822226809
199-H4-15A,2014-06-01,44.77146519781175
199-H4-15A,2014-07-01,43.11709384360333
199-H4-15A,2014-08-01,41.84402432614569
199-H4-15A,2014-09-01,41.10570770199398
199-H4-15A,2014-10-01,41.25876162000042
199-H4-15A,2014-11-01,40.78672438471135
199-H4-15A,2014-12-01,39.871335752031435
199-H4-15A,2015-01-01,38.69516211333636
199-H4-15A,2015-02-01,37.33748462204914
199-H4-15A,2015-03-01,36.110371260806126
199-H4-15A,2015-04-01,35.0008988827144
199-H4-15A,2015-05-01,34.104083563660474
199-H4-15A,2015-06-01,33.12415910409122
199-H4-15A,2015-07-01,32.19115700577106
199-H4-15A,2015-08-01,31.160255279103016
199-H4-15A,2015-09-01,29.684542834141403
199-H4-15A,2015-10-01,28.699140171002902
199-H4-15A,2015-11-01,27.508957375692685
199-H4-15A,2015-12-01,25.91290519061985
199-H4-15A,2016-01-01,24.29471630263787
199-H4-15A,2016-02-01,22.817788815075563
199-H4-15A,2016-03-01,21.431179454438478
199-H4-15A,2016-04-01,19.849642105326215
199-H4-15A,2016-05-01,17.855946225412882
199-H4-15A,2016-06-01,16.419032409589587
199-H4-15A,2016-07-01,15.204109847245292
199-H4-15A,2016-08-01,14.191796384774213
199-H4-15A,2016-09-01,13.404165185905303
199-H4-15A,2016-10-01,13.132584469960351
199-H4-15A,2016-11-01,12.411425012038949
199-H4-15A,2016-12-01,11.333880330810763
199-H4-15A,2017-01-01,10.264172124747656
199-H4-15A,2017-02-01,9.312227135357128
199-H4-15A,2017-03-01,8.733988479300175
199-H4-15A,2017-04-01,7.895332839802233
199-H4-15A,2017-05-01,7.004858955885418
199-H4-15A,2017-06-01,6.278480344835644
199-H4-15A,2017-07-01,5.841803178595043
199-H4-15A,2017-08-01,5.878007538564382
199-H4-15A,2017-09-01,6.054305852626951
199-H4-15A,2017-10-01,6.233740271372282
199-H4-15A,2017-11-01,6.323013900031167
199-H4-15A,2017-12-01,6.185743386094303
199-H4-15A,2018-01-01,5.844881174453564
199-H4-15A,2018-02-01,5.448533991866044
199-H4-15A,2018-03-01,5.107833354173048
199-H4-15A,2018-04-01,5.0231295963363065
199-H4-15A,2018-05-01,4.736327819160331
199-H4-15A,2018-06-01,4.311000234337085
199-H4-15A,2018-07-01,4.1721532821231575
199-H4-15A,2018-08-01,4.125649659816035
199-H4-15A,2018-09-01,4.1155082766371285
199-H4-15A,2018-10-01,4.114564994920321
199-H4-15A,2018-11-01,4.0674018179568305
199-H4-15A,2018-12-01,3.954720989424725
199-H4-15A,2019-01-01,3.857833447678239
199-H4-15A,2019-02-01,3.778081233564299
199-H4-15A,2019-03-01,3.7165850476319955
199-H4-15A,2019-04-01,3.675887305203338
199-H4-15A,2019-05-01,3.6198297405757205
199-H4-15A,2019-06-01,3.5389979264483973
199-H4-15A,2019-07-01,3.4985219442091595
199-H4-15A,2019-08-01,3.49006922705645
199-H4-15A,2019-09-01,3.470810993434811
199-H4-15A,2019-10-01,3.471642792324366
199-H4-15A,2019-11-01,3.477912725164329
199-H4-15A,2019-12-01,3.4816549935390615
199-H4-15A,2020-01-01,3.472595225233664
199-H4-15A,2020-02-01,3.4769722577075646
199-H4-15A,2020-03-01,3.4795621898163014
199-H4-15A,2020-04-01,3.490492946387523
199-H4-15A,2020-05-01,3.50673214333642
199-H4-15A,2020-06-01,3.4812842033943787
199-H4-15A,2020-07-01,3.4572973227805974
199-H4-15A,2020-08-01,3.458946422736469
199-H4-15A,2020-09-01,3.4740934214375008
199-H4-15A,2020-10-01,3.497110002888439
199-H4-15A,2020-11-01,3.4831279811854112
199-H4-15A,2020-12-01,3.444794282248325
199-H4-17,2014-02-01,43.71709410012037
199-H4-17,2014-03-01,43.6524693010708
199-H4-17,2014-04-01,43.154953074798314
199-H4-17,2014-05-01,42.52567423855515
199-H4-17,2014-06-01,41.67238661445019
199-H4-17,2014-07-01,41.03216200228276
199-H4-17,2014-08-01,40.620481316149466
199-H4-17,2014-09-01,40.588751727153685
199-H4-17,2014-10-01,40.98744480701228
199-H4-17,2014-11-01,41.32799393184385
199-H4-17,2014-12-01,41.52181143055218
199-H4-17,2015-01-01,41.279774099319425
199-H4-17,2015-02-01,40.658026216535504
199-H4-17,2015-03-01,39.96609122687658
199-H4-17,2015-04-01,39.34695319162873
199-H4-17,2015-05-01,38.93415887424762
199-H4-17,2015-06-01,38.46625960460453
199-H4-17,2015-07-01,38.03243462527442
199-H4-17,2015-08-01,37.49647166022438
199-H4-17,2015-09-01,36.73040513282301
199-H4-17,2015-10-01,36.38222699152378
199-H4-17,2015-11-01,35.961874317644565
199-H4-17,2015-12-01,35.27145878813643
199-H4-17,2016-01-01,34.64117913492707
199-H4-17,2016-02-01,34.13974341104497
199-H4-17,2016-03-01,33.729753914260485
199-H4-17,2016-04-01,33.3518488367196
199-H4-17,2016-05-01,31.746239716067002
199-H4-17,2016-06-01,30.301478857410913
199-H4-17,2016-07-01,29.405503371898384
199-H4-17,2016-08-01,28.644840906868325
199-H4-17,2016-09-01,27.978943424845667
199-H4-17,2016-10-01,27.688367809098793
199-H4-17,2016-11-01,27.182800585343625
199-H4-17,2016-12-01,26.395237647887456
199-H4-17,2017-01-01,25.425696178557505
199-H4-17,2017-02-01,24.50501627126872
199-H4-17,2017-03-01,23.75759778229025
199-H4-17,2017-04-01,22.75043466329895
199-H4-17,2017-05-01,21.812211499210168
199-H4-17,2017-06-01,20.8088979964923
199-H4-17,2017-07-01,19.787030690307688
199-H4-17,2017-08-01,19.32000731778106
199-H4-17,2017-09-01,19.222853026838646
199-H4-17,2017-10-01,19.18514547384225
199-H4-17,2017-11-01,19.004529021461902
199-H4-17,2017-12-01,18.707776552885704
199-H4-17,2018-01-01,18.32763085492188
199-H4-17,2018-02-01,18.0219692278827
199-H4-17,2018-03-01,17.183770902211776
199-H4-17,2018-04-01,16.700836869921456
199-H4-17,2018-05-01,16.044007966916393
199-H4-17,2018-06-01,15.034040651594697
199-H4-17,2018-07-01,14.181304966097677
199-H4-17,2018-08-01,13.520346073293359
199-H4-17,2018-09-01,13.128124595528062
199-H4-17,2018-10-01,12.731482777741201
199-H4-17,2018-11-01,12.3111208602396
199-H4-17,2018-12-01,11.791430376193002
199-H4-17,2019-01-01,11.30758516299805
199-H4-17,2019-02-01,10.798791589779
199-H4-17,2019-03-01,10.378178517519851
199-H4-17,2019-04-01,10.095900101187501
199-H4-17,2019-05-01,9.7831075463232
199-H4-17,2019-06-01,9.395208435148177
199-H4-17,2019-07-01,9.058529302898236
199-H4-17,2019-08-01,8.702568816865904
199-H4-17,2019-09-01,8.3195642038363
199-H4-17,2019-10-01,8.00754064520165
199-H4-17,2019-11-01,7.754828034743899
199-H4-17,2019-12-01,7.406381541143251
199-H4-17,2020-01-01,7.081671210372
199-H4-17,2020-02-01,6.844667417399201
199-H4-17,2020-03-01,6.6711833303374
199-H4-17,2020-04-01,6.529166032242601
199-H4-17,2020-05-01,6.39500069219455
199-H4-17,2020-06-01,6.181872731542462
199-H4-17,2020-07-01,6.182161633139796
199-H4-17,2020-08-01,6.158345338237286
199-H4-17,2020-09-01,5.7020680272137865
199-H4-17,2020-10-01,5.554436930643032
199-H4-17,2020-11-01,5.4080618515903645
199-H4-17,2020-12-01,5.222320867692954
199-H4-18,2014-02-01,42.813149825286004
199-H4-18,2014-03-01,42.49112806645262
199-H4-18,2014-04-01,42.15424716519826
199-H4-18,2014-05-01,41.82566614681672
199-H4-18,2014-06-01,41.468036416582834
199-H4-18,2014-07-01,41.10522032539429
199-H4-18,2014-08-01,40.723822559755355
199-H4-18,2014-09-01,40.349610566255926
199-H4-18,2014-10-01,39.99038797508421
199-H4-18,2014-11-01,39.559681293509804
199-H4-18,2014-12-01,39.261459389816004
199-H4-18,2015-01-01,38.95579204162498
199-H4-18,2015-02-01,38.65122310547391
199-H4-18,2015-03-01,38.373565338688636
199-H4-18,2015-04-01,38.05026201277104
199-H4-18,2015-05-01,37.71542537902271
199-H4-18,2015-06-01,37.43340462116342
199-H4-18,2015-07-01,37.136860235447855
199-H4-18,2015-08-01,36.734683936210736
199-H4-18,2015-09-01,36.27166706608328
199-H4-18,2015-10-01,35.80254853046829
199-H4-18,2015-11-01,35.330866672888284
199-H4-18,2015-12-01,34.93387760174693
199-H4-18,2016-01-01,34.63142015675516
199-H4-18,2016-02-01,34.54208564047421
199-H4-18,2016-03-01,34.494033849283205
199-H4-18,2016-04-01,34.50811742750811
199-H4-18,2016-05-01,34.38945825924201
199-H4-18,2016-06-01,34.271544131480226
199-H4-18,2016-07-01,34.06433233351678
199-H4-18,2016-08-01,33.77953016775411
199-H4-18,2016-09-01,33.36704465207513
199-H4-18,2016-10-01,32.936273387008804
199-H4-18,2016-11-01,32.715743309501626
199-H4-18,2016-12-01,32.54582376069732
199-H4-18,2017-01-01,32.35291520115211
199-H4-18,2017-02-01,32.19187661087121
199-H4-18,2017-03-01,31.95669667388293
199-H4-18,2017-04-01,31.725282471552966
199-H4-18,2017-05-01,31.577280295686737
199-H4-18,2017-06-01,31.418465732884684
199-H4-18,2017-07-01,31.204302113216258
199-H4-18,2017-08-01,30.88503173740952
199-H4-18,2017-09-01,30.601436122445776
199-H4-18,2017-10-01,30.292923014451105
199-H4-18,2017-11-01,30.126510268819615
199-H4-18,2017-12-01,30.034100603014004
199-H4-18,2018-01-01,29.905710481178634
199-H4-18,2018-02-01,29.71853727789583
199-H4-18,2018-03-01,29.59636389332527
199-H4-18,2018-04-01,29.45329897817853
199-H4-18,2018-05-01,29.349807752727276
199-H4-18,2018-06-01,29.26594513930941
199-H4-18,2018-07-01,29.07667090975934
199-H4-18,2018-08-01,28.79575115302546
199-H4-18,2018-09-01,28.643298390227482
199-H4-18,2018-10-01,28.49398149195171
199-H4-18,2018-11-01,28.374567427296498
199-H4-18,2018-12-01,28.194577975773687
199-H4-18,2019-01-01,28.00333144741
199-H4-18,2019-02-01,27.846846202713387
199-H4-18,2019-03-01,27.724161079978845
199-H4-18,2019-04-01,27.682509771086245
199-H4-18,2019-05-01,27.681259673578253
199-H4-18,2019-06-01,27.743291724253837
199-H4-18,2019-07-01,27.715141039413332
199-H4-18,2019-08-01,27.503365413871837
199-H4-18,2019-09-01,27.312214253533433
199-H4-18,2019-10-01,26.94506547183347
199-H4-18,2019-11-01,26.500135153230044
199-H4-18,2019-12-01,26.301287635334376
199-H4-18,2020-01-01,26.094678338023254
199-H4-18,2020-02-01,25.91124575589863
199-H4-18,2020-03-01,25.713725928384914
199-H4-18,2020-04-01,25.512327628986064
199-H4-18,2020-05-01,25.3008098425934
199-H4-18,2020-06-01,25.093419000585538
199-H4-18,2020-07-01,24.909394638682162
199-H4-18,2020-08-01,24.770145183235083
199-H4-18,2020-09-01,24.55310157931019
199-H4-18,2020-10-01,24.27783611706881
199-H4-18,2020-11-01,24.245347388162227
199-H4-18,2020-12-01,24.040662160981796
199-H4-4,2014-02-01,16.144892043935364
199-H4-4,2014-03-01,15.16216308905071
199-H4-4,2014-04-01,15.340863036233785
199-H4-4,2014-05-01,15.33303039056659
199-H4-4,2014-06-01,14.873567789333942
199-H4-4,2014-07-01,14.880142053905576
199-H4-4,2014-08-01,14.510580323171686
199-H4-4,2014-09-01,14.167100340976175
199-H4-4,2014-10-01,14.610836433412652
199-H4-4,2014-11-01,15.12677979712504
199-H4-4,2014-12-01,15.353789704065608
199-H4-4,2015-01-01,15.505992523508516
199-H4-4,2015-02-01,15.512921960552982
199-H4-4,2015-03-01,15.331064566675114
199-H4-4,2015-04-01,15.30823426351179
199-H4-4,2015-05-01,15.053753639763817
199-H4-4,2015-06-01,14.87709531973638
199-H4-4,2015-07-01,14.650831415294576
199-H4-4,2015-08-01,14.495421480002738
199-H4-4,2015-09-01,14.54863952570964
199-H4-4,2015-10-01,14.249982603943005
199-H4-4,2015-11-01,14.136057968217091
199-H4-4,2015-12-01,13.860978906798964
199-H4-4,2016-01-01,13.592351517413736
199-H4-4,2016-02-01,13.527141546776365
199-H4-4,2016-03-01,13.55037830268317
199-H4-4,2016-04-01,13.243952853861487
199-H4-4,2016-05-01,12.103204913672885
199-H4-4,2016-06-01,11.623572391235742
199-H4-4,2016-07-01,11.34811764526846
199-H4-4,2016-08-01,11.32071236016589
199-H4-4,2016-09-01,11.220137065611965
199-H4-4,2016-10-01,11.019970392267828
199-H4-4,2016-11-01,10.801801973124437
199-H4-4,2016-12-01,10.608434590178522
199-H4-4,2017-01-01,10.001822181393043
199-H4-4,2017-02-01,9.370628412554087
199-H4-4,2017-03-01,9.047125906374944
199-H4-4,2017-04-01,8.478676936126847
199-H4-4,2017-05-01,7.835596731844453
199-H4-4,2017-06-01,7.2577994850282215
199-H4-4,2017-07-01,6.903396047798632
199-H4-4,2017-08-01,7.010742886609436
199-H4-4,2017-09-01,7.243514576485947
199-H4-4,2017-10-01,7.5104602675049525
199-H4-4,2017-11-01,7.704090470779873
199-H4-4,2017-12-01,7.573363328173274
199-H4-4,2018-01-01,7.195095237664672
199-H4-4,2018-02-01,6.72074561108795
199-H4-4,2018-03-01,6.254765303082832
199-H4-4,2018-04-01,6.065417459645843
199-H4-4,2018-05-01,5.680325284925549
199-H4-4,2018-06-01,4.979788465559806
199-H4-4,2018-07-01,4.828016859024246
199-H4-4,2018-08-01,4.707805693536184
199-H4-4,2018-09-01,4.776081056474964
199-H4-4,2018-10-01,4.908369363846923
199-H4-4,2018-11-01,4.974187066469427
199-H4-4,2018-12-01,4.6303541949943305
199-H4-4,2019-01-01,4.35504673329636
199-H4-4,2019-02-01,4.055251066568692
199-H4-4,2019-03-01,3.7776478490878227
199-H4-4,2019-04-01,3.484607789424791
199-H4-4,2019-05-01,3.1217749806469066
199-H4-4,2019-06-01,2.5362989507995772
199-H4-4,2019-07-01,2.199282706758469
199-H4-4,2019-08-01,2.265913823999829
199-H4-4,2019-09-01,2.024635128248158
199-H4-4,2019-10-01,2.069378538059403
199-H4-4,2019-11-01,2.056739018515414
199-H4-4,2019-12-01,1.8213899771033248
199-H4-4,2020-01-01,1.6675397515021901
199-H4-4,2020-02-01,1.5270694951916544
199-H4-4,2020-03-01,1.4074831281386202
199-H4-4,2020-04-01,1.3430472568168834
199-H4-4,2020-05-01,1.3027423078578608
199-H4-4,2020-06-01,1.1395229520111265
199-H4-4,2020-07-01,1.029223455770941
199-H4-4,2020-08-01,1.0078266414191404
199-H4-4,2020-09-01,1.0400192517168099
199-H4-4,2020-10-01,1.099395921269164
199-H4-4,2020-11-01,1.1132193913181168
199-H4-4,2020-12-01,1.0366408061076737
199-H4-5,2014-02-01,18.24741400915324
199-H4-5,2014-03-01,19.986476275176127
199-H4-5,2014-04-01,20.77534117678657
199-H4-5,2014-05-01,21.36339194938623
199-H4-5,2014-06-01,21.47529541344018
199-H4-5,2014-07-01,22.135763402367964
199-H4-5,2014-08-01,23.014214278211345
199-H4-5,2014-09-01,23.550366994574965
199-H4-5,2014-10-01,24.90875190102996
199-H4-5,2014-11-01,27.059570112427416
199-H4-5,2014-12-01,28.427434222509497
199-H4-5,2015-01-01,29.271927522158613
199-H4-5,2015-02-01,30.05751783434749
199-H4-5,2015-03-01,30.387835604842877
199-H4-5,2015-04-01,30.9064690838509
199-H4-5,2015-05-01,31.04515539004554
199-H4-5,2015-06-01,30.98924015401518
199-H4-5,2015-07-01,30.685666017343546
199-H4-5,2015-08-01,30.2202319869932
199-H4-5,2015-09-01,30.352519073861178
199-H4-5,2015-10-01,29.65966277586246
199-H4-5,2015-11-01,29.09283097732298
199-H4-5,2015-12-01,29.0898021170589
199-H4-5,2016-01-01,28.738031169553018
199-H4-5,2016-02-01,28.00278808272018
199-H4-5,2016-03-01,27.17551045374876
199-H4-5,2016-04-01,25.93073608904758
199-H4-5,2016-05-01,22.771122847662358
199-H4-5,2016-06-01,20.84515454306682
199-H4-5,2016-07-01,19.82586099697302
199-H4-5,2016-08-01,19.79331525593752
199-H4-5,2016-09-01,20.5392117586573
199-H4-5,2016-10-01,21.570889961672744
199-H4-5,2016-11-01,21.22200411248994
199-H4-5,2016-12-01,20.075783131101343
199-H4-5,2017-01-01,18.32008086419332
199-H4-5,2017-02-01,16.399407145454703
199-H4-5,2017-03-01,15.521948495330541
199-H4-5,2017-04-01,13.3957710020304
199-H4-5,2017-05-01,11.028833287809961
199-H4-5,2017-06-01,9.538391328256008
199-H4-5,2017-07-01,8.919288513248873
199-H4-5,2017-08-01,9.609804929927106
199-H4-5,2017-09-01,10.81907420167374
199-H4-5,2017-10-01,12.15679205547574
199-H4-5,2017-11-01,12.909581434055083
199-H4-5,2017-12-01,12.60008555914862
199-H4-5,2018-01-01,11.568216460500981
199-H4-5,2018-02-01,10.225073247669862
199-H4-5,2018-03-01,8.90765221556984
199-H4-5,2018-04-01,8.688692030194801
199-H4-5,2018-05-01,7.69396953404992
199-H4-5,2018-06-01,5.720349120605168
199-H4-5,2018-07-01,5.245432789810549
199-H4-5,2018-08-01,3.9855941161921726
199-H4-5,2018-09-01,4.535789063846244
199-H4-5,2018-10-01,4.48283445839166
199-H4-5,2018-11-01,4.641405959848001
199-H4-5,2018-12-01,3.3659453381382405
199-H4-5,2019-01-01,2.6809811783616
199-H4-5,2019-02-01,2.17171340972918
199-H4-5,2019-03-01,1.8246997296256
199-H4-5,2019-04-01,1.3742660661822201
199-H4-5,2019-05-01,1.05619912964998
199-H4-5,2019-06-01,0.789401807969626
199-H4-5,2019-07-01,0.709035499588078
199-H4-5,2019-08-01,0.8023481302889961
199-H4-5,2019-09-01,0.7099124260964221
199-H4-5,2019-10-01,0.6952497168429339
199-H4-5,2019-11-01,0.687878450585372
199-H4-5,2019-12-01,0.6700277160224541
199-H4-5,2020-01-01,0.6403120153917821
199-H4-5,2020-02-01,0.617938479361944
199-H4-5,2020-03-01,0.599211055659386
199-H4-5,2020-04-01,0.599167194075724
199-H4-5,2020-05-01,0.610214052781912
199-H4-5,2020-06-01,0.5388822304296973
199-H4-5,2020-07-01,0.49190749927528726
199-H4-5,2020-08-01,0.5129399746095292
199-H4-5,2020-09-01,0.5574103404748548
199-H4-5,2020-10-01,0.5816987041235044
199-H4-5,2020-11-01,0.5684801256859605
199-H4-5,2020-12-01,0.5111640148270036
199-H4-64,2014-02-01,15.68498721075549
199-H4-64,2014-03-01,16.81828459239957
199-H4-64,2014-04-01,14.137291185178496
199-H4-64,2014-05-01,13.519249446763684
199-H4-64,2014-06-01,12.577049551419613
199-H4-64,2014-07-01,13.104142651987775
199-H4-64,2014-08-01,14.526115256563255
199-H4-64,2014-09-01,17.72209117100604
199-H4-64,2014-10-01,20.93181834829005
199-H4-64,2014-11-01,20.9846268785399
199-H4-64,2014-12-01,19.996078380166697
199-H4-64,2015-01-01,18.48816715575235
199-H4-64,2015-02-01,16.21814939425693
199-H4-64,2015-03-01,14.336206437332441
199-H4-64,2015-04-01,14.126190044162831
199-H4-64,2015-05-01,14.98392588537513
199-H4-64,2015-06-01,14.097045569016931
199-H4-64,2015-07-01,14.18011822142955
199-H4-64,2015-08-01,14.485513223452799
199-H4-64,2015-09-01,12.495572862464702
199-H4-64,2015-10-01,15.431281185088
199-H4-64,2015-11-01,14.79297890158605
199-H4-64,2015-12-01,11.09530097376122
199-H4-64,2016-01-01,9.376906726978302
199-H4-64,2016-02-01,7.5914947749112
199-H4-64,2016-03-01,6.3366972031018705
199-H4-64,2016-04-01,4.68051686881258
199-H4-64,2016-05-01,3.094030191637392
199-H4-64,2016-06-01,2.92198520339428
199-H4-64,2016-07-01,2.86767871871644
199-H4-64,2016-08-01,3.1698967517019803
199-H4-64,2016-09-01,4.0584254741064
199-H4-64,2016-10-01,8.057282466854911
199-H4-64,2016-11-01,7.008833856795591
199-H4-64,2016-12-01,3.6301054550701597
199-H4-64,2017-01-01,2.4854131726597504
199-H4-64,2017-02-01,2.0577622843244563
199-H4-64,2017-03-01,2.14355033556101
199-H4-64,2017-04-01,1.557463177658208
199-H4-64,2017-05-01,1.310983406811002
199-H4-64,2017-06-01,1.2001316230529582
199-H4-64,2017-07-01,1.1569668622852267
199-H4-64,2017-08-01,1.439836147898196
199-H4-64,2017-09-01,1.9757588494874703
199-H4-64,2017-10-01,2.41391697406522
199-H4-64,2017-11-01,2.74477393907331
199-H4-64,2017-12-01,2.4383511887002998
199-H4-64,2018-01-01,1.7361118505018902
199-H4-64,2018-02-01,1.3458776454425163
199-H4-64,2018-03-01,1.1827124162737501
199-H4-64,2018-04-01,1.2820476308664202
199-H4-64,2018-05-01,1.1050852216158016
199-H4-64,2018-06-01,1.0012303992727039
199-H4-64,2018-07-01,1.0073615649233323
199-H4-64,2018-08-01,1.042505722472469
199-H4-64,2018-09-01,1.177038070788499
199-H4-64,2018-10-01,1.3853188455793233
199-H4-64,2018-11-01,1.4366225990505193
199-H4-64,2018-12-01,1.2714694462896052
199-H4-64,2019-01-01,1.1904280101727969
199-H4-64,2019-02-01,1.112028426196366
199-H4-64,2019-03-01,1.0773374269723082
199-H4-64,2019-04-01,1.1636784837918268
199-H4-64,2019-05-01,1.200446225299363
199-H4-64,2019-06-01,0.966853487249515
199-H4-64,2019-07-01,0.9800157691337935
199-H4-64,2019-08-01,1.0151735767392658
199-H4-64,2019-09-01,0.9710832635628468
199-H4-64,2019-10-01,1.0808798573664131
199-H4-64,2019-11-01,1.0555312892454574
199-H4-64,2019-12-01,0.9753698549171141
199-H4-64,2020-01-01,0.9294478073152569
199-H4-64,2020-02-01,0.8898846973913043
199-H4-64,2020-03-01,0.8687697431193613
199-H4-64,2020-04-01,0.8823539991840068
199-H4-64,2020-05-01,0.878136509244802
199-H4-64,2020-06-01,0.8385400394943776
199-H4-64,2020-07-01,0.8231760525979701
199-H4-64,2020-08-01,0.8166023144700274
199-H4-64,2020-09-01,0.8135704514389588
199-H4-64,2020-10-01,0.8186867676657571
199-H4-64,2020-11-01,0.8141202270533037
199-H4-64,2020-12-01,0.7942313681427009
199-H4-65,2014-02-01,57.98753543224436
199-H4-65,2014-03-01,57.73338507904296
199-H4-65,2014-04-01,57.17670794565011
199-H4-65,2014-05-01,56.56237326986003
199-H4-65,2014-06-01,55.78209513100686
199-H4-65,2014-07-01,55.155580204959755
199-H4-65,2014-08-01,54.702825486188075
199-H4-65,2014-09-01,54.62411453483241
199-H4-65,2014-10-01,55.16658396510001
199-H4-65,2014-11-01,55.388024774399625
199-H4-65,2014-12-01,55.6982228551434
199-H4-65,2015-01-01,54.52639901459961
199-H4-65,2015-02-01,53.27847594549819
199-H4-65,2015-03-01,52.551486087089515
199-H4-65,2015-04-01,51.928886927936695
199-H4-65,2015-05-01,51.54301102073248
199-H4-65,2015-06-01,51.08148593710915
199-H4-65,2015-07-01,50.685280419707475
199-H4-65,2015-08-01,50.03924006499447
199-H4-65,2015-09-01,49.18164603155368
199-H4-65,2015-10-01,49.01135756170149
199-H4-65,2015-11-01,48.21019250975619
199-H4-65,2015-12-01,47.225753480169566
199-H4-65,2016-01-01,46.64148219445449
199-H4-65,2016-02-01,46.34344810352821
199-H4-65,2016-03-01,46.14195585999978
199-H4-65,2016-04-01,45.999298572551
199-H4-65,2016-05-01,45.62924038507181
199-H4-65,2016-06-01,45.218387882457115
199-H4-65,2016-07-01,44.49262806563768
199-H4-65,2016-08-01,43.8553147997893
199-H4-65,2016-09-01,43.19676492671823
199-H4-65,2016-10-01,42.708712096413315
199-H4-65,2016-11-01,42.391791885070106
199-H4-65,2016-12-01,41.908554875755996
199-H4-65,2017-01-01,41.327437956271524
199-H4-65,2017-02-01,40.8535298573619
199-H4-65,2017-03-01,40.377560569989534
199-H4-65,2017-04-01,39.678294803035406
199-H4-65,2017-05-01,39.09674098460173
199-H4-65,2017-06-01,38.34444881848684
199-H4-65,2017-07-01,37.70848861704682
199-H4-65,2017-08-01,37.22932705057632
199-H4-65,2017-09-01,36.97431146619122
199-H4-65,2017-10-01,36.73663094837266
199-H4-65,2017-11-01,36.560466862602446
199-H4-65,2017-12-01,36.36822038456003
199-H4-65,2018-01-01,35.96929011564813
199-H4-65,2018-02-01,35.498914066362474
199-H4-65,2018-03-01,35.090193766672776
199-H4-65,2018-04-01,34.73574990527601
199-H4-65,2018-05-01,34.29479292397623
199-H4-65,2018-06-01,33.64057575600736
199-H4-65,2018-07-01,33.14631951311533
199-H4-65,2018-08-01,32.53679184009648
199-H4-65,2018-09-01,32.32447932621022
199-H4-65,2018-10-01,32.104096483604636
199-H4-65,2018-11-01,31.939707833737405
199-H4-65,2018-12-01,31.47802608595813
199-H4-65,2019-01-01,31.01677944473068
199-H4-65,2019-02-01,30.563685814195843
199-H4-65,2019-03-01,30.206016694544175
199-H4-65,2019-04-01,29.96961611189187
199-H4-65,2019-05-01,29.836899373890503
199-H4-65,2019-06-01,29.65817369430242
199-H4-65,2019-07-01,29.490327057893488
199-H4-65,2019-08-01,29.07313711501175
199-H4-65,2019-09-01,28.549968468413415
199-H4-65,2019-10-01,27.92177925077227
199-H4-65,2019-11-01,27.300981822913613
199-H4-65,2019-12-01,26.854448218913596
199-H4-65,2020-01-01,26.4321416436108
199-H4-65,2020-02-01,26.04540162989453
199-H4-65,2020-03-01,25.688736287393446
199-H4-65,2020-04-01,25.41132106991335
199-H4-65,2020-05-01,25.177090779100293
199-H4-65,2020-06-01,24.72447903922223
199-H4-65,2020-07-01,24.38581223336085
199-H4-65,2020-08-01,24.17009117126616
199-H4-65,2020-09-01,23.903043799429007
199-H4-65,2020-10-01,23.640654991993653
199-H4-65,2020-11-01,23.725453521280222
199-H4-65,2020-12-01,23.40398554984376
199-H4-8,2014-02-01,86.42704868770183
199-H4-8,2014-03-01,86.86646619382246
199-H4-8,2014-04-01,86.63703276282817
199-H4-8,2014-05-01,86.24663029073238
199-H4-8,2014-06-01,85.66964974442648
199-H4-8,2014-07-01,85.11392096931299
199-H4-8,2014-08-01,84.40623121065937
199-H4-8,2014-09-01,83.56622900268322
199-H4-8,2014-10-01,83.01545563623861
199-H4-8,2014-11-01,82.87496446071638
199-H4-8,2014-12-01,82.73998757140961
199-H4-8,2015-01-01,82.34841399456666
199-H4-8,2015-02-01,81.9230144365473
199-H4-8,2015-03-01,81.53017712086938
199-H4-8,2015-04-01,81.08552385459915
199-H4-8,2015-05-01,80.61637459945807
199-H4-8,2015-06-01,80.24477889318804
199-H4-8,2015-07-01,79.82492980123763
199-H4-8,2015-08-01,79.39170531075627
199-H4-8,2015-09-01,79.0075976292966
199-H4-8,2015-10-01,78.44954383704095
199-H4-8,2015-11-01,78.13277973122159
199-H4-8,2015-12-01,77.803221063118
199-H4-8,2016-01-01,77.48225541721675
199-H4-8,2016-02-01,77.36832338801332
199-H4-8,2016-03-01,77.31650231924023
199-H4-8,2016-04-01,77.39158786318224
199-H4-8,2016-05-01,77.57698823015781
199-H4-8,2016-06-01,77.68719557699096
199-H4-8,2016-07-01,77.59458487237382
199-H4-8,2016-08-01,77.26705030283458
199-H4-8,2016-09-01,76.73240026416097
199-H4-8,2016-10-01,76.18121447577556
199-H4-8,2016-11-01,75.8317403864731
199-H4-8,2016-12-01,75.37859175037642
199-H4-8,2017-01-01,74.87992349245062
199-H4-8,2017-02-01,74.50807902223629
199-H4-8,2017-03-01,73.99168238776612
199-H4-8,2017-04-01,73.64120381595103
199-H4-8,2017-05-01,73.83173898973581
199-H4-8,2017-06-01,73.6909672842533
199-H4-8,2017-07-01,72.9446469314497
199-H4-8,2017-08-01,72.06226548858545
199-H4-8,2017-09-01,71.5649740620453
199-H4-8,2017-10-01,71.17339797161252
199-H4-8,2017-11-01,70.68285321041536
199-H4-8,2017-12-01,70.36811850885702
199-H4-8,2018-01-01,70.04674334309689
199-H4-8,2018-02-01,69.72581334284067
199-H4-8,2018-03-01,69.38064133441169
199-H4-8,2018-04-01,68.88753281351902
199-H4-8,2018-05-01,68.3112138753061
199-H4-8,2018-06-01,67.21514530671898
199-H4-8,2018-07-01,66.0071694708005
199-H4-8,2018-08-01,64.48578036488918
199-H4-8,2018-09-01,63.6950676160061
199-H4-8,2018-10-01,62.62759204624354
199-H4-8,2018-11-01,61.73245872095799
199-H4-8,2018-12-01,60.41684882786364
199-H4-8,2019-01-01,59.05984571802868
199-H4-8,2019-02-01,57.55147973267685
199-H4-8,2019-03-01,56.18714834343793
199-H4-8,2019-04-01,55.099506174960986
199-H4-8,2019-05-01,53.80862545283266
199-H4-8,2019-06-01,52.034597522317426
199-H4-8,2019-07-01,50.36098829089723
199-H4-8,2019-08-01,48.5047508726381
199-H4-8,2019-09-01,45.334653840822824
199-H4-8,2019-10-01,42.902842935067454
199-H4-8,2019-11-01,41.16729688575625
199-H4-8,2019-12-01,38.57963952921786
199-H4-8,2020-01-01,36.1547563979751
199-H4-8,2020-02-01,34.306556723697575
199-H4-8,2020-03-01,32.88209356619572
199-H4-8,2020-04-01,31.67320761793942
199-H4-8,2020-05-01,30.50508162617443
199-H4-8,2020-06-01,28.677120961186997
199-H4-8,2020-07-01,26.910744680343143
199-H4-8,2020-08-01,25.906112459346584
199-H4-8,2020-09-01,24.775824560438778
199-H4-8,2020-10-01,23.661006785075557
199-H4-8,2020-11-01,22.467610781659918
199-H4-8,2020-12-01,21.036413666309386
199-H4-84,2014-02-01,84.83831915237936
199-H4-84,2014-03-01,84.89656669526373
199-H4-84,2014-04-01,84.98934366207166
199-H4-84,2014-05-01,84.72292142114549
199-H4-84,2014-06-01,83.99225234157876
199-H4-84,2014-07-01,83.68263943654901
199-H4-84,2014-08-01,83.53917552417036
199-H4-84,2014-09-01,84.3986277848386
199-H4-84,2014-10-01,88.02488615117507
199-H4-84,2014-11-01,89.35881809165929
199-H4-84,2014-12-01,88.44804761207355
199-H4-84,2015-01-01,87.11876049990596
199-H4-84,2015-02-01,86.43469180047984
199-H4-84,2015-03-01,86.13930789170497
199-H4-84,2015-04-01,85.48218962671878
199-H4-84,2015-05-01,84.82183486767728
199-H4-84,2015-06-01,84.53408237135073
199-H4-84,2015-07-01,84.72529369766242
199-H4-84,2015-08-01,85.63247437013125
199-H4-84,2015-09-01,85.88144616241068
199-H4-84,2015-10-01,88.08103306620764
199-H4-84,2015-11-01,90.79739322369525
199-H4-84,2015-12-01,88.03510453136772
199-H4-84,2016-01-01,86.77321638880616
199-H4-84,2016-02-01,85.56033499716743
199-H4-84,2016-03-01,84.38236385133942
199-H4-84,2016-04-01,82.62156048638516
199-H4-84,2016-05-01,80.37750857878738
199-H4-84,2016-06-01,79.70424063981291
199-H4-84,2016-07-01,79.14511315008072
199-H4-84,2016-08-01,78.45252646460561
199-H4-84,2016-09-01,78.15409448162013
199-H4-84,2016-10-01,86.18621135440608
199-H4-84,2016-11-01,91.1588682204144
199-H4-84,2016-12-01,90.31184383240532
199-H4-84,2017-01-01,83.9294748675297
199-H4-84,2017-02-01,79.2823947949422
199-H4-84,2017-03-01,77.6497908846069
199-H4-84,2017-04-01,75.2881787426979
199-H4-84,2017-05-01,73.84080720729915
199-H4-84,2017-06-01,72.71390309241734
199-H4-84,2017-07-01,71.88605779616486
199-H4-84,2017-08-01,71.23632393888244
199-H4-84,2017-09-01,76.1836212044109
199-H4-84,2017-10-01,82.19947066841881
199-H4-84,2017-11-01,83.7208520110269
199-H4-84,2017-12-01,81.8267508180468
199-H4-84,2018-01-01,80.0375869178109
199-H4-84,2018-02-01,76.3214813781084
199-H4-84,2018-03-01,73.263030047046
199-H4-84,2018-04-01,72.1471552948557
199-H4-84,2018-05-01,70.51117786386841
199-H4-84,2018-06-01,67.98063804402466
199-H4-84,2018-07-01,66.98125228314429
199-H4-84,2018-08-01,65.70163150070015
199-H4-84,2018-09-01,70.3879992054306
199-H4-84,2018-10-01,76.64449836656522
199-H4-84,2018-11-01,76.4833569453909
199-H4-84,2018-12-01,73.2361049210043
199-H4-84,2019-01-01,69.9560834259168
199-H4-84,2019-02-01,67.6793395416069
199-H4-84,2019-03-01,65.33387321123251
199-H4-84,2019-04-01,62.0569310081544
199-H4-84,2019-05-01,60.3303745656249
199-H4-84,2019-06-01,58.8740427857061
199-H4-84,2019-07-01,57.5295831849879
199-H4-84,2019-08-01,53.0507824137045
199-H4-84,2019-09-01,42.6946644913752
199-H4-84,2019-10-01,35.064291668770444
199-H4-84,2019-11-01,30.893940985244384
199-H4-84,2019-12-01,27.263088256152717
199-H4-84,2020-01-01,24.538962191672702
199-H4-84,2020-02-01,22.573762541376944
199-H4-84,2020-03-01,21.039731917504447
199-H4-84,2020-04-01,20.41586695666989
199-H4-84,2020-05-01,20.242074203012432
199-H4-84,2020-06-01,18.40114858070681
199-H4-84,2020-07-01,17.83081929978398
199-H4-84,2020-08-01,17.013241522886265
199-H4-84,2020-09-01,16.27386996363885
199-H4-84,2020-10-01,22.333498835510703
199-H4-84,2020-11-01,21.805537408804806
199-H4-84,2020-12-01,19.1648702887569
199-H4-85,2014-02-01,33.754065840430506
199-H4-85,2014-03-01,30.092678678678535
199-H4-85,2014-04-01,31.64785361961903
199-H4-85,2014-05-01,34.2932205855608
199-H4-85,2014-06-01,38.52337770274886
199-H4-85,2014-07-01,39.64123714985109
199-H4-85,2014-08-01,37.6197145809576
199-H4-85,2014-09-01,38.8905013012373
199-H4-85,2014-10-01,52.902852601649776
199-H4-85,2014-11-01,62.20038731212747
199-H4-85,2014-12-01,64.26112443083005
199-H4-85,2015-01-01,65.26518209326665
199-H4-85,2015-02-01,65.26246774648692
199-H4-85,2015-03-01,64.92026151833657
199-H4-85,2015-04-01,65.13542613680217
199-H4-85,2015-05-01,65.08440846371002
199-H4-85,2015-06-01,64.9028786561262
199-H4-85,2015-07-01,65.18087524036684
199-H4-85,2015-08-01,65.94424779651686
199-H4-85,2015-09-01,65.50791261952513
199-H4-85,2015-10-01,63.34290169451592
199-H4-85,2015-11-01,62.64843145396762
199-H4-85,2015-12-01,59.46194193024743
199-H4-85,2016-01-01,58.39281522392788
199-H4-85,2016-02-01,58.33077892843242
199-H4-85,2016-03-01,58.64056790221036
199-H4-85,2016-04-01,58.97074204303477
199-H4-85,2016-05-01,56.87142116022387
199-H4-85,2016-06-01,54.92811619199887
199-H4-85,2016-07-01,53.75509775264324
199-H4-85,2016-08-01,53.558740710322105
199-H4-85,2016-09-01,52.91729030190483
199-H4-85,2016-10-01,51.01532158933648
199-H4-85,2016-11-01,52.48399672815921
199-H4-85,2016-12-01,51.0934496877412
199-H4-85,2017-01-01,50.166879562136174
199-H4-85,2017-02-01,48.54497733513331
199-H4-85,2017-03-01,47.570073488985926
199-H4-85,2017-04-01,45.29214531967553
199-H4-85,2017-05-01,43.14466278649405
199-H4-85,2017-06-01,42.00929605958451
199-H4-85,2017-07-01,41.18764453057231
199-H4-85,2017-08-01,40.73256239552914
199-H4-85,2017-09-01,41.34430135948878
199-H4-85,2017-10-01,49.11502287094744
199-H4-85,2017-11-01,64.09094206220598
199-H4-85,2017-12-01,65.6162106400019
199-H4-85,2018-01-01,55.21922103312052
199-H4-85,2018-02-01,46.02545567286121
199-H4-85,2018-03-01,41.4806100090711
199-H4-85,2018-04-01,40.732751258296965
199-H4-85,2018-05-01,39.300245884351185
199-H4-85,2018-06-01,37.93220722827716
199-H4-85,2018-07-01,37.04003263219048
199-H4-85,2018-08-01,35.6506732413169
199-H4-85,2018-09-01,35.67921453214323
199-H4-85,2018-10-01,43.15373864185322
199-H4-85,2018-11-01,52.174352913777255
199-H4-85,2018-12-01,43.8649437257042
199-H4-85,2019-01-01,40.447530157223085
199-H4-85,2019-02-01,35.62290726175483
199-H4-85,2019-03-01,32.827256454670916
199-H4-85,2019-04-01,32.19779104432422
199-H4-85,2019-05-01,28.57899802427301
199-H4-85,2019-06-01,18.33834412558687
199-H4-85,2019-07-01,14.30052289373407
199-H4-85,2019-08-01,15.16311682579476
199-H4-85,2019-09-01,12.097640648745621
199-H4-85,2019-10-01,11.61049815030304
199-H4-85,2019-11-01,10.932425957361541
199-H4-85,2019-12-01,9.34699062209463
199-H4-85,2020-01-01,8.48669893722381
199-H4-85,2020-02-01,7.799057379220319
199-H4-85,2020-03-01,7.25843522310748
199-H4-85,2020-04-01,7.069031427867355
199-H4-85,2020-05-01,6.846974712903468
199-H4-85,2020-06-01,6.343402356845622
199-H4-85,2020-07-01,5.9573684725427185
199-H4-85,2020-08-01,5.693914083079205
199-H4-85,2020-09-01,5.657490564924264
199-H4-85,2020-10-01,6.119039935653618
199-H4-85,2020-11-01,7.122163122935881
199-H4-85,2020-12-01,5.797146288538974
199-H4-86,2014-02-01,35.1478947275914
199-H4-86,2014-03-01,25.404835973805998
199-H4-86,2014-04-01,19.611080126714654
199-H4-86,2014-05-01,16.0747280920159
199-H4-86,2014-06-01,14.120335169684392
199-H4-86,2014-07-01,12.60843615233462
199-H4-86,2014-08-01,11.50009691109932
199-H4-86,2014-09-01,10.762381063611333
199-H4-86,2014-10-01,10.302335186485328
199-H4-86,2014-11-01,10.002396663705833
199-H4-86,2014-12-01,9.837050332533812
199-H4-86,2015-01-01,9.773060445553966
199-H4-86,2015-02-01,9.775069201444005
199-H4-86,2015-03-01,9.814287044384963
199-H4-86,2015-04-01,9.808739790404877
199-H4-86,2015-05-01,9.742754053983674
199-H4-86,2015-06-01,9.696418102170563
199-H4-86,2015-07-01,9.63281148799488
199-H4-86,2015-08-01,9.981577639993738
199-H4-86,2015-09-01,12.499055882074062
199-H4-86,2015-10-01,11.965519225941419
199-H4-86,2015-11-01,11.23341326178758
199-H4-86,2015-12-01,10.70397215862629
199-H4-86,2016-01-01,10.29193807970343
199-H4-86,2016-02-01,10.07546914072414
199-H4-86,2016-03-01,9.996950455731959
199-H4-86,2016-04-01,9.980972862537751
199-H4-86,2016-05-01,10.26588514780063
199-H4-86,2016-06-01,10.44170510665569
199-H4-86,2016-07-01,10.412201828192801
199-H4-86,2016-08-01,10.280762344029721
199-H4-86,2016-09-01,10.04652145702022
199-H4-86,2016-10-01,9.81553379472181
199-H4-86,2016-11-01,9.79555023960251
199-H4-86,2016-12-01,9.921750768673432
199-H4-86,2017-01-01,10.08982441558209
199-H4-86,2017-02-01,10.27639055052902
199-H4-86,2017-03-01,10.39658336792608
199-H4-86,2017-04-01,10.583609767506799
199-H4-86,2017-05-01,11.413983042940899
199-H4-86,2017-06-01,12.96671701224676
199-H4-86,2017-07-01,14.36210744916758
199-H4-86,2017-08-01,13.400701680870391
199-H4-86,2017-09-01,12.371776645969371
199-H4-86,2017-10-01,11.685351418422542
199-H4-86,2017-11-01,11.602832099912842
199-H4-86,2017-12-01,11.43087587869648
199-H4-86,2018-01-01,11.41656466176458
199-H4-86,2018-02-01,11.33941607711295
199-H4-86,2018-03-01,11.4017619528592
199-H4-86,2018-04-01,11.294591503397221
199-H4-86,2018-05-01,10.877262792966022
199-H4-86,2018-06-01,10.27606126054117
199-H4-86,2018-07-01,9.52664526637472
199-H4-86,2018-08-01,8.827799448233892
199-H4-86,2018-09-01,8.58344486585999
199-H4-86,2018-10-01,8.594638559119751
199-H4-86,2018-11-01,8.97438350053984
199-H4-86,2018-12-01,9.28411737283683
199-H4-86,2019-01-01,9.517455158634501
199-H4-86,2019-02-01,9.768422990134
199-H4-86,2019-03-01,9.95372328898675
199-H4-86,2019-04-01,10.162900268798902
199-H4-86,2019-05-01,10.4119553099787
199-H4-86,2019-06-01,9.4687656652468
199-H4-86,2019-07-01,8.62618512635662
199-H4-86,2019-08-01,8.58317670455955
199-H4-86,2019-09-01,9.44839814061345
199-H4-86,2019-10-01,9.372401288924149
199-H4-86,2019-11-01,9.1075865288762
199-H4-86,2019-12-01,8.701143464666
199-H4-86,2020-01-01,8.251469331515
199-H4-86,2020-02-01,7.855057320788861
199-H4-86,2020-03-01,7.54744761712426
199-H4-86,2020-04-01,6.8574153587150795
199-H4-86,2020-05-01,6.48752003007785
199-H4-86,2020-06-01,6.069488652952839
199-H4-86,2020-07-01,6.89748373009031
199-H4-86,2020-08-01,7.3306760495557794
199-H4-86,2020-09-01,6.936703610267301
199-H4-86,2020-10-01,6.508022296024341
199-H4-86,2020-11-01,6.177210386249359
199-H4-86,2020-12-01,5.8892260313485
199-H4-88,2014-02-01,54.105244098310074
199-H4-88,2014-03-01,55.167952662598935
199-H4-88,2014-04-01,56.073161240649966
199-H4-88,2014-05-01,56.676994402117884
199-H4-88,2014-06-01,56.52191069763375
199-H4-88,2014-07-01,56.850664100508936
199-H4-88,2014-08-01,58.073967684555015
199-H4-88,2014-09-01,60.69530847794211
199-H4-88,2014-10-01,63.44258380634674
199-H4-88,2014-11-01,63.72499674227883
199-H4-88,2014-12-01,61.46591992671398
199-H4-88,2015-01-01,58.57996289723831
199-H4-88,2015-02-01,57.21079414675725
199-H4-88,2015-03-01,56.8507362998055
199-H4-88,2015-04-01,55.96430612548591
199-H4-88,2015-05-01,54.267245209128845
199-H4-88,2015-06-01,53.27497228412259
199-H4-88,2015-07-01,52.32758532353447
199-H4-88,2015-08-01,53.69525699225552
199-H4-88,2015-09-01,71.60677632060778
199-H4-88,2015-10-01,60.760356328024166
199-H4-88,2015-11-01,60.51207632988111
199-H4-88,2015-12-01,60.14967002428457
199-H4-88,2016-01-01,58.94925054075001
199-H4-88,2016-02-01,57.847112621652336
199-H4-88,2016-03-01,70.13125562957961
199-H4-88,2016-04-01,116.15102191604961
199-H4-88,2016-05-01,102.79877824598005
199-H4-88,2016-06-01,87.04941037918299
199-H4-88,2016-07-01,86.044877607323
199-H4-88,2016-08-01,94.4213201682996
199-H4-88,2016-09-01,94.91438293211857
199-H4-88,2016-10-01,78.29571681531755
199-H4-88,2016-11-01,68.30167785572456
199-H4-88,2016-12-01,65.41701483521813
199-H4-88,2017-01-01,77.4148711140306
199-H4-88,2017-02-01,90.58130094600197
199-H4-88,2017-03-01,82.91581407408646
199-H4-88,2017-04-01,73.25705447792033
199-H4-88,2017-05-01,55.30846377249161
199-H4-88,2017-06-01,45.8070413600796
199-H4-88,2017-07-01,42.76689102587624
199-H4-88,2017-08-01,44.8726141113125
199-H4-88,2017-09-01,45.051008728794834
199-H4-88,2017-10-01,45.29129714429741
199-H4-88,2017-11-01,44.563894320494256
199-H4-88,2017-12-01,45.14175145057911
199-H4-88,2018-01-01,45.008325384498804
199-H4-88,2018-02-01,62.582053640268505
199-H4-88,2018-03-01,64.0694454910697
199-H4-88,2018-04-01,57.231987737602005
199-H4-88,2018-05-01,54.2898937997598
199-H4-88,2018-06-01,42.4654996042935
199-H4-88,2018-07-01,41.141060889371595
199-H4-88,2018-08-01,43.113820843527606
199-H4-88,2018-09-01,43.13179045442671
199-H4-88,2018-10-01,43.628654044503406
199-H4-88,2018-11-01,44.492763858482505
199-H4-88,2018-12-01,44.7553222596369
199-H4-88,2019-01-01,44.086361427457696
199-H4-88,2019-02-01,43.10739169571651
199-H4-88,2019-03-01,42.1912816583088
199-H4-88,2019-04-01,41.1071500267148
199-H4-88,2019-05-01,39.974370743818305
199-H4-88,2019-06-01,50.7017641056792
199-H4-88,2019-07-01,44.190093500894605
199-H4-88,2019-08-01,36.3346212014494
199-H4-88,2019-09-01,31.66387841766211
199-H4-88,2019-10-01,29.473167692624212
199-H4-88,2019-11-01,25.09955424101097
199-H4-88,2019-12-01,26.414215296870882
199-H4-88,2020-01-01,26.95562662044667
199-H4-88,2020-02-01,27.623364351291702
199-H4-88,2020-03-01,25.7859417668988
199-H4-88,2020-04-01,26.6735568207705
199-H4-88,2020-05-01,29.385347762064903
199-H4-88,2020-06-01,27.6412625412929
199-H4-88,2020-07-01,21.8809836385908
199-H4-88,2020-08-01,23.7373252128265
199-H4-88,2020-09-01,22.3317268786238
199-H4-88,2020-10-01,25.1134486418643
199-H4-88,2020-11-01,27.5488549044682
199-H4-88,2020-12-01,28.487845957198903
199-H4-89,2014-02-01,44.980656755745144
199-H4-89,2014-03-01,42.57392103075364
199-H4-89,2014-04-01,42.82579888873834
199-H4-89,2014-05-01,43.19668901194737
199-H4-89,2014-06-01,43.91562968542319
199-H4-89,2014-07-01,44.07027066070769
199-H4-89,2014-08-01,44.494830185485654
199-H4-89,2014-09-01,46.85700642362125
199-H4-89,2014-10-01,57.89354139293625
199-H4-89,2014-11-01,62.36045287916611
199-H4-89,2014-12-01,63.475342752393644
199-H4-89,2015-01-01,63.8196658954064
199-H4-89,2015-02-01,64.28285336446669
199-H4-89,2015-03-01,65.27480816094416
199-H4-89,2015-04-01,64.57690238050314
199-H4-89,2015-05-01,62.56425031828796
199-H4-89,2015-06-01,61.642864581305325
199-H4-89,2015-07-01,61.312613502125025
199-H4-89,2015-08-01,64.88518897124551
199-H4-89,2015-09-01,68.35561467597124
199-H4-89,2015-10-01,67.85079545014605
199-H4-89,2015-11-01,71.05873249938325
199-H4-89,2015-12-01,72.04995967718735
199-H4-89,2016-01-01,71.30705790388419
199-H4-89,2016-02-01,68.67535688250572
199-H4-89,2016-03-01,65.71704705931663
199-H4-89,2016-04-01,62.331971184832526
199-H4-89,2016-05-01,59.40650929048887
199-H4-89,2016-06-01,57.362723585961106
199-H4-89,2016-07-01,56.03314562381062
199-H4-89,2016-08-01,55.16148271852768
199-H4-89,2016-09-01,53.07454279496512
199-H4-89,2016-10-01,56.59247194724776
199-H4-89,2016-11-01,62.22571978559813
199-H4-89,2016-12-01,58.62214662973565
199-H4-89,2017-01-01,53.51478289696672
199-H4-89,2017-02-01,50.89912727838346
199-H4-89,2017-03-01,49.783873182224504
199-H4-89,2017-04-01,47.38884042624624
199-H4-89,2017-05-01,42.86257900259811
199-H4-89,2017-06-01,39.09084827362815
199-H4-89,2017-07-01,37.45158260673929
199-H4-89,2017-08-01,38.363044602357924
199-H4-89,2017-09-01,40.60081023806166
199-H4-89,2017-10-01,46.99059449741288
199-H4-89,2017-11-01,56.49622380681845
199-H4-89,2017-12-01,55.15919416379888
199-H4-89,2018-01-01,54.37115083625348
199-H4-89,2018-02-01,50.00314348676452
199-H4-89,2018-03-01,44.64241466350749
199-H4-89,2018-04-01,43.138752807112816
199-H4-89,2018-05-01,40.04032930687233
199-H4-89,2018-06-01,34.65193203844192
199-H4-89,2018-07-01,33.065102619872206
199-H4-89,2018-08-01,27.04918920371871
199-H4-89,2018-09-01,29.18189117888621
199-H4-89,2018-10-01,34.00261273597459
199-H4-89,2018-11-01,42.844870265465076
199-H4-89,2018-12-01,34.36557851280381
199-H4-89,2019-01-01,29.38040793773768
199-H4-89,2019-02-01,24.48812183617732
199-H4-89,2019-03-01,20.887931271045222
199-H4-89,2019-04-01,16.460035665195182
199-H4-89,2019-05-01,11.714113495702922
199-H4-89,2019-06-01,8.74477375912319
199-H4-89,2019-07-01,7.1210308267537
199-H4-89,2019-08-01,7.43162498356741
199-H4-89,2019-09-01,4.041970647887901
199-H4-89,2019-10-01,3.307372470105921
199-H4-89,2019-11-01,7.03314352521554
199-H4-89,2019-12-01,3.024846238924002
199-H4-89,2020-01-01,2.770701021961214
199-H4-89,2020-02-01,2.683228361840369
199-H4-89,2020-03-01,2.527486552509743
199-H4-89,2020-04-01,2.567797038206323
199-H4-89,2020-05-01,2.594786129884389
199-H4-89,2020-06-01,2.268143724864165
199-H4-89,2020-07-01,2.1458781845833217
199-H4-89,2020-08-01,2.034200991765477
199-H4-89,2020-09-01,2.1484318135989686
199-H4-89,2020-10-01,2.5465444934648778
199-H4-89,2020-11-01,3.68118920705556
199-H4-89,2020-12-01,2.5217826816680597
