Head,Time,Layer,Row,Column,NAME
115.98164176195476,31.0,1,186,567,199-H3-25
115.8710319486044,59.0,1,186,567,199-H3-25
115.9840357902768,90.0,1,186,567,199-H3-25
116.23464781122902,120.0,1,186,567,199-H3-25
116.6633401925554,151.0,1,186,567,199-H3-25
116.8792221009579,181.0,1,186,567,199-H3-25
116.86903775123493,212.0,1,186,567,199-H3-25
116.63501327900589,243.0,1,186,567,199-H3-25
116.22932787425162,273.0,1,186,567,199-H3-25
116.01097646661849,304.0,1,186,567,199-H3-25
115.86320961408565,334.0,1,186,567,199-H3-25
116.03695972429483,365.0,1,186,567,199-H3-25
115.7779812073595,396.0,1,186,567,199-H3-25
115.85301126093441,424.0,1,186,567,199-H3-25
115.83386403387075,455.0,1,186,567,199-H3-25
115.72116088096824,485.0,1,186,567,199-H3-25
115.78271746356774,516.0,1,186,567,199-H3-25
115.74844137769475,546.0,1,186,567,199-H3-25
115.11861137897195,577.0,1,186,567,199-H3-25
114.9397427782265,608.0,1,186,567,199-H3-25
114.76487948222801,638.0,1,186,567,199-H3-25
114.64482417524603,669.0,1,186,567,199-H3-25
114.67832571320868,699.0,1,186,567,199-H3-25
114.71712251226063,730.0,1,186,567,199-H3-25
114.7691292135963,761.0,1,186,567,199-H3-25
114.80431010313039,790.0,1,186,567,199-H3-25
114.92601927006581,821.0,1,186,567,199-H3-25
115.22149266874409,851.0,1,186,567,199-H3-25
115.21644996680853,882.0,1,186,567,199-H3-25
115.16914632545316,912.0,1,186,567,199-H3-25
115.03879154233002,943.0,1,186,567,199-H3-25
114.94037044360826,974.0,1,186,567,199-H3-25
114.76972729519218,1004.0,1,186,567,199-H3-25
114.66541502000976,1035.0,1,186,567,199-H3-25
114.72154199147818,1065.0,1,186,567,199-H3-25
114.8720455223408,1096.0,1,186,567,199-H3-25
114.98788439650286,1127.0,1,186,567,199-H3-25
115.01145386664327,1155.0,1,186,567,199-H3-25
115.13072692904969,1186.0,1,186,567,199-H3-25
115.52000458816526,1216.0,1,186,567,199-H3-25
115.87233656114134,1247.0,1,186,567,199-H3-25
115.94919535052604,1277.0,1,186,567,199-H3-25
115.49507294637489,1308.0,1,186,567,199-H3-25
115.49037906833486,1339.0,1,186,567,199-H3-25
114.97907538558884,1369.0,1,186,567,199-H3-25
114.70956158883924,1400.0,1,186,567,199-H3-25
114.62216200346388,1430.0,1,186,567,199-H3-25
114.6512053083693,1461.0,1,186,567,199-H3-25
114.82275187837827,1492.0,1,186,567,199-H3-25
115.07106516814795,1520.0,1,186,567,199-H3-25
115.07274237390196,1551.0,1,186,567,199-H3-25
115.12830374430357,1581.0,1,186,567,199-H3-25
116.15953120385727,1612.0,1,186,567,199-H3-25
116.0798258344483,1642.0,1,186,567,199-H3-25
115.61105056386737,1673.0,1,186,567,199-H3-25
115.51129669308206,1704.0,1,186,567,199-H3-25
115.11652167496528,1734.0,1,186,567,199-H3-25
114.91169481889176,1765.0,1,186,567,199-H3-25
114.8886561839563,1795.0,1,186,567,199-H3-25
114.84822930482399,1826.0,1,186,567,199-H3-25
114.86527544367372,1857.0,1,186,567,199-H3-25
114.95858344164239,1885.0,1,186,567,199-H3-25
114.98300245313483,1916.0,1,186,567,199-H3-25
114.97830150107623,1946.0,1,186,567,199-H3-25
115.28062712699312,1977.0,1,186,567,199-H3-25
115.31594016504887,2007.0,1,186,567,199-H3-25
115.18144199701247,2038.0,1,186,567,199-H3-25
114.9084892168057,2069.0,1,186,567,199-H3-25
114.69879111494325,2099.0,1,186,567,199-H3-25
114.5008072780179,2130.0,1,186,567,199-H3-25
114.54807305447987,2160.0,1,186,567,199-H3-25
114.57853195937884,2191.0,1,186,567,199-H3-25
114.69042262078653,2222.0,1,186,567,199-H3-25
114.86967244644948,2251.0,1,186,567,199-H3-25
115.03927019777012,2282.0,1,186,567,199-H3-25
114.96440439625016,2312.0,1,186,567,199-H3-25
115.40307093948222,2343.0,1,186,567,199-H3-25
115.76144639984801,2373.0,1,186,567,199-H3-25
115.7238016697282,2404.0,1,186,567,199-H3-25
115.44683970163592,2435.0,1,186,567,199-H3-25
115.06632786669336,2465.0,1,186,567,199-H3-25
114.80855078377868,2496.0,1,186,567,199-H3-25
114.84812763718114,2526.0,1,186,567,199-H3-25
114.84219968536057,2557.0,1,186,567,199-H3-25
115.09356731131375,2588.0,1,186,567,199-H3-25
115.0696384927671,2616.0,1,186,567,199-H3-25
114.86963653025236,2647.0,1,186,567,199-H3-25
114.79574936273657,2677.0,1,186,567,199-H3-25
115.02699540185887,2708.0,1,186,567,199-H3-25
115.27683104029674,2738.0,1,186,567,199-H3-25
115.3121549597072,2769.0,1,186,567,199-H3-25
115.52119859457437,2800.0,1,186,567,199-H3-25
115.37174794537232,2830.0,1,186,567,199-H3-25
115.17545620635926,2861.0,1,186,567,199-H3-25
114.93831896556219,2891.0,1,186,567,199-H3-25
115.06237482826316,2922.0,1,186,567,199-H3-25
115.21387955316284,2953.0,1,186,567,199-H3-25
115.51877462896924,2981.0,1,186,567,199-H3-25
115.4745535282663,3012.0,1,186,567,199-H3-25
115.36611720030194,3042.0,1,186,567,199-H3-25
115.62229802767598,3073.0,1,186,567,199-H3-25
116.32541121984977,3103.0,1,186,567,199-H3-25
116.40414353880682,3134.0,1,186,567,199-H3-25
116.20028682964224,3165.0,1,186,567,199-H3-25
115.85729319347546,3195.0,1,186,567,199-H3-25
115.6139484001341,3226.0,1,186,567,199-H3-25
115.54499977245499,3256.0,1,186,567,199-H3-25
115.50307988493057,3287.0,1,186,567,199-H3-25
115.60969570258469,3318.0,1,186,567,199-H3-25
115.66728057625367,3346.0,1,186,567,199-H3-25
115.62002726861742,3377.0,1,186,567,199-H3-25
115.55305581696719,3407.0,1,186,567,199-H3-25
116.03670171798161,3438.0,1,186,567,199-H3-25
115.96478266775101,3468.0,1,186,567,199-H3-25
115.89251719535834,3499.0,1,186,567,199-H3-25
116.08626099014934,31.0,1,199,570,199-H3-26
115.97832859337143,59.0,1,199,570,199-H3-26
116.06330452938391,90.0,1,199,570,199-H3-26
116.293214591842,120.0,1,199,570,199-H3-26
116.69770399733757,151.0,1,199,570,199-H3-26
116.93103549388151,181.0,1,199,570,199-H3-26
116.95100827327619,212.0,1,199,570,199-H3-26
116.7527891270712,243.0,1,199,570,199-H3-26
116.36723159853244,273.0,1,199,570,199-H3-26
116.14940916134437,304.0,1,199,570,199-H3-26
116.06365545513792,334.0,1,199,570,199-H3-26
116.1349557002215,365.0,1,199,570,199-H3-26
115.87790290407047,396.0,1,199,570,199-H3-26
115.93799695105166,424.0,1,199,570,199-H3-26
115.92555350271076,455.0,1,199,570,199-H3-26
115.83026508336224,485.0,1,199,570,199-H3-26
115.82835226041038,516.0,1,199,570,199-H3-26
115.80431585235706,546.0,1,199,570,199-H3-26
115.13830529057644,577.0,1,199,570,199-H3-26
115.01887031135263,608.0,1,199,570,199-H3-26
114.9988580880758,638.0,1,199,570,199-H3-26
114.93491006450269,669.0,1,199,570,199-H3-26
114.9697237020826,699.0,1,199,570,199-H3-26
114.99941705018568,730.0,1,199,570,199-H3-26
115.03438332055018,761.0,1,199,570,199-H3-26
115.05094021524107,790.0,1,199,570,199-H3-26
115.15264863092933,821.0,1,199,570,199-H3-26
115.39685278285884,851.0,1,199,570,199-H3-26
115.27468271535325,882.0,1,199,570,199-H3-26
115.24048143724072,912.0,1,199,570,199-H3-26
115.16523203857089,943.0,1,199,570,199-H3-26
115.17901127597139,974.0,1,199,570,199-H3-26
115.0726137153267,1004.0,1,199,570,199-H3-26
114.97718876903865,1035.0,1,199,570,199-H3-26
114.99101404552401,1065.0,1,199,570,199-H3-26
115.10559784060064,1096.0,1,199,570,199-H3-26
115.20947455264815,1127.0,1,199,570,199-H3-26
115.22610191678353,1155.0,1,199,570,199-H3-26
115.25378723313685,1186.0,1,199,570,199-H3-26
115.57307521923354,1216.0,1,199,570,199-H3-26
115.74041480910641,1247.0,1,199,570,199-H3-26
115.82966497231101,1277.0,1,199,570,199-H3-26
115.44733264056465,1308.0,1,199,570,199-H3-26
115.50719444274934,1339.0,1,199,570,199-H3-26
114.97949141576902,1369.0,1,199,570,199-H3-26
114.79733500764017,1400.0,1,199,570,199-H3-26
114.95569163037482,1430.0,1,199,570,199-H3-26
114.96578142460656,1461.0,1,199,570,199-H3-26
115.08918376557654,1492.0,1,199,570,199-H3-26
115.28578031868479,1520.0,1,199,570,199-H3-26
115.21938305141357,1551.0,1,199,570,199-H3-26
115.24191633413668,1581.0,1,199,570,199-H3-26
116.03797264067978,1612.0,1,199,570,199-H3-26
116.05022358387772,1642.0,1,199,570,199-H3-26
115.73621704733026,1673.0,1,199,570,199-H3-26
115.61287190574379,1704.0,1,199,570,199-H3-26
115.26090178666097,1734.0,1,199,570,199-H3-26
115.02725592199361,1765.0,1,199,570,199-H3-26
114.9600502229685,1795.0,1,199,570,199-H3-26
114.90553462075229,1826.0,1,199,570,199-H3-26
114.9294328623546,1857.0,1,199,570,199-H3-26
114.96708223962045,1885.0,1,199,570,199-H3-26
114.96569708948314,1916.0,1,199,570,199-H3-26
114.99661657532323,1946.0,1,199,570,199-H3-26
115.23861409120764,1977.0,1,199,570,199-H3-26
115.26117088347871,2007.0,1,199,570,199-H3-26
115.2152027975562,2038.0,1,199,570,199-H3-26
115.16058794874802,2069.0,1,199,570,199-H3-26
114.9976388680284,2099.0,1,199,570,199-H3-26
114.85592515923605,2130.0,1,199,570,199-H3-26
114.86441031273715,2160.0,1,199,570,199-H3-26
114.88645781026166,2191.0,1,199,570,199-H3-26
114.97669887758128,2222.0,1,199,570,199-H3-26
115.12281733031763,2251.0,1,199,570,199-H3-26
115.18316893830561,2282.0,1,199,570,199-H3-26
115.15925739500358,2312.0,1,199,570,199-H3-26
115.52628137530326,2343.0,1,199,570,199-H3-26
115.76838395547878,2373.0,1,199,570,199-H3-26
115.78099992518742,2404.0,1,199,570,199-H3-26
115.56784975754202,2435.0,1,199,570,199-H3-26
115.25565469093178,2465.0,1,199,570,199-H3-26
115.0590250326839,2496.0,1,199,570,199-H3-26
115.13648928593545,2526.0,1,199,570,199-H3-26
115.12697725544686,2557.0,1,199,570,199-H3-26
115.27903019409965,2588.0,1,199,570,199-H3-26
115.311519584477,2616.0,1,199,570,199-H3-26
115.16703985062811,2647.0,1,199,570,199-H3-26
115.1082191097465,2677.0,1,199,570,199-H3-26
115.28643984172602,2708.0,1,199,570,199-H3-26
115.4934532140915,2738.0,1,199,570,199-H3-26
115.4270420545387,2769.0,1,199,570,199-H3-26
115.55172576637202,2800.0,1,199,570,199-H3-26
115.45032874239746,2830.0,1,199,570,199-H3-26
115.34748753341992,2861.0,1,199,570,199-H3-26
115.25209535652672,2891.0,1,199,570,199-H3-26
115.32491331340924,2922.0,1,199,570,199-H3-26
115.42553750087067,2953.0,1,199,570,199-H3-26
115.61793746105907,2981.0,1,199,570,199-H3-26
115.6047738772503,3012.0,1,199,570,199-H3-26
115.53271364172097,3042.0,1,199,570,199-H3-26
115.6721316660447,3073.0,1,199,570,199-H3-26
116.254032918315,3103.0,1,199,570,199-H3-26
116.38271749964066,3134.0,1,199,570,199-H3-26
116.21756805226634,3165.0,1,199,570,199-H3-26
115.92784426317715,3195.0,1,199,570,199-H3-26
115.7048175637398,3226.0,1,199,570,199-H3-26
115.61571277062198,3256.0,1,199,570,199-H3-26
115.5676777664624,3287.0,1,199,570,199-H3-26
115.66695045029319,3318.0,1,199,570,199-H3-26
115.72219726663981,3346.0,1,199,570,199-H3-26
115.69147970790084,3377.0,1,199,570,199-H3-26
115.63374033497622,3407.0,1,199,570,199-H3-26
116.00599184605538,3438.0,1,199,570,199-H3-26
115.99599697302193,3468.0,1,199,570,199-H3-26
115.94623968334622,3499.0,1,199,570,199-H3-26
116.07319491036928,31.0,1,202,582,199-H3-27
115.96318814156413,59.0,1,202,582,199-H3-27
116.04678275454948,90.0,1,202,582,199-H3-27
116.29388576414452,120.0,1,202,582,199-H3-27
116.71681105407282,151.0,1,202,582,199-H3-27
116.9556635344185,181.0,1,202,582,199-H3-27
116.97473112712582,212.0,1,202,582,199-H3-27
116.76471151713943,243.0,1,202,582,199-H3-27
116.35849557316487,273.0,1,202,582,199-H3-27
116.13165050773738,304.0,1,202,582,199-H3-27
116.08192544645259,334.0,1,202,582,199-H3-27
116.12148430404748,365.0,1,202,582,199-H3-27
116.08513339768012,396.0,1,202,582,199-H3-27
116.2050181022746,424.0,1,202,582,199-H3-27
116.1606885700566,455.0,1,202,582,199-H3-27
116.03041817718432,485.0,1,202,582,199-H3-27
115.96633621272979,516.0,1,202,582,199-H3-27
115.98298676424146,546.0,1,202,582,199-H3-27
115.68470245192826,577.0,1,202,582,199-H3-27
115.41900104493843,608.0,1,202,582,199-H3-27
115.11353655296858,638.0,1,202,582,199-H3-27
114.99996623770113,669.0,1,202,582,199-H3-27
115.1180261483573,699.0,1,202,582,199-H3-27
115.1490354989804,730.0,1,202,582,199-H3-27
115.16282992198508,761.0,1,202,582,199-H3-27
115.12566228744033,790.0,1,202,582,199-H3-27
115.25462681142604,821.0,1,202,582,199-H3-27
115.53203890099087,851.0,1,202,582,199-H3-27
115.52114613162271,882.0,1,202,582,199-H3-27
115.51565273289512,912.0,1,202,582,199-H3-27
115.36859743907453,943.0,1,202,582,199-H3-27
115.32080170795945,974.0,1,202,582,199-H3-27
115.19714311675008,1004.0,1,202,582,199-H3-27
115.07840790345112,1035.0,1,202,582,199-H3-27
115.07956096694849,1065.0,1,202,582,199-H3-27
115.21564497874331,1096.0,1,202,582,199-H3-27
115.35618596941701,1127.0,1,202,582,199-H3-27
115.45236516515476,1155.0,1,202,582,199-H3-27
115.54863323157223,1186.0,1,202,582,199-H3-27
115.86943653901953,1216.0,1,202,582,199-H3-27
116.1716170728923,1247.0,1,202,582,199-H3-27
116.30897069456034,1277.0,1,202,582,199-H3-27
115.88919492796748,1308.0,1,202,582,199-H3-27
115.67936997449046,1339.0,1,202,582,199-H3-27
115.30603545804958,1369.0,1,202,582,199-H3-27
115.14757829154706,1400.0,1,202,582,199-H3-27
115.12536932410981,1430.0,1,202,582,199-H3-27
115.15444878091749,1461.0,1,202,582,199-H3-27
115.28000520019268,1492.0,1,202,582,199-H3-27
115.4913670213957,1520.0,1,202,582,199-H3-27
115.44395423475746,1551.0,1,202,582,199-H3-27
115.5116402909282,1581.0,1,202,582,199-H3-27
116.3021202511641,1612.0,1,202,582,199-H3-27
116.3223360516931,1642.0,1,202,582,199-H3-27
116.0157313807907,1673.0,1,202,582,199-H3-27
115.78149260640953,1704.0,1,202,582,199-H3-27
115.46940462333328,1734.0,1,202,582,199-H3-27
115.19988949715396,1765.0,1,202,582,199-H3-27
115.10919129054805,1795.0,1,202,582,199-H3-27
115.01389614309448,1826.0,1,202,582,199-H3-27
115.1427084119733,1857.0,1,202,582,199-H3-27
115.15380040952559,1885.0,1,202,582,199-H3-27
115.1289923973015,1916.0,1,202,582,199-H3-27
115.12169045077908,1946.0,1,202,582,199-H3-27
115.36779474962627,1977.0,1,202,582,199-H3-27
115.43692954999196,2007.0,1,202,582,199-H3-27
115.38673651180531,2038.0,1,202,582,199-H3-27
115.35194392497588,2069.0,1,202,582,199-H3-27
115.17982650811493,2099.0,1,202,582,199-H3-27
115.0465283413523,2130.0,1,202,582,199-H3-27
115.05703711929846,2160.0,1,202,582,199-H3-27
115.08208810673248,2191.0,1,202,582,199-H3-27
115.16785147507103,2222.0,1,202,582,199-H3-27
115.30458117001484,2251.0,1,202,582,199-H3-27
115.28747033683584,2282.0,1,202,582,199-H3-27
115.26292195058865,2312.0,1,202,582,199-H3-27
115.67895817597184,2343.0,1,202,582,199-H3-27
115.897424504485,2373.0,1,202,582,199-H3-27
115.98814378800473,2404.0,1,202,582,199-H3-27
115.88764688824375,2435.0,1,202,582,199-H3-27
115.52815358248597,2465.0,1,202,582,199-H3-27
115.3024093719648,2496.0,1,202,582,199-H3-27
115.30295203159488,2526.0,1,202,582,199-H3-27
115.29182263849849,2557.0,1,202,582,199-H3-27
115.4079441655855,2588.0,1,202,582,199-H3-27
115.4724530653851,2616.0,1,202,582,199-H3-27
115.29013012034397,2647.0,1,202,582,199-H3-27
115.24242811780192,2677.0,1,202,582,199-H3-27
115.48080470477491,2708.0,1,202,582,199-H3-27
115.68320464473163,2738.0,1,202,582,199-H3-27
115.64882000458417,2769.0,1,202,582,199-H3-27
115.69804512374328,2800.0,1,202,582,199-H3-27
115.38646045518071,2830.0,1,202,582,199-H3-27
115.427253409778,2861.0,1,202,582,199-H3-27
115.39539224591952,2891.0,1,202,582,199-H3-27
115.44397382471706,2922.0,1,202,582,199-H3-27
115.45385118819462,2953.0,1,202,582,199-H3-27
115.7217465478099,2981.0,1,202,582,199-H3-27
115.76557484432146,3012.0,1,202,582,199-H3-27
115.65463474557215,3042.0,1,202,582,199-H3-27
115.72793817119414,3073.0,1,202,582,199-H3-27
116.3570825611228,3103.0,1,202,582,199-H3-27
116.45435396190378,3134.0,1,202,582,199-H3-27
116.15827510006055,3165.0,1,202,582,199-H3-27
115.8507015238031,3195.0,1,202,582,199-H3-27
115.63923678196547,3226.0,1,202,582,199-H3-27
115.54936297858646,3256.0,1,202,582,199-H3-27
115.50688250850291,3287.0,1,202,582,199-H3-27
115.61415079326471,3318.0,1,202,582,199-H3-27
115.67164405675376,3346.0,1,202,582,199-H3-27
115.6424978922616,3377.0,1,202,582,199-H3-27
115.58542165771571,3407.0,1,202,582,199-H3-27
115.96482401421233,3438.0,1,202,582,199-H3-27
115.96107505250012,3468.0,1,202,582,199-H3-27
115.91004829625663,3499.0,1,202,582,199-H3-27
115.83077162279649,31.0,1,208,588,199-H3-2A
115.73274196126417,59.0,1,208,588,199-H3-2A
115.81841423671959,90.0,1,208,588,199-H3-2A
116.04639686216315,120.0,1,208,588,199-H3-2A
116.451740524454,151.0,1,208,588,199-H3-2A
116.67796684599202,181.0,1,208,588,199-H3-2A
116.71077115684282,212.0,1,208,588,199-H3-2A
116.52728550575632,243.0,1,208,588,199-H3-2A
116.17807535502816,273.0,1,208,588,199-H3-2A
115.94351582024755,304.0,1,208,588,199-H3-2A
115.86566154724018,334.0,1,208,588,199-H3-2A
115.90149015717537,365.0,1,208,588,199-H3-2A
115.89203751627083,396.0,1,208,588,199-H3-2A
115.9790190303618,424.0,1,208,588,199-H3-2A
115.96709496010077,455.0,1,208,588,199-H3-2A
115.86432710371233,485.0,1,208,588,199-H3-2A
115.82402858399685,516.0,1,208,588,199-H3-2A
115.8078407932597,546.0,1,208,588,199-H3-2A
115.54252356347156,577.0,1,208,588,199-H3-2A
115.22592133614037,608.0,1,208,588,199-H3-2A
115.01298626888482,638.0,1,208,588,199-H3-2A
114.89618506511133,669.0,1,208,588,199-H3-2A
114.93336530759561,699.0,1,208,588,199-H3-2A
114.95329818294327,730.0,1,208,588,199-H3-2A
114.98197389659988,761.0,1,208,588,199-H3-2A
114.99901013468667,790.0,1,208,588,199-H3-2A
115.09960608886281,821.0,1,208,588,199-H3-2A
115.33900606501325,851.0,1,208,588,199-H3-2A
115.39911994777225,882.0,1,208,588,199-H3-2A
115.41126064831313,912.0,1,208,588,199-H3-2A
115.29951373249865,943.0,1,208,588,199-H3-2A
115.22755630902856,974.0,1,208,588,199-H3-2A
115.10389357399598,1004.0,1,208,588,199-H3-2A
115.0056297816576,1035.0,1,208,588,199-H3-2A
115.00562338521092,1065.0,1,208,588,199-H3-2A
115.09996538015714,1096.0,1,208,588,199-H3-2A
115.19395284749908,1127.0,1,208,588,199-H3-2A
115.24610457537261,1155.0,1,208,588,199-H3-2A
115.36408702402409,1186.0,1,208,588,199-H3-2A
115.62792485959311,1216.0,1,208,588,199-H3-2A
115.98134925886242,1247.0,1,208,588,199-H3-2A
116.12387282142116,1277.0,1,208,588,199-H3-2A
115.69914635938534,1308.0,1,208,588,199-H3-2A
115.6342193265023,1339.0,1,208,588,199-H3-2A
115.40602301926742,1369.0,1,208,588,199-H3-2A
115.04218924674245,1400.0,1,208,588,199-H3-2A
114.96155751485338,1430.0,1,208,588,199-H3-2A
114.97183224359627,1461.0,1,208,588,199-H3-2A
115.08404499474246,1492.0,1,208,588,199-H3-2A
115.26376436988143,1520.0,1,208,588,199-H3-2A
115.25474768549732,1551.0,1,208,588,199-H3-2A
115.32861912192047,1581.0,1,208,588,199-H3-2A
116.08987020184873,1612.0,1,208,588,199-H3-2A
116.13564003346066,1642.0,1,208,588,199-H3-2A
115.85678840055611,1673.0,1,208,588,199-H3-2A
115.65226951953647,1704.0,1,208,588,199-H3-2A
115.29574220242156,1734.0,1,208,588,199-H3-2A
115.07997356542046,1765.0,1,208,588,199-H3-2A
115.00833798639879,1795.0,1,208,588,199-H3-2A
114.94972734998638,1826.0,1,208,588,199-H3-2A
114.98154365661858,1857.0,1,208,588,199-H3-2A
114.99473043976772,1885.0,1,208,588,199-H3-2A
114.97747087014582,1916.0,1,208,588,199-H3-2A
114.96618058062224,1946.0,1,208,588,199-H3-2A
115.20018081339303,1977.0,1,208,588,199-H3-2A
115.24632210330196,2007.0,1,208,588,199-H3-2A
115.20412619393164,2038.0,1,208,588,199-H3-2A
115.17022085866088,2069.0,1,208,588,199-H3-2A
115.02678381229808,2099.0,1,208,588,199-H3-2A
114.91603925946362,2130.0,1,208,588,199-H3-2A
114.90701394294287,2160.0,1,208,588,199-H3-2A
114.92813605847279,2191.0,1,208,588,199-H3-2A
115.02421776422692,2222.0,1,208,588,199-H3-2A
115.17836448076122,2251.0,1,208,588,199-H3-2A
115.14197061351084,2282.0,1,208,588,199-H3-2A
115.11081255442846,2312.0,1,208,588,199-H3-2A
115.47480306501681,2343.0,1,208,588,199-H3-2A
115.73985731367657,2373.0,1,208,588,199-H3-2A
115.78877703335773,2404.0,1,208,588,199-H3-2A
115.64610033695789,2435.0,1,208,588,199-H3-2A
115.37662873662053,2465.0,1,208,588,199-H3-2A
115.16759829551762,2496.0,1,208,588,199-H3-2A
115.13836473355668,2526.0,1,208,588,199-H3-2A
115.12707176443442,2557.0,1,208,588,199-H3-2A
115.23262334044423,2588.0,1,208,588,199-H3-2A
115.30636150800419,2616.0,1,208,588,199-H3-2A
115.16310438752745,2647.0,1,208,588,199-H3-2A
115.12272932654352,2677.0,1,208,588,199-H3-2A
115.28622853151265,2708.0,1,208,588,199-H3-2A
115.47630118594545,2738.0,1,208,588,199-H3-2A
115.47783467401273,2769.0,1,208,588,199-H3-2A
115.49027100112576,2800.0,1,208,588,199-H3-2A
115.31290676954451,2830.0,1,208,588,199-H3-2A
115.26592882617719,2861.0,1,208,588,199-H3-2A
115.26599220310449,2891.0,1,208,588,199-H3-2A
115.31125087296299,2922.0,1,208,588,199-H3-2A
115.40637388616904,2953.0,1,208,588,199-H3-2A
115.51141391059306,2981.0,1,208,588,199-H3-2A
115.51994230040361,3012.0,1,208,588,199-H3-2A
115.44852502355994,3042.0,1,208,588,199-H3-2A
115.55893454843692,3073.0,1,208,588,199-H3-2A
116.11032015257386,3103.0,1,208,588,199-H3-2A
116.2784194801354,3134.0,1,208,588,199-H3-2A
116.09822229411276,3165.0,1,208,588,199-H3-2A
115.7903209788344,3195.0,1,208,588,199-H3-2A
115.61399175519861,3226.0,1,208,588,199-H3-2A
115.52465596884312,3256.0,1,208,588,199-H3-2A
115.4832514169305,3287.0,1,208,588,199-H3-2A
115.58884056310251,3318.0,1,208,588,199-H3-2A
115.64560394046362,3346.0,1,208,588,199-H3-2A
115.61872378774257,3377.0,1,208,588,199-H3-2A
115.56248271924707,3407.0,1,208,588,199-H3-2A
115.92727776122464,3438.0,1,208,588,199-H3-2A
115.9393668529572,3468.0,1,208,588,199-H3-2A
115.89251434251898,3499.0,1,208,588,199-H3-2A
114.99188723013351,31.0,1,192,626,199-H4-12A
114.5853245615083,59.0,1,192,626,199-H4-12A
115.3717903799177,90.0,1,192,626,199-H4-12A
115.81617849560757,120.0,1,192,626,199-H4-12A
116.5422326753809,151.0,1,192,626,199-H4-12A
116.48145941232136,181.0,1,192,626,199-H4-12A
116.15843315809539,212.0,1,192,626,199-H4-12A
115.4512352471091,243.0,1,192,626,199-H4-12A
114.54392580346556,273.0,1,192,626,199-H4-12A
114.43973110060212,304.0,1,192,626,199-H4-12A
114.8026863532194,334.0,1,192,626,199-H4-12A
115.25179185765022,365.0,1,192,626,199-H4-12A
115.67524907448312,396.0,1,192,626,199-H4-12A
115.9628037548076,424.0,1,192,626,199-H4-12A
115.76485735845402,455.0,1,192,626,199-H4-12A
115.40312335211405,485.0,1,192,626,199-H4-12A
115.4621464998342,516.0,1,192,626,199-H4-12A
115.35777330117702,546.0,1,192,626,199-H4-12A
115.11069243206887,577.0,1,192,626,199-H4-12A
115.1240354265594,608.0,1,192,626,199-H4-12A
114.45585901268765,638.0,1,192,626,199-H4-12A
114.34093679650847,669.0,1,192,626,199-H4-12A
114.74635685943038,699.0,1,192,626,199-H4-12A
114.80434316143811,730.0,1,192,626,199-H4-12A
114.95045475563718,761.0,1,192,626,199-H4-12A
115.04574242236176,790.0,1,192,626,199-H4-12A
115.32264064353096,821.0,1,192,626,199-H4-12A
115.99534054571114,851.0,1,192,626,199-H4-12A
115.80559275689862,882.0,1,192,626,199-H4-12A
115.63812099026913,912.0,1,192,626,199-H4-12A
115.31809054174973,943.0,1,192,626,199-H4-12A
114.9698237324523,974.0,1,192,626,199-H4-12A
114.35713612239518,1004.0,1,192,626,199-H4-12A
114.47765522814476,1035.0,1,192,626,199-H4-12A
114.97823195466717,1065.0,1,192,626,199-H4-12A
115.32267319823438,1096.0,1,192,626,199-H4-12A
115.50791730396637,1127.0,1,192,626,199-H4-12A
115.39152503180634,1155.0,1,192,626,199-H4-12A
115.93061238419713,1186.0,1,192,626,199-H4-12A
116.72377924416311,1216.0,1,192,626,199-H4-12A
117.1853014702845,1247.0,1,192,626,199-H4-12A
117.03494312635127,1277.0,1,192,626,199-H4-12A
115.62844757464298,1308.0,1,192,626,199-H4-12A
114.94629405881012,1339.0,1,192,626,199-H4-12A
114.55899788740156,1369.0,1,192,626,199-H4-12A
114.16274411653498,1400.0,1,192,626,199-H4-12A
114.41903617149725,1430.0,1,192,626,199-H4-12A
114.92666061145084,1461.0,1,192,626,199-H4-12A
115.4045083440418,1492.0,1,192,626,199-H4-12A
115.86167336037107,1520.0,1,192,626,199-H4-12A
115.36361819748959,1551.0,1,192,626,199-H4-12A
115.78744100157655,1581.0,1,192,626,199-H4-12A
117.68947399772622,1612.0,1,192,626,199-H4-12A
116.49936969734706,1642.0,1,192,626,199-H4-12A
115.58500863315079,1673.0,1,192,626,199-H4-12A
115.0303391514719,1704.0,1,192,626,199-H4-12A
114.32648981622212,1734.0,1,192,626,199-H4-12A
114.20724714267051,1765.0,1,192,626,199-H4-12A
114.74971024798563,1795.0,1,192,626,199-H4-12A
114.72529271815742,1826.0,1,192,626,199-H4-12A
114.85157626287206,1857.0,1,192,626,199-H4-12A
114.83701436776204,1885.0,1,192,626,199-H4-12A
114.52652699017732,1916.0,1,192,626,199-H4-12A
114.56269188102307,1946.0,1,192,626,199-H4-12A
115.6657389976143,1977.0,1,192,626,199-H4-12A
115.35988227022331,2007.0,1,192,626,199-H4-12A
114.8851140232669,2038.0,1,192,626,199-H4-12A
114.81045944186236,2069.0,1,192,626,199-H4-12A
114.00682357912052,2099.0,1,192,626,199-H4-12A
113.97470417431119,2130.0,1,192,626,199-H4-12A
114.70631686718454,2160.0,1,192,626,199-H4-12A
114.6949058029489,2191.0,1,192,626,199-H4-12A
114.96599155868773,2222.0,1,192,626,199-H4-12A
115.30931998681672,2251.0,1,192,626,199-H4-12A
114.67414137132003,2282.0,1,192,626,199-H4-12A
114.66248724791637,2312.0,1,192,626,199-H4-12A
116.29323190795184,2343.0,1,192,626,199-H4-12A
116.7536999593912,2373.0,1,192,626,199-H4-12A
116.068915046713,2404.0,1,192,626,199-H4-12A
115.37033140739123,2435.0,1,192,626,199-H4-12A
114.46538390956695,2465.0,1,192,626,199-H4-12A
114.30756340648706,2496.0,1,192,626,199-H4-12A
114.93778228835374,2526.0,1,192,626,199-H4-12A
114.97373113234157,2557.0,1,192,626,199-H4-12A
115.38298218624662,2588.0,1,192,626,199-H4-12A
115.28345296596093,2616.0,1,192,626,199-H4-12A
114.39531052577993,2647.0,1,192,626,199-H4-12A
114.5468948759879,2677.0,1,192,626,199-H4-12A
115.47364187366908,2708.0,1,192,626,199-H4-12A
115.90352344737373,2738.0,1,192,626,199-H4-12A
115.33684420690992,2769.0,1,192,626,199-H4-12A
115.0236343898167,2800.0,1,192,626,199-H4-12A
114.21795133444421,2830.0,1,192,626,199-H4-12A
114.10048269860597,2861.0,1,192,626,199-H4-12A
114.68813699592017,2891.0,1,192,626,199-H4-12A
114.98489380993922,2922.0,1,192,626,199-H4-12A
115.72340867774585,2953.0,1,192,626,199-H4-12A
115.5794554578891,2981.0,1,192,626,199-H4-12A
115.15158685485866,3012.0,1,192,626,199-H4-12A
114.82936873693343,3042.0,1,192,626,199-H4-12A
115.57361107515273,3073.0,1,192,626,199-H4-12A
117.18187471221286,3103.0,1,192,626,199-H4-12A
116.50188419042364,3134.0,1,192,626,199-H4-12A
115.72012108554898,3165.0,1,192,626,199-H4-12A
114.63565534968923,3195.0,1,192,626,199-H4-12A
114.18375429067892,3226.0,1,192,626,199-H4-12A
114.82825788998736,3256.0,1,192,626,199-H4-12A
114.9034181866406,3287.0,1,192,626,199-H4-12A
114.77478357306028,3318.0,1,192,626,199-H4-12A
114.86952903523058,3346.0,1,192,626,199-H4-12A
114.4797163055414,3377.0,1,192,626,199-H4-12A
114.28202322689901,3407.0,1,192,626,199-H4-12A
116.34368398391415,3438.0,1,192,626,199-H4-12A
115.24756333508591,3468.0,1,192,626,199-H4-12A
115.08585971553008,3499.0,1,192,626,199-H4-12A
114.7864768846392,31.0,1,178,616,199-H4-15A
114.36885394877294,59.0,1,178,616,199-H4-15A
115.20700088839872,90.0,1,178,616,199-H4-15A
115.66123080473533,120.0,1,178,616,199-H4-15A
116.42082218709656,151.0,1,178,616,199-H4-15A
116.33828253979576,181.0,1,178,616,199-H4-15A
115.98505275556519,212.0,1,178,616,199-H4-15A
115.23919402672247,243.0,1,178,616,199-H4-15A
114.24405694784872,273.0,1,178,616,199-H4-15A
114.20778703230944,304.0,1,178,616,199-H4-15A
114.58072196150259,334.0,1,178,616,199-H4-15A
115.07549750480402,365.0,1,178,616,199-H4-15A
115.50758982307326,396.0,1,178,616,199-H4-15A
115.80521863999543,424.0,1,178,616,199-H4-15A
115.59076010571876,455.0,1,178,616,199-H4-15A
115.21524573658074,485.0,1,178,616,199-H4-15A
115.3121443953092,516.0,1,178,616,199-H4-15A
115.18865223985924,546.0,1,178,616,199-H4-15A
114.90174042455915,577.0,1,178,616,199-H4-15A
114.91625570677245,608.0,1,178,616,199-H4-15A
114.28432377342443,638.0,1,178,616,199-H4-15A
114.20370195379635,669.0,1,178,616,199-H4-15A
114.5953356272296,699.0,1,178,616,199-H4-15A
114.68636614685512,730.0,1,178,616,199-H4-15A
114.83644054730595,761.0,1,178,616,199-H4-15A
114.93073817183256,790.0,1,178,616,199-H4-15A
115.20789364331402,821.0,1,178,616,199-H4-15A
115.88114666922202,851.0,1,178,616,199-H4-15A
115.69300701822978,882.0,1,178,616,199-H4-15A
115.49436924128247,912.0,1,178,616,199-H4-15A
115.19216535897282,943.0,1,178,616,199-H4-15A
114.84095489100119,974.0,1,178,616,199-H4-15A
114.24783389679514,1004.0,1,178,616,199-H4-15A
114.42635713242711,1035.0,1,178,616,199-H4-15A
114.88852491942446,1065.0,1,178,616,199-H4-15A
115.25268093207467,1096.0,1,178,616,199-H4-15A
115.43091917742001,1127.0,1,178,616,199-H4-15A
115.34087529181723,1155.0,1,178,616,199-H4-15A
115.86883199401035,1186.0,1,178,616,199-H4-15A
116.62584487687894,1216.0,1,178,616,199-H4-15A
117.10873117115204,1247.0,1,178,616,199-H4-15A
116.94220301418832,1277.0,1,178,616,199-H4-15A
115.49229367858901,1308.0,1,178,616,199-H4-15A
114.85445834521803,1339.0,1,178,616,199-H4-15A
114.47543465395606,1369.0,1,178,616,199-H4-15A
114.08620350975661,1400.0,1,178,616,199-H4-15A
114.36014855704644,1430.0,1,178,616,199-H4-15A
114.84794823657998,1461.0,1,178,616,199-H4-15A
115.31714870753262,1492.0,1,178,616,199-H4-15A
115.79339931094033,1520.0,1,178,616,199-H4-15A
115.30209771773906,1551.0,1,178,616,199-H4-15A
115.72693138163831,1581.0,1,178,616,199-H4-15A
117.67009507145154,1612.0,1,178,616,199-H4-15A
116.41314861761172,1642.0,1,178,616,199-H4-15A
115.4721831528091,1673.0,1,178,616,199-H4-15A
114.95271312328073,1704.0,1,178,616,199-H4-15A
114.22410347054196,1734.0,1,178,616,199-H4-15A
114.16190898820527,1765.0,1,178,616,199-H4-15A
114.71450697555811,1795.0,1,178,616,199-H4-15A
114.67454981543737,1826.0,1,178,616,199-H4-15A
114.83683864490463,1857.0,1,178,616,199-H4-15A
114.82608274140759,1885.0,1,178,616,199-H4-15A
114.50325042503215,1916.0,1,178,616,199-H4-15A
114.541629582261,1946.0,1,178,616,199-H4-15A
115.65065907471768,1977.0,1,178,616,199-H4-15A
115.25825366328839,2007.0,1,178,616,199-H4-15A
114.80767512499594,2038.0,1,178,616,199-H4-15A
114.7338195446684,2069.0,1,178,616,199-H4-15A
113.9929704749692,2099.0,1,178,616,199-H4-15A
114.00422964639087,2130.0,1,178,616,199-H4-15A
114.67692520555953,2160.0,1,178,616,199-H4-15A
114.67857988833674,2191.0,1,178,616,199-H4-15A
114.94597038318858,2222.0,1,178,616,199-H4-15A
115.26342825839394,2251.0,1,178,616,199-H4-15A
114.64793781008083,2282.0,1,178,616,199-H4-15A
114.68209268498151,2312.0,1,178,616,199-H4-15A
116.25965928223764,2343.0,1,178,616,199-H4-15A
116.7154511199595,2373.0,1,178,616,199-H4-15A
115.99326006927808,2404.0,1,178,616,199-H4-15A
115.27767161988014,2435.0,1,178,616,199-H4-15A
114.42283969436166,2465.0,1,178,616,199-H4-15A
114.3070966868504,2496.0,1,178,616,199-H4-15A
114.90171940503548,2526.0,1,178,616,199-H4-15A
114.96004143746397,2557.0,1,178,616,199-H4-15A
115.36696497096835,2588.0,1,178,616,199-H4-15A
115.26163198877366,2616.0,1,178,616,199-H4-15A
114.41069549469005,2647.0,1,178,616,199-H4-15A
114.56954610442172,2677.0,1,178,616,199-H4-15A
115.44339149693421,2708.0,1,178,616,199-H4-15A
115.84827405230246,2738.0,1,178,616,199-H4-15A
115.29891245529552,2769.0,1,178,616,199-H4-15A
115.01838927751,2800.0,1,178,616,199-H4-15A
114.2145647411618,2830.0,1,178,616,199-H4-15A
114.16296118557919,2861.0,1,178,616,199-H4-15A
114.69426472568267,2891.0,1,178,616,199-H4-15A
114.87493584702487,2922.0,1,178,616,199-H4-15A
115.80681948288505,2953.0,1,178,616,199-H4-15A
115.6644174228769,2981.0,1,178,616,199-H4-15A
115.22210604226218,3012.0,1,178,616,199-H4-15A
114.89575353137155,3042.0,1,178,616,199-H4-15A
115.66441526037684,3073.0,1,178,616,199-H4-15A
117.29162805125632,3103.0,1,178,616,199-H4-15A
116.58123858137273,3134.0,1,178,616,199-H4-15A
115.77796586286915,3165.0,1,178,616,199-H4-15A
114.64028306989273,3195.0,1,178,616,199-H4-15A
114.19756864770136,3226.0,1,178,616,199-H4-15A
114.88988896309633,3256.0,1,178,616,199-H4-15A
114.9626379018887,3287.0,1,178,616,199-H4-15A
114.80383372438958,3318.0,1,178,616,199-H4-15A
114.90083395528069,3346.0,1,178,616,199-H4-15A
114.47527437546077,3377.0,1,178,616,199-H4-15A
114.27237649162306,3407.0,1,178,616,199-H4-15A
116.41358553079182,3438.0,1,178,616,199-H4-15A
115.26153592364194,3468.0,1,178,616,199-H4-15A
115.10655790240814,3499.0,1,178,616,199-H4-15A
115.30172120461343,31.0,1,180,603,199-H4-17
115.08305220581606,59.0,1,180,603,199-H4-17
115.56512021652608,90.0,1,180,603,199-H4-17
115.94034415387272,120.0,1,180,603,199-H4-17
116.57996756824278,151.0,1,180,603,199-H4-17
116.63972111363022,181.0,1,180,603,199-H4-17
116.43283334307154,212.0,1,180,603,199-H4-17
115.90121715505379,243.0,1,180,603,199-H4-17
115.22105334215775,273.0,1,180,603,199-H4-17
115.03847677206412,304.0,1,180,603,199-H4-17
115.1833528687157,334.0,1,180,603,199-H4-17
115.51228526310082,365.0,1,180,603,199-H4-17
115.82628253263654,396.0,1,180,603,199-H4-17
116.0684800013151,424.0,1,180,603,199-H4-17
115.92361709804028,455.0,1,180,603,199-H4-17
115.64414867798128,485.0,1,180,603,199-H4-17
115.66775087748994,516.0,1,180,603,199-H4-17
115.59156474120515,546.0,1,180,603,199-H4-17
115.38581185856548,577.0,1,180,603,199-H4-17
115.2876342037327,608.0,1,180,603,199-H4-17
114.78668780873325,638.0,1,180,603,199-H4-17
114.6533886433214,669.0,1,180,603,199-H4-17
114.84731481726837,699.0,1,180,603,199-H4-17
114.85088712531565,730.0,1,180,603,199-H4-17
114.96553774517118,761.0,1,180,603,199-H4-17
115.04966819957288,790.0,1,180,603,199-H4-17
115.27196834850967,821.0,1,180,603,199-H4-17
115.85128692356643,851.0,1,180,603,199-H4-17
115.81663556248306,882.0,1,180,603,199-H4-17
115.68473872913147,912.0,1,180,603,199-H4-17
115.43804176605472,943.0,1,180,603,199-H4-17
115.19492028550205,974.0,1,180,603,199-H4-17
114.78695641062012,1004.0,1,180,603,199-H4-17
114.78931002649723,1035.0,1,180,603,199-H4-17
115.08241364088899,1065.0,1,180,603,199-H4-17
115.42889037853337,1096.0,1,180,603,199-H4-17
115.516637414743,1127.0,1,180,603,199-H4-17
115.58915531078023,1155.0,1,180,603,199-H4-17
116.04625844071612,1186.0,1,180,603,199-H4-17
116.54812593179354,1216.0,1,180,603,199-H4-17
117.02360843536414,1247.0,1,180,603,199-H4-17
117.08239231785085,1277.0,1,180,603,199-H4-17
116.05773669187782,1308.0,1,180,603,199-H4-17
115.4511434475203,1339.0,1,180,603,199-H4-17
115.18224770858936,1369.0,1,180,603,199-H4-17
114.7029331824836,1400.0,1,180,603,199-H4-17
114.71265698978475,1430.0,1,180,603,199-H4-17
114.93297851484957,1461.0,1,180,603,199-H4-17
115.30677672689598,1492.0,1,180,603,199-H4-17
115.81910274204445,1520.0,1,180,603,199-H4-17
115.5927620900681,1551.0,1,180,603,199-H4-17
115.85065484488801,1581.0,1,180,603,199-H4-17
117.41645204776485,1612.0,1,180,603,199-H4-17
116.63664102671183,1642.0,1,180,603,199-H4-17
115.8955899791565,1673.0,1,180,603,199-H4-17
115.44901188813004,1704.0,1,180,603,199-H4-17
114.89099033140195,1734.0,1,180,603,199-H4-17
114.75440103317653,1765.0,1,180,603,199-H4-17
114.97329759859494,1795.0,1,180,603,199-H4-17
114.89805237838834,1826.0,1,180,603,199-H4-17
115.13213354979904,1857.0,1,180,603,199-H4-17
115.15628299521978,1885.0,1,180,603,199-H4-17
114.98063437903127,1916.0,1,180,603,199-H4-17
114.95291359187368,1946.0,1,180,603,199-H4-17
115.68946072045256,1977.0,1,180,603,199-H4-17
115.57715865989053,2007.0,1,180,603,199-H4-17
115.27246660245369,2038.0,1,180,603,199-H4-17
115.16238461737522,2069.0,1,180,603,199-H4-17
114.7719717611384,2099.0,1,180,603,199-H4-17
114.65813438488496,2130.0,1,180,603,199-H4-17
115.00163815922905,2160.0,1,180,603,199-H4-17
115.04472653344294,2191.0,1,180,603,199-H4-17
115.22427697348618,2222.0,1,180,603,199-H4-17
115.46729135493634,2251.0,1,180,603,199-H4-17
115.08662183235063,2282.0,1,180,603,199-H4-17
115.04317452461414,2312.0,1,180,603,199-H4-17
116.19266898011013,2343.0,1,180,603,199-H4-17
116.53266675180011,2373.0,1,180,603,199-H4-17
116.08070617906748,2404.0,1,180,603,199-H4-17
115.72697402821903,2435.0,1,180,603,199-H4-17
115.03548325010135,2465.0,1,180,603,199-H4-17
114.72803605908622,2496.0,1,180,603,199-H4-17
115.05409792143733,2526.0,1,180,603,199-H4-17
115.10671347313617,2557.0,1,180,603,199-H4-17
115.42866894047695,2588.0,1,180,603,199-H4-17
115.35393686428861,2616.0,1,180,603,199-H4-17
114.80954791571298,2647.0,1,180,603,199-H4-17
114.8034920145469,2677.0,1,180,603,199-H4-17
115.41063179591028,2708.0,1,180,603,199-H4-17
115.75187619996957,2738.0,1,180,603,199-H4-17
115.40240168247419,2769.0,1,180,603,199-H4-17
115.18302215627658,2800.0,1,180,603,199-H4-17
114.65868755842271,2830.0,1,180,603,199-H4-17
114.50816466080262,2861.0,1,180,603,199-H4-17
114.793508217116,2891.0,1,180,603,199-H4-17
115.06819898092634,2922.0,1,180,603,199-H4-17
115.60613709114054,2953.0,1,180,603,199-H4-17
115.58830308583826,2981.0,1,180,603,199-H4-17
115.29701465831624,3012.0,1,180,603,199-H4-17
115.04195578549601,3042.0,1,180,603,199-H4-17
115.55022271407422,3073.0,1,180,603,199-H4-17
116.8951731486124,3103.0,1,180,603,199-H4-17
116.52954162778272,3134.0,1,180,603,199-H4-17
115.92831883232687,3165.0,1,180,603,199-H4-17
115.10873552560136,3195.0,1,180,603,199-H4-17
114.71811711303747,3226.0,1,180,603,199-H4-17
114.99673788426067,3256.0,1,180,603,199-H4-17
115.06209651158869,3287.0,1,180,603,199-H4-17
115.06444706811249,3318.0,1,180,603,199-H4-17
115.14172037490034,3346.0,1,180,603,199-H4-17
114.91062451152365,3377.0,1,180,603,199-H4-17
114.76823876466514,3407.0,1,180,603,199-H4-17
116.19577887039544,3438.0,1,180,603,199-H4-17
115.56753607830844,3468.0,1,180,603,199-H4-17
115.39297509464282,3499.0,1,180,603,199-H4-17
115.36014836615288,31.0,1,208,627,199-H4-18
115.09877709838044,59.0,1,208,627,199-H4-18
115.5282217615803,90.0,1,208,627,199-H4-18
115.88350689949732,120.0,1,208,627,199-H4-18
116.49645075062412,151.0,1,208,627,199-H4-18
116.59348566562387,181.0,1,208,627,199-H4-18
116.44164206080323,212.0,1,208,627,199-H4-18
115.95804024804414,243.0,1,208,627,199-H4-18
115.37653725744872,273.0,1,208,627,199-H4-18
115.20220812598089,304.0,1,208,627,199-H4-18
115.23851886266874,334.0,1,208,627,199-H4-18
115.5035491589436,365.0,1,208,627,199-H4-18
115.78787529751357,396.0,1,208,627,199-H4-18
116.01978286225678,424.0,1,208,627,199-H4-18
115.93930083269149,455.0,1,208,627,199-H4-18
115.70364813632989,485.0,1,208,627,199-H4-18
115.7076332210385,516.0,1,208,627,199-H4-18
115.63443338169161,546.0,1,208,627,199-H4-18
115.53546407885644,577.0,1,208,627,199-H4-18
115.39985252263612,608.0,1,208,627,199-H4-18
114.93207894378202,638.0,1,208,627,199-H4-18
114.80334068555729,669.0,1,208,627,199-H4-18
114.94817044437202,699.0,1,208,627,199-H4-18
114.81853063485197,730.0,1,208,627,199-H4-18
114.88510813157879,761.0,1,208,627,199-H4-18
114.96130583116827,790.0,1,208,627,199-H4-18
115.15514077772188,821.0,1,208,627,199-H4-18
115.71448187828175,851.0,1,208,627,199-H4-18
115.71251308493198,882.0,1,208,627,199-H4-18
115.67468243062129,912.0,1,208,627,199-H4-18
115.46953454288105,943.0,1,208,627,199-H4-18
115.29830412409204,974.0,1,208,627,199-H4-18
114.88115518546407,1004.0,1,208,627,199-H4-18
114.67060951783489,1035.0,1,208,627,199-H4-18
114.85185145805741,1065.0,1,208,627,199-H4-18
115.09135455872031,1096.0,1,208,627,199-H4-18
115.26415268971148,1127.0,1,208,627,199-H4-18
115.29776629339932,1155.0,1,208,627,199-H4-18
115.79006838399566,1186.0,1,208,627,199-H4-18
116.32939032861327,1216.0,1,208,627,199-H4-18
116.78028936097978,1247.0,1,208,627,199-H4-18
116.79170890889861,1277.0,1,208,627,199-H4-18
115.86178012085304,1308.0,1,208,627,199-H4-18
115.36850677732244,1339.0,1,208,627,199-H4-18
115.03652129919008,1369.0,1,208,627,199-H4-18
114.59617270078866,1400.0,1,208,627,199-H4-18
114.55784705086124,1430.0,1,208,627,199-H4-18
114.78660965710506,1461.0,1,208,627,199-H4-18
115.12672567869166,1492.0,1,208,627,199-H4-18
115.48452345875411,1520.0,1,208,627,199-H4-18
115.2463189874695,1551.0,1,208,627,199-H4-18
115.496784019121,1581.0,1,208,627,199-H4-18
117.06083839665662,1612.0,1,208,627,199-H4-18
116.40702966365699,1642.0,1,208,627,199-H4-18
115.67005905114569,1673.0,1,208,627,199-H4-18
115.27748269939971,1704.0,1,208,627,199-H4-18
114.77869321543037,1734.0,1,208,627,199-H4-18
114.59860173148665,1765.0,1,208,627,199-H4-18
114.75153468532653,1795.0,1,208,627,199-H4-18
114.75762561027283,1826.0,1,208,627,199-H4-18
114.79390350817984,1857.0,1,208,627,199-H4-18
114.79188777619704,1885.0,1,208,627,199-H4-18
114.59524833688067,1916.0,1,208,627,199-H4-18
114.58611655247317,1946.0,1,208,627,199-H4-18
115.26158068700431,1977.0,1,208,627,199-H4-18
115.18471399671756,2007.0,1,208,627,199-H4-18
114.91011022697641,2038.0,1,208,627,199-H4-18
114.7854390835508,2069.0,1,208,627,199-H4-18
114.43881599174371,2099.0,1,208,627,199-H4-18
114.32912593817905,2130.0,1,208,627,199-H4-18
114.56023462863774,2160.0,1,208,627,199-H4-18
114.60388229954668,2191.0,1,208,627,199-H4-18
114.78453013214995,2222.0,1,208,627,199-H4-18
115.04437103528461,2251.0,1,208,627,199-H4-18
114.80492463174208,2282.0,1,208,627,199-H4-18
114.76360480313774,2312.0,1,208,627,199-H4-18
115.77958783388347,2343.0,1,208,627,199-H4-18
116.27253829245467,2373.0,1,208,627,199-H4-18
115.9440091221814,2404.0,1,208,627,199-H4-18
115.4332534552789,2435.0,1,208,627,199-H4-18
114.87578276712433,2465.0,1,208,627,199-H4-18
114.62247678189414,2496.0,1,208,627,199-H4-18
114.83213083063482,2526.0,1,208,627,199-H4-18
114.85555048946156,2557.0,1,208,627,199-H4-18
115.12068119043545,2588.0,1,208,627,199-H4-18
115.1300808644769,2616.0,1,208,627,199-H4-18
114.68407871108924,2647.0,1,208,627,199-H4-18
114.66294942127277,2677.0,1,208,627,199-H4-18
115.13572750325358,2708.0,1,208,627,199-H4-18
115.54329457648838,2738.0,1,208,627,199-H4-18
115.26956242487825,2769.0,1,208,627,199-H4-18
115.06630470503937,2800.0,1,208,627,199-H4-18
114.63979394556199,2830.0,1,208,627,199-H4-18
114.5141675413096,2861.0,1,208,627,199-H4-18
114.68694789035395,2891.0,1,208,627,199-H4-18
114.88510046558135,2922.0,1,208,627,199-H4-18
115.39753199465777,2953.0,1,208,627,199-H4-18
115.39155038167276,2981.0,1,208,627,199-H4-18
115.16227855903807,3012.0,1,208,627,199-H4-18
114.95754255282368,3042.0,1,208,627,199-H4-18
115.37700906677935,3073.0,1,208,627,199-H4-18
116.59664069363168,3103.0,1,208,627,199-H4-18
116.3387055614648,3134.0,1,208,627,199-H4-18
115.84626419662412,3165.0,1,208,627,199-H4-18
115.19015152685304,3195.0,1,208,627,199-H4-18
114.85330211806749,3226.0,1,208,627,199-H4-18
114.9925329894029,3256.0,1,208,627,199-H4-18
115.01784236844024,3287.0,1,208,627,199-H4-18
115.07928236086575,3318.0,1,208,627,199-H4-18
115.14629258931008,3346.0,1,208,627,199-H4-18
114.98884928889619,3377.0,1,208,627,199-H4-18
114.87110879969167,3407.0,1,208,627,199-H4-18
116.0202006478901,3438.0,1,208,627,199-H4-18
115.56088179380642,3468.0,1,208,627,199-H4-18
115.41210013233426,3499.0,1,208,627,199-H4-18
114.96961630791796,31.0,1,198,632,199-H4-4
114.58289696497903,59.0,1,198,632,199-H4-4
115.35477910371016,90.0,1,198,632,199-H4-4
115.78998591128342,120.0,1,198,632,199-H4-4
116.52734050035255,151.0,1,198,632,199-H4-4
116.44848099371386,181.0,1,198,632,199-H4-4
116.11249798521197,212.0,1,198,632,199-H4-4
115.39435716551696,243.0,1,198,632,199-H4-4
114.54730404000927,273.0,1,198,632,199-H4-4
114.45623025437563,304.0,1,198,632,199-H4-4
114.80799249089138,334.0,1,198,632,199-H4-4
115.23846024571198,365.0,1,198,632,199-H4-4
115.64475676121197,396.0,1,198,632,199-H4-4
115.93453376195983,424.0,1,198,632,199-H4-4
115.72338139720475,455.0,1,198,632,199-H4-4
115.36664417238197,485.0,1,198,632,199-H4-4
115.43827386772269,516.0,1,198,632,199-H4-4
115.33452832243911,546.0,1,198,632,199-H4-4
115.09099292367932,577.0,1,198,632,199-H4-4
115.10545382521109,608.0,1,198,632,199-H4-4
114.4595601954674,638.0,1,198,632,199-H4-4
114.35678349947838,669.0,1,198,632,199-H4-4
114.760785969855,699.0,1,198,632,199-H4-4
114.80386126358961,730.0,1,198,632,199-H4-4
114.93721577526954,761.0,1,198,632,199-H4-4
115.01913435302824,790.0,1,198,632,199-H4-4
115.29742987719236,821.0,1,198,632,199-H4-4
115.98796867738389,851.0,1,198,632,199-H4-4
115.77665324896995,882.0,1,198,632,199-H4-4
115.60609151230457,912.0,1,198,632,199-H4-4
115.28979773597305,943.0,1,198,632,199-H4-4
114.9524853881598,974.0,1,198,632,199-H4-4
114.36480827780463,1004.0,1,198,632,199-H4-4
114.47176955789615,1035.0,1,198,632,199-H4-4
114.95821984168444,1065.0,1,198,632,199-H4-4
115.30255617991372,1096.0,1,198,632,199-H4-4
115.48931182025174,1127.0,1,198,632,199-H4-4
115.36310007617823,1155.0,1,198,632,199-H4-4
115.92688448274839,1186.0,1,198,632,199-H4-4
116.72204988077586,1216.0,1,198,632,199-H4-4
117.1884027421745,1247.0,1,198,632,199-H4-4
117.01863592893235,1277.0,1,198,632,199-H4-4
115.57028224471028,1308.0,1,198,632,199-H4-4
114.91651187111185,1339.0,1,198,632,199-H4-4
114.54952273988086,1369.0,1,198,632,199-H4-4
114.16382906973674,1400.0,1,198,632,199-H4-4
114.41560880295172,1430.0,1,198,632,199-H4-4
114.92810666931696,1461.0,1,198,632,199-H4-4
115.40751421317322,1492.0,1,198,632,199-H4-4
115.83585109977692,1520.0,1,198,632,199-H4-4
115.32226134559427,1551.0,1,198,632,199-H4-4
115.76471523723119,1581.0,1,198,632,199-H4-4
117.72842551077876,1612.0,1,198,632,199-H4-4
116.45631342591793,1642.0,1,198,632,199-H4-4
115.53994491411737,1673.0,1,198,632,199-H4-4
114.99799427235124,1704.0,1,198,632,199-H4-4
114.32417214595327,1734.0,1,198,632,199-H4-4
114.21018426682149,1765.0,1,198,632,199-H4-4
114.75319202956872,1795.0,1,198,632,199-H4-4
114.71976687574654,1826.0,1,198,632,199-H4-4
114.84547300528504,1857.0,1,198,632,199-H4-4
114.82648972379904,1885.0,1,198,632,199-H4-4
114.50875025304941,1916.0,1,198,632,199-H4-4
114.54537189080833,1946.0,1,198,632,199-H4-4
115.6639650910952,1977.0,1,198,632,199-H4-4
115.32343256267917,2007.0,1,198,632,199-H4-4
114.86833126397056,2038.0,1,198,632,199-H4-4
114.79640678732196,2069.0,1,198,632,199-H4-4
114.00374574729004,2099.0,1,198,632,199-H4-4
113.98114103053871,2130.0,1,198,632,199-H4-4
114.71956219743726,2160.0,1,198,632,199-H4-4
114.69346974888312,2191.0,1,198,632,199-H4-4
114.96452630622238,2222.0,1,198,632,199-H4-4
115.29674069501097,2251.0,1,198,632,199-H4-4
114.65476724171593,2282.0,1,198,632,199-H4-4
114.65882343433816,2312.0,1,198,632,199-H4-4
116.33217307859061,2343.0,1,198,632,199-H4-4
116.7507670471957,2373.0,1,198,632,199-H4-4
116.0242224423755,2404.0,1,198,632,199-H4-4
115.33627473215824,2435.0,1,198,632,199-H4-4
114.46076174574567,2465.0,1,198,632,199-H4-4
114.31348502581696,2496.0,1,198,632,199-H4-4
114.95008129523723,2526.0,1,198,632,199-H4-4
114.9747098981629,2557.0,1,198,632,199-H4-4
115.3793561587554,2588.0,1,198,632,199-H4-4
115.2600054105398,2616.0,1,198,632,199-H4-4
114.39146617953683,2647.0,1,198,632,199-H4-4
114.54812615348615,2677.0,1,198,632,199-H4-4
115.49344567223548,2708.0,1,198,632,199-H4-4
115.920701975654,2738.0,1,198,632,199-H4-4
115.32647985632642,2769.0,1,198,632,199-H4-4
115.01323625537643,2800.0,1,198,632,199-H4-4
114.21861077918186,2830.0,1,198,632,199-H4-4
114.11020914697254,2861.0,1,198,632,199-H4-4
114.69738288429262,2891.0,1,198,632,199-H4-4
115.0164244310121,2922.0,1,198,632,199-H4-4
115.72787778246646,2953.0,1,198,632,199-H4-4
115.55469380421222,2981.0,1,198,632,199-H4-4
115.13186193255075,3012.0,1,198,632,199-H4-4
114.8193502280707,3042.0,1,198,632,199-H4-4
115.5587666666904,3073.0,1,198,632,199-H4-4
117.20541255665533,3103.0,1,198,632,199-H4-4
116.46312814035934,3134.0,1,198,632,199-H4-4
115.66487586231999,3165.0,1,198,632,199-H4-4
114.62585507735272,3195.0,1,198,632,199-H4-4
114.2015708529986,3226.0,1,198,632,199-H4-4
114.83995966148802,3256.0,1,198,632,199-H4-4
114.90489901790933,3287.0,1,198,632,199-H4-4
114.75548597163683,3318.0,1,198,632,199-H4-4
114.84939127845665,3346.0,1,198,632,199-H4-4
114.47123569332062,3377.0,1,198,632,199-H4-4
114.28018346129207,3407.0,1,198,632,199-H4-4
116.36712723276048,3438.0,1,198,632,199-H4-4
115.2068571802853,3468.0,1,198,632,199-H4-4
115.05829995884633,3499.0,1,198,632,199-H4-4
115.02241698631009,31.0,1,190,620,199-H4-5
114.65995724725471,59.0,1,190,620,199-H4-5
115.34531057451292,90.0,1,190,620,199-H4-5
115.78442353153507,120.0,1,190,620,199-H4-5
116.48382553368907,151.0,1,190,620,199-H4-5
116.47292846016009,181.0,1,190,620,199-H4-5
116.1884589961178,212.0,1,190,620,199-H4-5
115.54203101431634,243.0,1,190,620,199-H4-5
114.68450847603638,273.0,1,190,620,199-H4-5
114.52838159625435,304.0,1,190,620,199-H4-5
114.8284885669796,334.0,1,190,620,199-H4-5
115.25021754278933,365.0,1,190,620,199-H4-5
115.6476055779057,396.0,1,190,620,199-H4-5
115.92774236559872,424.0,1,190,620,199-H4-5
115.76552383499512,455.0,1,190,620,199-H4-5
115.43460880456618,485.0,1,190,620,199-H4-5
115.47290852568945,516.0,1,190,620,199-H4-5
115.37767047434504,546.0,1,190,620,199-H4-5
115.13600390302169,577.0,1,190,620,199-H4-5
115.11242394360207,608.0,1,190,620,199-H4-5
114.50869432201554,638.0,1,190,620,199-H4-5
114.36346709754353,669.0,1,190,620,199-H4-5
114.71310917997488,699.0,1,190,620,199-H4-5
114.7879625485823,730.0,1,190,620,199-H4-5
114.93108354008157,761.0,1,190,620,199-H4-5
115.02726082114779,790.0,1,190,620,199-H4-5
115.28561083949411,821.0,1,190,620,199-H4-5
115.90851772182616,851.0,1,190,620,199-H4-5
115.77440890862992,882.0,1,190,620,199-H4-5
115.61752226395146,912.0,1,190,620,199-H4-5
115.32281666558576,943.0,1,190,620,199-H4-5
114.99176896130633,974.0,1,190,620,199-H4-5
114.42276755251272,1004.0,1,190,620,199-H4-5
114.50096716834771,1035.0,1,190,620,199-H4-5
114.94269601143942,1065.0,1,190,620,199-H4-5
115.28075276806204,1096.0,1,190,620,199-H4-5
115.46342905679786,1127.0,1,190,620,199-H4-5
115.38050098856944,1155.0,1,190,620,199-H4-5
115.8649596514829,1186.0,1,190,620,199-H4-5
116.6046681092383,1216.0,1,190,620,199-H4-5
117.07260013196193,1247.0,1,190,620,199-H4-5
116.96586322021224,1277.0,1,190,620,199-H4-5
115.69168368497576,1308.0,1,190,620,199-H4-5
115.03168624380193,1339.0,1,190,620,199-H4-5
114.63797862517058,1369.0,1,190,620,199-H4-5
114.23861834463669,1400.0,1,190,620,199-H4-5
114.43170440375242,1430.0,1,190,620,199-H4-5
114.89021570710895,1461.0,1,190,620,199-H4-5
115.3441679102691,1492.0,1,190,620,199-H4-5
115.78485454483318,1520.0,1,190,620,199-H4-5
115.37144559047707,1551.0,1,190,620,199-H4-5
115.73174855136624,1581.0,1,190,620,199-H4-5
117.50888520011678,1612.0,1,190,620,199-H4-5
116.50150393385282,1642.0,1,190,620,199-H4-5
115.63299580910716,1673.0,1,190,620,199-H4-5
115.09809692232805,1704.0,1,190,620,199-H4-5
114.4129468675141,1734.0,1,190,620,199-H4-5
114.2586563246963,1765.0,1,190,620,199-H4-5
114.72770525441926,1795.0,1,190,620,199-H4-5
114.72441015434602,1826.0,1,190,620,199-H4-5
114.8439388702058,1857.0,1,190,620,199-H4-5
114.84028664607489,1885.0,1,190,620,199-H4-5
114.56782674975145,1916.0,1,190,620,199-H4-5
114.58626159827261,1946.0,1,190,620,199-H4-5
115.58289169215789,1977.0,1,190,620,199-H4-5
115.35154834641911,2007.0,1,190,620,199-H4-5
114.90844875173764,2038.0,1,190,620,199-H4-5
114.80447578816138,2069.0,1,190,620,199-H4-5
114.0764084540356,2099.0,1,190,620,199-H4-5
114.00452908587454,2130.0,1,190,620,199-H4-5
114.65090126364818,2160.0,1,190,620,199-H4-5
114.67298336644673,2191.0,1,190,620,199-H4-5
114.92697096024385,2222.0,1,190,620,199-H4-5
115.2576543553791,2251.0,1,190,620,199-H4-5
114.71551330383473,2282.0,1,190,620,199-H4-5
114.67293964739302,2312.0,1,190,620,199-H4-5
116.16103923698417,2343.0,1,190,620,199-H4-5
116.64864747801666,2373.0,1,190,620,199-H4-5
116.06401909940818,2404.0,1,190,620,199-H4-5
115.39938193354602,2435.0,1,190,620,199-H4-5
114.54671141504127,2465.0,1,190,620,199-H4-5
114.34013406523746,2496.0,1,190,620,199-H4-5
114.88728135418816,2526.0,1,190,620,199-H4-5
114.94682014624864,2557.0,1,190,620,199-H4-5
115.32807620119434,2588.0,1,190,620,199-H4-5
115.26083932685731,2616.0,1,190,620,199-H4-5
114.45746870585322,2647.0,1,190,620,199-H4-5
114.54563038596815,2677.0,1,190,620,199-H4-5
115.39173341343275,2708.0,1,190,620,199-H4-5
115.82107472368808,2738.0,1,190,620,199-H4-5
115.33917065890402,2769.0,1,190,620,199-H4-5
115.0403717383862,2800.0,1,190,620,199-H4-5
114.29698628571961,2830.0,1,190,620,199-H4-5
114.14169656515604,2861.0,1,190,620,199-H4-5
114.65589293694433,2891.0,1,190,620,199-H4-5
114.94340356260992,2922.0,1,190,620,199-H4-5
115.64881393695524,2953.0,1,190,620,199-H4-5
115.5560407572824,2981.0,1,190,620,199-H4-5
115.16821130869249,3012.0,1,190,620,199-H4-5
114.85653241258476,3042.0,1,190,620,199-H4-5
115.52234637863485,3073.0,1,190,620,199-H4-5
117.03681303390648,3103.0,1,190,620,199-H4-5
116.49604795812155,3134.0,1,190,620,199-H4-5
115.77501499644148,3165.0,1,190,620,199-H4-5
114.75405740931079,3195.0,1,190,620,199-H4-5
114.27234504106897,3226.0,1,190,620,199-H4-5
114.81309806667365,3256.0,1,190,620,199-H4-5
114.90391870223173,3287.0,1,190,620,199-H4-5
114.84015977997642,3318.0,1,190,620,199-H4-5
114.92946661249526,3346.0,1,190,620,199-H4-5
114.5833479958715,3377.0,1,190,620,199-H4-5
114.38511250050016,3407.0,1,190,620,199-H4-5
116.25482047890091,3438.0,1,190,620,199-H4-5
115.35690872818948,3468.0,1,190,620,199-H4-5
115.16991287969326,3499.0,1,190,620,199-H4-5
114.87755469441849,31.0,1,182,620,199-H4-64
114.46949946203273,59.0,1,182,620,199-H4-64
115.2709460135853,90.0,1,182,620,199-H4-64
115.7091162301968,120.0,1,182,620,199-H4-64
116.45449328773269,151.0,1,182,620,199-H4-64
116.3724047906335,181.0,1,182,620,199-H4-64
116.0199214212881,212.0,1,182,620,199-H4-64
115.29538104201971,243.0,1,182,620,199-H4-64
114.33488990503544,273.0,1,182,620,199-H4-64
114.29551167716707,304.0,1,182,620,199-H4-64
114.66570513052797,334.0,1,182,620,199-H4-64
115.14523381563252,365.0,1,182,620,199-H4-64
115.55161218713224,396.0,1,182,620,199-H4-64
115.84409954927285,424.0,1,182,620,199-H4-64
115.63784014623663,455.0,1,182,620,199-H4-64
115.2852620652159,485.0,1,182,620,199-H4-64
115.36936591337557,516.0,1,182,620,199-H4-64
115.25934192909223,546.0,1,182,620,199-H4-64
114.98283161659963,577.0,1,182,620,199-H4-64
114.98741003342096,608.0,1,182,620,199-H4-64
114.35132845423527,638.0,1,182,620,199-H4-64
114.27143193691545,669.0,1,182,620,199-H4-64
114.66493575226303,699.0,1,182,620,199-H4-64
114.74525319526364,730.0,1,182,620,199-H4-64
114.89532947416383,761.0,1,182,620,199-H4-64
114.99036426473182,790.0,1,182,620,199-H4-64
115.26594142156523,821.0,1,182,620,199-H4-64
115.93256185809095,851.0,1,182,620,199-H4-64
115.72663278205589,882.0,1,182,620,199-H4-64
115.5385447661389,912.0,1,182,620,199-H4-64
115.23335972403086,943.0,1,182,620,199-H4-64
114.88420308830413,974.0,1,182,620,199-H4-64
114.28472309658733,1004.0,1,182,620,199-H4-64
114.47273617047503,1035.0,1,182,620,199-H4-64
114.92924411409597,1065.0,1,182,620,199-H4-64
115.28342371009934,1096.0,1,182,620,199-H4-64
115.44825835422347,1127.0,1,182,620,199-H4-64
115.35550006287835,1155.0,1,182,620,199-H4-64
115.87576282023186,1186.0,1,182,620,199-H4-64
116.66157674729216,1216.0,1,182,620,199-H4-64
117.13901369086021,1247.0,1,182,620,199-H4-64
116.97017233298641,1277.0,1,182,620,199-H4-64
115.51895806829685,1308.0,1,182,620,199-H4-64
114.87705964203967,1339.0,1,182,620,199-H4-64
114.49340171528534,1369.0,1,182,620,199-H4-64
114.13558792481554,1400.0,1,182,620,199-H4-64
114.40885685169742,1430.0,1,182,620,199-H4-64
114.89668796844394,1461.0,1,182,620,199-H4-64
115.35840105055759,1492.0,1,182,620,199-H4-64
115.8005313595941,1520.0,1,182,620,199-H4-64
115.31959078561363,1551.0,1,182,620,199-H4-64
115.73774225782691,1581.0,1,182,620,199-H4-64
117.6792699872696,1612.0,1,182,620,199-H4-64
116.42861203291106,1642.0,1,182,620,199-H4-64
115.53506519637561,1673.0,1,182,620,199-H4-64
114.98024003353895,1704.0,1,182,620,199-H4-64
114.25988165169522,1734.0,1,182,620,199-H4-64
114.20069980242423,1765.0,1,182,620,199-H4-64
114.77251959912324,1795.0,1,182,620,199-H4-64
114.7382395384918,1826.0,1,182,620,199-H4-64
114.87990883394939,1857.0,1,182,620,199-H4-64
114.86508142110164,1885.0,1,182,620,199-H4-64
114.53907269117585,1916.0,1,182,620,199-H4-64
114.57690734373864,1946.0,1,182,620,199-H4-64
115.6457152908552,1977.0,1,182,620,199-H4-64
115.30911347083877,2007.0,1,182,620,199-H4-64
114.86012281970832,2038.0,1,182,620,199-H4-64
114.77836053072335,2069.0,1,182,620,199-H4-64
113.99301089141952,2099.0,1,182,620,199-H4-64
114.01252473462945,2130.0,1,182,620,199-H4-64
114.74855905993232,2160.0,1,182,620,199-H4-64
114.71630072950877,2191.0,1,182,620,199-H4-64
114.99427317328349,2222.0,1,182,620,199-H4-64
115.3141766538344,2251.0,1,182,620,199-H4-64
114.6908549278219,2282.0,1,182,620,199-H4-64
114.69900394006844,2312.0,1,182,620,199-H4-64
116.35214873762567,2343.0,1,182,620,199-H4-64
116.81426417248672,2373.0,1,182,620,199-H4-64
116.09437550245441,2404.0,1,182,620,199-H4-64
115.32111719246846,2435.0,1,182,620,199-H4-64
114.43189840280448,2465.0,1,182,620,199-H4-64
114.32689980880932,2496.0,1,182,620,199-H4-64
114.97013560854819,2526.0,1,182,620,199-H4-64
115.00862855298575,2557.0,1,182,620,199-H4-64
115.43025216183793,2588.0,1,182,620,199-H4-64
115.32364359853877,2616.0,1,182,620,199-H4-64
114.40500280442295,2647.0,1,182,620,199-H4-64
114.58358805598134,2677.0,1,182,620,199-H4-64
115.51763447724471,2708.0,1,182,620,199-H4-64
115.94151469703276,2738.0,1,182,620,199-H4-64
115.35648316027196,2769.0,1,182,620,199-H4-64
115.04688111617727,2800.0,1,182,620,199-H4-64
114.2088680564298,2830.0,1,182,620,199-H4-64
114.13431266155459,2861.0,1,182,620,199-H4-64
114.7277925825153,2891.0,1,182,620,199-H4-64
114.97920194049088,2922.0,1,182,620,199-H4-64
115.79553106738953,2953.0,1,182,620,199-H4-64
115.64717348326315,2981.0,1,182,620,199-H4-64
115.19903881390185,3012.0,1,182,620,199-H4-64
114.86945412237894,3042.0,1,182,620,199-H4-64
115.64765503204518,3073.0,1,182,620,199-H4-64
117.2838960805518,3103.0,1,182,620,199-H4-64
116.56541529581395,3134.0,1,182,620,199-H4-64
115.75538609122916,3165.0,1,182,620,199-H4-64
114.60777175307145,3195.0,1,182,620,199-H4-64
114.15854617104799,3226.0,1,182,620,199-H4-64
114.8646585157094,3256.0,1,182,620,199-H4-64
114.93915313810798,3287.0,1,182,620,199-H4-64
114.77985578642217,3318.0,1,182,620,199-H4-64
114.87766861240743,3346.0,1,182,620,199-H4-64
114.44685541640561,3377.0,1,182,620,199-H4-64
114.24205891818416,3407.0,1,182,620,199-H4-64
116.40306350709936,3438.0,1,182,620,199-H4-64
115.23908311939181,3468.0,1,182,620,199-H4-64
115.08289947059806,3499.0,1,182,620,199-H4-64
115.3250738981517,31.0,1,205,625,199-H4-65
115.05918461955416,59.0,1,205,625,199-H4-65
115.50845170623813,90.0,1,205,625,199-H4-65
115.877566741067,120.0,1,205,625,199-H4-65
116.49747090715852,151.0,1,205,625,199-H4-65
116.5800510763413,181.0,1,205,625,199-H4-65
116.4112588083437,212.0,1,205,625,199-H4-65
115.91368997731944,243.0,1,205,625,199-H4-65
115.31362985834471,273.0,1,205,625,199-H4-65
115.13027912236791,304.0,1,205,625,199-H4-65
115.19534292150563,334.0,1,205,625,199-H4-65
115.47471707185487,365.0,1,205,625,199-H4-65
115.77174417940034,396.0,1,205,625,199-H4-65
116.00909744591321,424.0,1,205,625,199-H4-65
115.9188955718204,455.0,1,205,625,199-H4-65
115.6729493307937,485.0,1,205,625,199-H4-65
115.67661062423862,516.0,1,205,625,199-H4-65
115.60358069689879,546.0,1,205,625,199-H4-65
115.47831389559332,577.0,1,205,625,199-H4-65
115.3576251319772,608.0,1,205,625,199-H4-65
114.8775825464211,638.0,1,205,625,199-H4-65
114.74241636973494,669.0,1,205,625,199-H4-65
114.91254571823946,699.0,1,205,625,199-H4-65
114.82446670714008,730.0,1,205,625,199-H4-65
114.90604227267285,761.0,1,205,625,199-H4-65
114.9839166179727,790.0,1,205,625,199-H4-65
115.18830523572825,821.0,1,205,625,199-H4-65
115.75199907327794,851.0,1,205,625,199-H4-65
115.7313940396429,882.0,1,205,625,199-H4-65
115.67140441065277,912.0,1,205,625,199-H4-65
115.45105342632056,943.0,1,205,625,199-H4-65
115.25530124343844,974.0,1,205,625,199-H4-65
114.82529016799407,1004.0,1,205,625,199-H4-65
114.65210291549877,1035.0,1,205,625,199-H4-65
114.88087473980053,1065.0,1,205,625,199-H4-65
115.13854608634044,1096.0,1,205,625,199-H4-65
115.31292033964586,1127.0,1,205,625,199-H4-65
115.32388195973058,1155.0,1,205,625,199-H4-65
115.80534799590801,1186.0,1,205,625,199-H4-65
116.37993063762984,1216.0,1,205,625,199-H4-65
116.8311388391687,1247.0,1,205,625,199-H4-65
116.82466855990185,1277.0,1,205,625,199-H4-65
115.85124088388632,1308.0,1,205,625,199-H4-65
115.32894002628845,1339.0,1,205,625,199-H4-65
114.99318189372603,1369.0,1,205,625,199-H4-65
114.5582664836362,1400.0,1,205,625,199-H4-65
114.5485562522876,1430.0,1,205,625,199-H4-65
114.82087112953054,1461.0,1,205,625,199-H4-65
115.18102605517807,1492.0,1,205,625,199-H4-65
115.54790663771475,1520.0,1,205,625,199-H4-65
115.28466607638846,1551.0,1,205,625,199-H4-65
115.54756219703455,1581.0,1,205,625,199-H4-65
117.1286564537657,1612.0,1,205,625,199-H4-65
116.43235783122816,1642.0,1,205,625,199-H4-65
115.68345896098535,1673.0,1,205,625,199-H4-65
115.26283133203779,1704.0,1,205,625,199-H4-65
114.7420405041074,1734.0,1,205,625,199-H4-65
114.55030007921978,1765.0,1,205,625,199-H4-65
114.74779898425668,1795.0,1,205,625,199-H4-65
114.75348858355902,1826.0,1,205,625,199-H4-65
114.80745328285138,1857.0,1,205,625,199-H4-65
114.8062861617549,1885.0,1,205,625,199-H4-65
114.60943884700664,1916.0,1,205,625,199-H4-65
114.6018377892666,1946.0,1,205,625,199-H4-65
115.33242044633006,1977.0,1,205,625,199-H4-65
115.23325177291564,2007.0,1,205,625,199-H4-65
114.92484334642442,2038.0,1,205,625,199-H4-65
114.79985028647374,2069.0,1,205,625,199-H4-65
114.38257340212904,2099.0,1,205,625,199-H4-65
114.26898163863522,2130.0,1,205,625,199-H4-65
114.57440493667144,2160.0,1,205,625,199-H4-65
114.61770796233753,2191.0,1,205,625,199-H4-65
114.81063595651838,2222.0,1,205,625,199-H4-65
115.08739799173956,2251.0,1,205,625,199-H4-65
114.78895501707169,2282.0,1,205,625,199-H4-65
114.73831332202,2312.0,1,205,625,199-H4-65
115.84152411177094,2343.0,1,205,625,199-H4-65
116.32668839638607,2373.0,1,205,625,199-H4-65
115.9604858307497,2404.0,1,205,625,199-H4-65
115.43710945418857,2435.0,1,205,625,199-H4-65
114.83067477940735,2465.0,1,205,625,199-H4-65
114.57744515885261,2496.0,1,205,625,199-H4-65
114.83962485291104,2526.0,1,205,625,199-H4-65
114.87593579954233,2557.0,1,205,625,199-H4-65
115.15834290674444,2588.0,1,205,625,199-H4-65
115.15311630615435,2616.0,1,205,625,199-H4-65
114.6515010749256,2647.0,1,205,625,199-H4-65
114.63712980300585,2677.0,1,205,625,199-H4-65
115.18829502364049,2708.0,1,205,625,199-H4-65
115.59423833937198,2738.0,1,205,625,199-H4-65
115.29037839957712,2769.0,1,205,625,199-H4-65
115.07007325626451,2800.0,1,205,625,199-H4-65
114.5970956248695,2830.0,1,205,625,199-H4-65
114.45342243592,2861.0,1,205,625,199-H4-65
114.68172531256504,2891.0,1,205,625,199-H4-65
114.90711600734124,2922.0,1,205,625,199-H4-65
115.43444282626938,2953.0,1,205,625,199-H4-65
115.41403370566185,2981.0,1,205,625,199-H4-65
115.16056861321796,3012.0,1,205,625,199-H4-65
114.93611295330105,3042.0,1,205,625,199-H4-65
115.38869843294493,3073.0,1,205,625,199-H4-65
116.65652398597436,3103.0,1,205,625,199-H4-65
116.35870131455081,3134.0,1,205,625,199-H4-65
115.83245495155938,3165.0,1,205,625,199-H4-65
115.12739247196126,3195.0,1,205,625,199-H4-65
114.76729848121425,3226.0,1,205,625,199-H4-65
114.95250055465948,3256.0,1,205,625,199-H4-65
114.99233114560379,3287.0,1,205,625,199-H4-65
115.03928839875441,3318.0,1,205,625,199-H4-65
115.11130094791051,3346.0,1,205,625,199-H4-65
114.93138970094247,3377.0,1,205,625,199-H4-65
114.80260345561271,3407.0,1,205,625,199-H4-65
116.0557258691754,3438.0,1,205,625,199-H4-65
115.53440652046133,3468.0,1,205,625,199-H4-65
115.37744989199717,3499.0,1,205,625,199-H4-65
115.28458783277748,31.0,1,191,612,199-H4-8
115.0857860135772,59.0,1,191,612,199-H4-8
115.43869725443041,90.0,1,191,612,199-H4-8
115.80688302441571,120.0,1,191,612,199-H4-8
116.408489368438,151.0,1,191,612,199-H4-8
116.51983671098135,181.0,1,191,612,199-H4-8
116.36276084784559,212.0,1,191,612,199-H4-8
115.9168976328175,243.0,1,191,612,199-H4-8
115.3368070111551,273.0,1,191,612,199-H4-8
115.10971880329602,304.0,1,191,612,199-H4-8
115.17826178872086,334.0,1,191,612,199-H4-8
115.42333374830099,365.0,1,191,612,199-H4-8
115.6886110604986,396.0,1,191,612,199-H4-8
115.91570770335777,424.0,1,191,612,199-H4-8
115.8388311794447,455.0,1,191,612,199-H4-8
115.60655917905615,485.0,1,191,612,199-H4-8
115.59525278820284,516.0,1,191,612,199-H4-8
115.52861832715614,546.0,1,191,612,199-H4-8
115.31503424341139,577.0,1,191,612,199-H4-8
115.18044254866149,608.0,1,191,612,199-H4-8
114.78750905596395,638.0,1,191,612,199-H4-8
114.60973313160733,669.0,1,191,612,199-H4-8
114.7416899287817,699.0,1,191,612,199-H4-8
114.80576512825522,730.0,1,191,612,199-H4-8
114.91269328398069,761.0,1,191,612,199-H4-8
114.99314481905989,790.0,1,191,612,199-H4-8
115.18998515633551,821.0,1,191,612,199-H4-8
115.67544392890584,851.0,1,191,612,199-H4-8
115.67437958037529,882.0,1,191,612,199-H4-8
115.57356316159435,912.0,1,191,612,199-H4-8
115.35603448121368,943.0,1,191,612,199-H4-8
115.11367310099152,974.0,1,191,612,199-H4-8
114.76227297789131,1004.0,1,191,612,199-H4-8
114.70108672598184,1035.0,1,191,612,199-H4-8
114.91502733365294,1065.0,1,191,612,199-H4-8
115.18531001464567,1096.0,1,191,612,199-H4-8
115.3508345287252,1127.0,1,191,612,199-H4-8
115.35080777345263,1155.0,1,191,612,199-H4-8
115.70350511837536,1186.0,1,191,612,199-H4-8
116.28512090905451,1216.0,1,191,612,199-H4-8
116.75310481433443,1247.0,1,191,612,199-H4-8
116.763272466072,1277.0,1,191,612,199-H4-8
115.84936353933462,1308.0,1,191,612,199-H4-8
115.34343565213065,1339.0,1,191,612,199-H4-8
115.01899329450738,1369.0,1,191,612,199-H4-8
114.66296489785744,1400.0,1,191,612,199-H4-8
114.63219179643079,1430.0,1,191,612,199-H4-8
114.85170106692843,1461.0,1,191,612,199-H4-8
115.19091195494835,1492.0,1,191,612,199-H4-8
115.57644295538222,1520.0,1,191,612,199-H4-8
115.37970649705042,1551.0,1,191,612,199-H4-8
115.59197057129671,1581.0,1,191,612,199-H4-8
117.03651309580938,1612.0,1,191,612,199-H4-8
116.4567436699013,1642.0,1,191,612,199-H4-8
115.76789026082295,1673.0,1,191,612,199-H4-8
115.34428296188815,1704.0,1,191,612,199-H4-8
114.8327850267457,1734.0,1,191,612,199-H4-8
114.6180687723159,1765.0,1,191,612,199-H4-8
114.75451852855419,1795.0,1,191,612,199-H4-8
114.75401926311758,1826.0,1,191,612,199-H4-8
114.84369491490992,1857.0,1,191,612,199-H4-8
114.86691033081891,1885.0,1,191,612,199-H4-8
114.74249578241626,1916.0,1,191,612,199-H4-8
114.72160632237299,1946.0,1,191,612,199-H4-8
115.37507516141146,1977.0,1,191,612,199-H4-8
115.32028216250689,2007.0,1,191,612,199-H4-8
115.02246565654036,2038.0,1,191,612,199-H4-8
114.87496999575826,2069.0,1,191,612,199-H4-8
114.49053638048514,2099.0,1,191,612,199-H4-8
114.371107905561,2130.0,1,191,612,199-H4-8
114.5873844332686,2160.0,1,191,612,199-H4-8
114.65286381199277,2191.0,1,191,612,199-H4-8
114.85227989768262,2222.0,1,191,612,199-H4-8
115.13748404426097,2251.0,1,191,612,199-H4-8
114.87246390802927,2282.0,1,191,612,199-H4-8
114.79250648931406,2312.0,1,191,612,199-H4-8
115.81720147013513,2343.0,1,191,612,199-H4-8
116.30802903649354,2373.0,1,191,612,199-H4-8
115.99018739330778,2404.0,1,191,612,199-H4-8
115.50911676783089,2435.0,1,191,612,199-H4-8
114.90532087861847,2465.0,1,191,612,199-H4-8
114.62342481924037,2496.0,1,191,612,199-H4-8
114.82184463672338,2526.0,1,191,612,199-H4-8
114.88800355033888,2557.0,1,191,612,199-H4-8
115.16716787277562,2588.0,1,191,612,199-H4-8
115.17723935600787,2616.0,1,191,612,199-H4-8
114.71318376528424,2647.0,1,191,612,199-H4-8
114.65097931785654,2677.0,1,191,612,199-H4-8
115.18047195321039,2708.0,1,191,612,199-H4-8
115.57026148889902,2738.0,1,191,612,199-H4-8
115.32229090687987,2769.0,1,191,612,199-H4-8
115.1227316159516,2800.0,1,191,612,199-H4-8
114.69381156475255,2830.0,1,191,612,199-H4-8
114.53079517001268,2861.0,1,191,612,199-H4-8
114.70079542875656,2891.0,1,191,612,199-H4-8
114.9162347341479,2922.0,1,191,612,199-H4-8
115.41729369413163,2953.0,1,191,612,199-H4-8
115.44276647209027,2981.0,1,191,612,199-H4-8
115.21305600909976,3012.0,1,191,612,199-H4-8
114.98680687967023,3042.0,1,191,612,199-H4-8
115.38876981391171,3073.0,1,191,612,199-H4-8
116.61841309299676,3103.0,1,191,612,199-H4-8
116.4109930513616,3134.0,1,191,612,199-H4-8
115.89870068370527,3165.0,1,191,612,199-H4-8
115.1862444246471,3195.0,1,191,612,199-H4-8
114.81007565489107,3226.0,1,191,612,199-H4-8
114.93913209582367,3256.0,1,191,612,199-H4-8
114.99761321058337,3287.0,1,191,612,199-H4-8
115.10535050923004,3318.0,1,191,612,199-H4-8
115.18527537540709,3346.0,1,191,612,199-H4-8
115.0248546817771,3377.0,1,191,612,199-H4-8
114.90069048800659,3407.0,1,191,612,199-H4-8
116.05225954958766,3438.0,1,191,612,199-H4-8
115.62946536780314,3468.0,1,191,612,199-H4-8
115.46041199368047,3499.0,1,191,612,199-H4-8
115.33852600693989,31.0,1,199,616,199-H4-84
115.14981240183539,59.0,1,199,616,199-H4-84
115.46062816088809,90.0,1,199,616,199-H4-84
115.81496504979783,120.0,1,199,616,199-H4-84
116.40183517558489,151.0,1,199,616,199-H4-84
116.52768425669308,181.0,1,199,616,199-H4-84
116.39704892458211,212.0,1,199,616,199-H4-84
115.98369972900437,243.0,1,199,616,199-H4-84
115.45754253838412,273.0,1,199,616,199-H4-84
115.22847610719296,304.0,1,199,616,199-H4-84
115.25702391344768,334.0,1,199,616,199-H4-84
115.46123815459367,365.0,1,199,616,199-H4-84
115.71186665637858,396.0,1,199,616,199-H4-84
115.9324159098123,424.0,1,199,616,199-H4-84
115.87003187770311,455.0,1,199,616,199-H4-84
115.65538089535367,485.0,1,199,616,199-H4-84
115.63825920645483,516.0,1,199,616,199-H4-84
115.57263016690521,546.0,1,199,616,199-H4-84
115.39440408102175,577.0,1,199,616,199-H4-84
115.2499108282494,608.0,1,199,616,199-H4-84
114.88475310634152,638.0,1,199,616,199-H4-84
114.7035911343091,669.0,1,199,616,199-H4-84
114.78924232861405,699.0,1,199,616,199-H4-84
114.82243771554116,730.0,1,199,616,199-H4-84
114.91421906911674,761.0,1,199,616,199-H4-84
114.99183931514833,790.0,1,199,616,199-H4-84
115.17838072511726,821.0,1,199,616,199-H4-84
115.64741209763677,851.0,1,199,616,199-H4-84
115.65834736165242,882.0,1,199,616,199-H4-84
115.58322417331026,912.0,1,199,616,199-H4-84
115.38486730258651,943.0,1,199,616,199-H4-84
115.166500898421,974.0,1,199,616,199-H4-84
114.84877284028114,1004.0,1,199,616,199-H4-84
114.73508331889207,1035.0,1,199,616,199-H4-84
114.89448686264302,1065.0,1,199,616,199-H4-84
115.13720681378514,1096.0,1,199,616,199-H4-84
115.30619666630128,1127.0,1,199,616,199-H4-84
115.3050680227473,1155.0,1,199,616,199-H4-84
115.6537925629995,1186.0,1,199,616,199-H4-84
116.21765852474236,1216.0,1,199,616,199-H4-84
116.67293551162075,1247.0,1,199,616,199-H4-84
116.68980935757085,1277.0,1,199,616,199-H4-84
115.83505598333228,1308.0,1,199,616,199-H4-84
115.37513065310165,1339.0,1,199,616,199-H4-84
115.06979330863325,1369.0,1,199,616,199-H4-84
114.74180208497734,1400.0,1,199,616,199-H4-84
114.6548190470155,1430.0,1,199,616,199-H4-84
114.82940248565836,1461.0,1,199,616,199-H4-84
115.15652881283637,1492.0,1,199,616,199-H4-84
115.51175744786336,1520.0,1,199,616,199-H4-84
115.3273926016031,1551.0,1,199,616,199-H4-84
115.53089514975329,1581.0,1,199,616,199-H4-84
116.931027144789,1612.0,1,199,616,199-H4-84
116.40775892169934,1642.0,1,199,616,199-H4-84
115.75782471373354,1673.0,1,199,616,199-H4-84
115.36487859571348,1704.0,1,199,616,199-H4-84
114.90061218223444,1734.0,1,199,616,199-H4-84
114.68749228643316,1765.0,1,199,616,199-H4-84
114.73436799357505,1795.0,1,199,616,199-H4-84
114.73753835550215,1826.0,1,199,616,199-H4-84
114.79413752706986,1857.0,1,199,616,199-H4-84
114.80997725896891,1885.0,1,199,616,199-H4-84
114.69907003799895,1916.0,1,199,616,199-H4-84
114.6753542230999,1946.0,1,199,616,199-H4-84
115.29425444957604,1977.0,1,199,616,199-H4-84
115.26129298087007,2007.0,1,199,616,199-H4-84
114.97573152728717,2038.0,1,199,616,199-H4-84
114.7956459440429,2069.0,1,199,616,199-H4-84
114.45531544287778,2099.0,1,199,616,199-H4-84
113.92947638995467,2130.0,1,199,616,199-H4-84
113.71960815357049,2160.0,1,199,616,199-H4-84
114.31464263012276,2191.0,1,199,616,199-H4-84
114.67465714649016,2222.0,1,199,616,199-H4-84
115.02327368461468,2251.0,1,199,616,199-H4-84
114.80078438438942,2282.0,1,199,616,199-H4-84
114.69811320632847,2312.0,1,199,616,199-H4-84
115.70937388953263,2343.0,1,199,616,199-H4-84
116.20561250881889,2373.0,1,199,616,199-H4-84
115.93631069574376,2404.0,1,199,616,199-H4-84
115.47474063422501,2435.0,1,199,616,199-H4-84
114.91483784787864,2465.0,1,199,616,199-H4-84
114.61961375270687,2496.0,1,199,616,199-H4-84
114.73114554032857,2526.0,1,199,616,199-H4-84
114.79383899461885,2557.0,1,199,616,199-H4-84
115.07557832075507,2588.0,1,199,616,199-H4-84
115.10369957620026,2616.0,1,199,616,199-H4-84
114.68498495209577,2647.0,1,199,616,199-H4-84
114.57371145809279,2677.0,1,199,616,199-H4-84
115.0966212880398,2708.0,1,199,616,199-H4-84
115.49882605378724,2738.0,1,199,616,199-H4-84
115.2795084067902,2769.0,1,199,616,199-H4-84
115.08684655842825,2800.0,1,199,616,199-H4-84
114.71044677697206,2830.0,1,199,616,199-H4-84
114.55454895808238,2861.0,1,199,616,199-H4-84
114.61353254162837,2891.0,1,199,616,199-H4-84
114.84130438692013,2922.0,1,199,616,199-H4-84
115.33909520041756,2953.0,1,199,616,199-H4-84
115.36678118062838,2981.0,1,199,616,199-H4-84
115.16031788296827,3012.0,1,199,616,199-H4-84
114.94872064326987,3042.0,1,199,616,199-H4-84
115.32355248810879,3073.0,1,199,616,199-H4-84
116.50676082552742,3103.0,1,199,616,199-H4-84
116.33749448406377,3134.0,1,199,616,199-H4-84
115.87747718179043,3165.0,1,199,616,199-H4-84
115.24424187169527,3195.0,1,199,616,199-H4-84
114.91177688098999,3226.0,1,199,616,199-H4-84
114.95141857685314,3256.0,1,199,616,199-H4-84
114.98908806472463,3287.0,1,199,616,199-H4-84
115.13127411359814,3318.0,1,199,616,199-H4-84
115.20948311900321,3346.0,1,199,616,199-H4-84
115.08792160809581,3377.0,1,199,616,199-H4-84
114.98639291971978,3407.0,1,199,616,199-H4-84
116.00185684258932,3438.0,1,199,616,199-H4-84
115.63954802986868,3468.0,1,199,616,199-H4-84
115.489090241299,3499.0,1,199,616,199-H4-84
115.04802772213476,31.0,1,195,624,199-H4-85
114.68564238516905,59.0,1,195,624,199-H4-85
115.36846872814738,90.0,1,195,624,199-H4-85
115.80146893350219,120.0,1,195,624,199-H4-85
116.49820654880028,151.0,1,195,624,199-H4-85
116.48613241033419,181.0,1,195,624,199-H4-85
116.20784413028247,212.0,1,195,624,199-H4-85
115.56587415576024,243.0,1,195,624,199-H4-85
114.74076767448042,273.0,1,195,624,199-H4-85
114.58123248139182,304.0,1,195,624,199-H4-85
114.86935745429643,334.0,1,195,624,199-H4-85
115.27676538518023,365.0,1,195,624,199-H4-85
115.66831421190693,396.0,1,195,624,199-H4-85
115.9459953667942,424.0,1,195,624,199-H4-85
115.78264309187246,455.0,1,195,624,199-H4-85
115.45441378258121,485.0,1,195,624,199-H4-85
115.49335717396099,516.0,1,195,624,199-H4-85
115.39857389528206,546.0,1,195,624,199-H4-85
115.17057639043793,577.0,1,195,624,199-H4-85
115.1463960603154,608.0,1,195,624,199-H4-85
114.53840308360608,638.0,1,195,624,199-H4-85
114.3933034072098,669.0,1,195,624,199-H4-85
114.74551980722087,699.0,1,195,624,199-H4-85
114.80012045849277,730.0,1,195,624,199-H4-85
114.93638373062701,761.0,1,195,624,199-H4-85
115.02798597405528,790.0,1,195,624,199-H4-85
115.28602276127363,821.0,1,195,624,199-H4-85
115.91549904325689,851.0,1,195,624,199-H4-85
115.77647474152332,882.0,1,195,624,199-H4-85
115.62748744839465,912.0,1,195,624,199-H4-85
115.33420775546577,943.0,1,195,624,199-H4-85
115.01233036092118,974.0,1,195,624,199-H4-85
114.44605528469211,1004.0,1,195,624,199-H4-85
114.499471048293,1035.0,1,195,624,199-H4-85
114.9436523368305,1065.0,1,195,624,199-H4-85
115.27455334393531,1096.0,1,195,624,199-H4-85
115.45906059936331,1127.0,1,195,624,199-H4-85
115.37023550247922,1155.0,1,195,624,199-H4-85
115.87038764230209,1186.0,1,195,624,199-H4-85
116.60577765995477,1216.0,1,195,624,199-H4-85
117.06935808145813,1247.0,1,195,624,199-H4-85
116.95979102313204,1277.0,1,195,624,199-H4-85
115.68700378049958,1308.0,1,195,624,199-H4-85
115.03690968994468,1339.0,1,195,624,199-H4-85
114.64772386922907,1369.0,1,195,624,199-H4-85
114.23666204130646,1400.0,1,195,624,199-H4-85
114.42788512432193,1430.0,1,195,624,199-H4-85
114.89429598846317,1461.0,1,195,624,199-H4-85
115.34793219314277,1492.0,1,195,624,199-H4-85
115.777599324687,1520.0,1,195,624,199-H4-85
115.35348330867063,1551.0,1,195,624,199-H4-85
115.7230327153352,1581.0,1,195,624,199-H4-85
117.50552738287686,1612.0,1,195,624,199-H4-85
116.48570811970308,1642.0,1,195,624,199-H4-85
115.62196344733096,1673.0,1,195,624,199-H4-85
115.09390377760161,1704.0,1,195,624,199-H4-85
114.42128587281256,1734.0,1,195,624,199-H4-85
114.25695750265477,1765.0,1,195,624,199-H4-85
114.72762527393199,1795.0,1,195,624,199-H4-85
114.72064808556797,1826.0,1,195,624,199-H4-85
114.83388438324717,1857.0,1,195,624,199-H4-85
114.82639220161798,1885.0,1,195,624,199-H4-85
114.5486160935721,1916.0,1,195,624,199-H4-85
114.57003209641765,1946.0,1,195,624,199-H4-85
115.57746382031308,1977.0,1,195,624,199-H4-85
115.33861845905307,2007.0,1,195,624,199-H4-85
114.89765868856244,2038.0,1,195,624,199-H4-85
114.79909688697558,2069.0,1,195,624,199-H4-85
114.05899820034315,2099.0,1,195,624,199-H4-85
113.98715720807037,2130.0,1,195,624,199-H4-85
114.64953656263049,2160.0,1,195,624,199-H4-85
114.66412272137039,2191.0,1,195,624,199-H4-85
114.9163273529023,2222.0,1,195,624,199-H4-85
115.24548746446493,2251.0,1,195,624,199-H4-85
114.69693267245482,2282.0,1,195,624,199-H4-85
114.65955649226886,2312.0,1,195,624,199-H4-85
116.15604936243922,2343.0,1,195,624,199-H4-85
116.62464341083259,2373.0,1,195,624,199-H4-85
116.04001193689155,2404.0,1,195,624,199-H4-85
115.38916163471728,2435.0,1,195,624,199-H4-85
114.54509901716004,2465.0,1,195,624,199-H4-85
114.33442537421874,2496.0,1,195,624,199-H4-85
114.88875360594128,2526.0,1,195,624,199-H4-85
114.93867459472834,2557.0,1,195,624,199-H4-85
115.31498434475213,2588.0,1,195,624,199-H4-85
115.24231547699341,2616.0,1,195,624,199-H4-85
114.44487242041687,2647.0,1,195,624,199-H4-85
114.538136632256,2677.0,1,195,624,199-H4-85
115.38769789956321,2708.0,1,195,624,199-H4-85
115.81507883735176,2738.0,1,195,624,199-H4-85
115.32629786043266,2769.0,1,195,624,199-H4-85
115.02857041089041,2800.0,1,195,624,199-H4-85
114.28939022635475,2830.0,1,195,624,199-H4-85
114.1288262706526,2861.0,1,195,624,199-H4-85
114.65415677377463,2891.0,1,195,624,199-H4-85
114.95300263551947,2922.0,1,195,624,199-H4-85
115.63433781711935,2953.0,1,195,624,199-H4-85
115.52915233031366,2981.0,1,195,624,199-H4-85
115.14680702206886,3012.0,1,195,624,199-H4-85
114.84093723817467,3042.0,1,195,624,199-H4-85
115.50332832853435,3073.0,1,195,624,199-H4-85
117.01511899542797,3103.0,1,195,624,199-H4-85
116.46096323289274,3134.0,1,195,624,199-H4-85
115.74975075654044,3165.0,1,195,624,199-H4-85
114.7584006976307,3195.0,1,195,624,199-H4-85
114.29033589414274,3226.0,1,195,624,199-H4-85
114.82006427222109,3256.0,1,195,624,199-H4-85
114.90166087360771,3287.0,1,195,624,199-H4-85
114.83393306799773,3318.0,1,195,624,199-H4-85
114.92324454553793,3346.0,1,195,624,199-H4-85
114.58765784606163,3377.0,1,195,624,199-H4-85
114.39513798666279,3407.0,1,195,624,199-H4-85
116.24966894769719,3438.0,1,195,624,199-H4-85
115.34210065539284,3468.0,1,195,624,199-H4-85
115.1638718217101,3499.0,1,195,624,199-H4-85
115.75322955443589,31.0,1,209,596,199-H4-86
115.6472578319962,59.0,1,209,596,199-H4-86
115.74977033112617,90.0,1,209,596,199-H4-86
115.98677097781145,120.0,1,209,596,199-H4-86
116.40602220470414,151.0,1,209,596,199-H4-86
116.626296569703,181.0,1,209,596,199-H4-86
116.64880526026337,212.0,1,209,596,199-H4-86
116.45061594546789,243.0,1,209,596,199-H4-86
116.09424304881085,273.0,1,209,596,199-H4-86
115.85430372630492,304.0,1,209,596,199-H4-86
115.78091767074358,334.0,1,209,596,199-H4-86
115.82645769537473,365.0,1,209,596,199-H4-86
115.8584219544979,396.0,1,209,596,199-H4-86
115.96180908357022,424.0,1,209,596,199-H4-86
115.9532725875027,455.0,1,209,596,199-H4-86
115.84350264015737,485.0,1,209,596,199-H4-86
115.8042687251649,516.0,1,209,596,199-H4-86
115.77685384751246,546.0,1,209,596,199-H4-86
115.51715029468208,577.0,1,209,596,199-H4-86
115.07965858593207,608.0,1,209,596,199-H4-86
114.87447155703798,638.0,1,209,596,199-H4-86
114.7587938746869,669.0,1,209,596,199-H4-86
114.78949540891053,699.0,1,209,596,199-H4-86
114.80436305326204,730.0,1,209,596,199-H4-86
114.83702630113135,761.0,1,209,596,199-H4-86
114.86861790160862,790.0,1,209,596,199-H4-86
114.96760537257808,821.0,1,209,596,199-H4-86
115.22031429650572,851.0,1,209,596,199-H4-86
115.30774917508694,882.0,1,209,596,199-H4-86
115.33460185882029,912.0,1,209,596,199-H4-86
115.21172556020463,943.0,1,209,596,199-H4-86
115.13704011972507,974.0,1,209,596,199-H4-86
115.01352143836971,1004.0,1,209,596,199-H4-86
114.9272481466577,1035.0,1,209,596,199-H4-86
114.93313487471384,1065.0,1,209,596,199-H4-86
115.0253635625761,1096.0,1,209,596,199-H4-86
115.10390125988819,1127.0,1,209,596,199-H4-86
115.14332671363465,1155.0,1,209,596,199-H4-86
115.28386882772352,1186.0,1,209,596,199-H4-86
115.52640424212211,1216.0,1,209,596,199-H4-86
115.94960655294192,1247.0,1,209,596,199-H4-86
116.09095523408047,1277.0,1,209,596,199-H4-86
115.54840004228687,1308.0,1,209,596,199-H4-86
115.57415346544933,1339.0,1,209,596,199-H4-86
115.39315449142985,1369.0,1,209,596,199-H4-86
114.91677357159182,1400.0,1,209,596,199-H4-86
114.84151131680484,1430.0,1,209,596,199-H4-86
114.85931954500862,1461.0,1,209,596,199-H4-86
114.9775795859761,1492.0,1,209,596,199-H4-86
115.15476092214172,1520.0,1,209,596,199-H4-86
115.14150095403365,1551.0,1,209,596,199-H4-86
115.23881436429023,1581.0,1,209,596,199-H4-86
116.07144656832122,1612.0,1,209,596,199-H4-86
116.07024117180784,1642.0,1,209,596,199-H4-86
115.74883572166753,1673.0,1,209,596,199-H4-86
115.52945801775786,1704.0,1,209,596,199-H4-86
115.12331394432479,1734.0,1,209,596,199-H4-86
114.95243871438372,1765.0,1,209,596,199-H4-86
114.90712289468806,1795.0,1,209,596,199-H4-86
114.86208940786274,1826.0,1,209,596,199-H4-86
114.8879258610602,1857.0,1,209,596,199-H4-86
114.90349852259267,1885.0,1,209,596,199-H4-86
114.88001136082856,1916.0,1,209,596,199-H4-86
114.87033821249712,1946.0,1,209,596,199-H4-86
115.12794621790333,1977.0,1,209,596,199-H4-86
115.1509718337737,2007.0,1,209,596,199-H4-86
115.11211038622601,2038.0,1,209,596,199-H4-86
115.10608012746785,2069.0,1,209,596,199-H4-86
114.96154472574617,2099.0,1,209,596,199-H4-86
114.8552928939292,2130.0,1,209,596,199-H4-86
114.847293065472,2160.0,1,209,596,199-H4-86
114.8703689316907,2191.0,1,209,596,199-H4-86
114.97377270535651,2222.0,1,209,596,199-H4-86
115.13816227507515,2251.0,1,209,596,199-H4-86
115.04849472507894,2282.0,1,209,596,199-H4-86
115.00636274299796,2312.0,1,209,596,199-H4-86
115.39804882379352,2343.0,1,209,596,199-H4-86
115.6574989988927,2373.0,1,209,596,199-H4-86
115.66050134369478,2404.0,1,209,596,199-H4-86
115.50707948910954,2435.0,1,209,596,199-H4-86
115.26388374175552,2465.0,1,209,596,199-H4-86
115.07063312358869,2496.0,1,209,596,199-H4-86
115.04512267009169,2526.0,1,209,596,199-H4-86
115.03858405592548,2557.0,1,209,596,199-H4-86
115.14633645873242,2588.0,1,209,596,199-H4-86
115.22979213053273,2616.0,1,209,596,199-H4-86
115.0632725444726,2647.0,1,209,596,199-H4-86
115.03765409001547,2677.0,1,209,596,199-H4-86
115.19581457942829,2708.0,1,209,596,199-H4-86
115.37911085684974,2738.0,1,209,596,199-H4-86
115.37091858600604,2769.0,1,209,596,199-H4-86
115.35604739304318,2800.0,1,209,596,199-H4-86
115.1858472082757,2830.0,1,209,596,199-H4-86
115.141931032748,2861.0,1,209,596,199-H4-86
115.18262213260779,2891.0,1,209,596,199-H4-86
115.23408716830464,2922.0,1,209,596,199-H4-86
115.35218471518242,2953.0,1,209,596,199-H4-86
115.38032813756824,2981.0,1,209,596,199-H4-86
115.37128011467385,3012.0,1,209,596,199-H4-86
115.31337573737376,3042.0,1,209,596,199-H4-86
115.45238146247749,3073.0,1,209,596,199-H4-86
116.01737317142143,3103.0,1,209,596,199-H4-86
116.196106438382,3134.0,1,209,596,199-H4-86
115.9973956316174,3165.0,1,209,596,199-H4-86
115.6529501096969,3195.0,1,209,596,199-H4-86
115.53256097305425,3226.0,1,209,596,199-H4-86
115.45764862287707,3256.0,1,209,596,199-H4-86
115.42101147389926,3287.0,1,209,596,199-H4-86
115.53276854010342,3318.0,1,209,596,199-H4-86
115.59139081896915,3346.0,1,209,596,199-H4-86
115.55953375418446,3377.0,1,209,596,199-H4-86
115.49979415507477,3407.0,1,209,596,199-H4-86
115.90464214917131,3438.0,1,209,596,199-H4-86
115.90291597385938,3468.0,1,209,596,199-H4-86
115.8475442920404,3499.0,1,209,596,199-H4-86
115.49314727863573,31.0,1,200,611,199-H4-88
115.35225446720429,59.0,1,200,611,199-H4-88
115.55307870920477,90.0,1,200,611,199-H4-88
115.85543530327071,120.0,1,200,611,199-H4-88
116.38010252021647,151.0,1,200,611,199-H4-88
116.55491164283521,181.0,1,200,611,199-H4-88
116.48662014545877,212.0,1,200,611,199-H4-88
116.16351028319974,243.0,1,200,611,199-H4-88
115.71849607499443,273.0,1,200,611,199-H4-88
115.48275930434124,304.0,1,200,611,199-H4-88
115.45967789902504,334.0,1,200,611,199-H4-88
115.58788211346214,365.0,1,200,611,199-H4-88
115.75690267952918,396.0,1,200,611,199-H4-88
115.93664679287473,424.0,1,200,611,199-H4-88
115.90587284716725,455.0,1,200,611,199-H4-88
115.73741621738425,485.0,1,200,611,199-H4-88
115.70628404475221,516.0,1,200,611,199-H4-88
115.65368044505794,546.0,1,200,611,199-H4-88
115.47049526948778,577.0,1,200,611,199-H4-88
115.26925128169584,608.0,1,200,611,199-H4-88
114.98311941021997,638.0,1,200,611,199-H4-88
114.82974585598055,669.0,1,200,611,199-H4-88
114.81924434390186,699.0,1,200,611,199-H4-88
114.84073852005271,730.0,1,200,611,199-H4-88
114.9177445273937,761.0,1,200,611,199-H4-88
114.98019664550291,790.0,1,200,611,199-H4-88
115.13428329963192,821.0,1,200,611,199-H4-88
115.51866933698454,851.0,1,200,611,199-H4-88
115.5790904836608,882.0,1,200,611,199-H4-88
115.53707804502551,912.0,1,200,611,199-H4-88
115.37681980609932,943.0,1,200,611,199-H4-88
115.20488753350632,974.0,1,200,611,199-H4-88
114.97892694888107,1004.0,1,200,611,199-H4-88
114.87776688671391,1035.0,1,200,611,199-H4-88
114.92181978692564,1065.0,1,200,611,199-H4-88
115.10254074220948,1096.0,1,200,611,199-H4-88
115.24913380125271,1127.0,1,200,611,199-H4-88
115.27679804979378,1155.0,1,200,611,199-H4-88
115.54729277368047,1186.0,1,200,611,199-H4-88
116.01860155346118,1216.0,1,200,611,199-H4-88
116.46353571106891,1247.0,1,200,611,199-H4-88
116.53609798382354,1277.0,1,200,611,199-H4-88
115.84544659638803,1308.0,1,200,611,199-H4-88
115.49511861718653,1339.0,1,200,611,199-H4-88
115.23180205600121,1369.0,1,200,611,199-H4-88
114.93536848787927,1400.0,1,200,611,199-H4-88
114.77940440813929,1430.0,1,200,611,199-H4-88
114.85008717971941,1461.0,1,200,611,199-H4-88
115.09521335380182,1492.0,1,200,611,199-H4-88
115.39983487429456,1520.0,1,200,611,199-H4-88
115.30882742870757,1551.0,1,200,611,199-H4-88
115.45210143489074,1581.0,1,200,611,199-H4-88
116.64586490648173,1612.0,1,200,611,199-H4-88
116.33842926220274,1642.0,1,200,611,199-H4-88
115.80269530928611,1673.0,1,200,611,199-H4-88
115.47238057410536,1704.0,1,200,611,199-H4-88
115.06180844516464,1734.0,1,200,611,199-H4-88
114.86990619874842,1765.0,1,200,611,199-H4-88
114.78671254037346,1795.0,1,200,611,199-H4-88
114.76542413664748,1826.0,1,200,611,199-H4-88
114.81230043852287,1857.0,1,200,611,199-H4-88
114.8366854828562,1885.0,1,200,611,199-H4-88
114.78454032036139,1916.0,1,200,611,199-H4-88
114.75820899524084,1946.0,1,200,611,199-H4-88
115.2057031405469,1977.0,1,200,611,199-H4-88
115.23154693420577,2007.0,1,200,611,199-H4-88
115.03634172060389,2038.0,1,200,611,199-H4-88
114.87898117861944,2069.0,1,200,611,199-H4-88
114.39776873688794,2099.0,1,200,611,199-H4-88
114.17735190685988,2130.0,1,200,611,199-H4-88
114.01824148661707,2160.0,1,200,611,199-H4-88
113.98455931490518,2191.0,1,200,611,199-H4-88
114.6903985205009,2222.0,1,200,611,199-H4-88
115.00825459502404,2251.0,1,200,611,199-H4-88
114.89649453458195,2282.0,1,200,611,199-H4-88
114.80157081781812,2312.0,1,200,611,199-H4-88
115.55433632533759,2343.0,1,200,611,199-H4-88
116.01867619486073,2373.0,1,200,611,199-H4-88
115.88073710330002,2404.0,1,200,611,199-H4-88
115.52310535856297,2435.0,1,200,611,199-H4-88
115.0856618564472,2465.0,1,200,611,199-H4-88
114.77006054806203,2496.0,1,200,611,199-H4-88
114.76977085039572,2526.0,1,200,611,199-H4-88
114.80681423847439,2557.0,1,200,611,199-H4-88
115.03555975622723,2588.0,1,200,611,199-H4-88
115.09701091604539,2616.0,1,200,611,199-H4-88
114.8030520899579,2647.0,1,200,611,199-H4-88
114.67236811425937,2677.0,1,200,611,199-H4-88
115.0522455383023,2708.0,1,200,611,199-H4-88
115.39504138521232,2738.0,1,200,611,199-H4-88
115.28967548967657,2769.0,1,200,611,199-H4-88
115.17494163145045,2800.0,1,200,611,199-H4-88
114.93820390238606,2830.0,1,200,611,199-H4-88
114.71934115895898,2861.0,1,200,611,199-H4-88
114.76495789181489,2891.0,1,200,611,199-H4-88
114.93603337472506,2922.0,1,200,611,199-H4-88
115.26409849126605,2953.0,1,200,611,199-H4-88
115.33535831562908,2981.0,1,200,611,199-H4-88
115.22250432011784,3012.0,1,200,611,199-H4-88
115.07807051589191,3042.0,1,200,611,199-H4-88
115.31806442877607,3073.0,1,200,611,199-H4-88
116.30079881692026,3103.0,1,200,611,199-H4-88
116.28717084554866,3134.0,1,200,611,199-H4-88
115.94071628013639,3165.0,1,200,611,199-H4-88
115.43711228174168,3195.0,1,200,611,199-H4-88
115.16174599978068,3226.0,1,200,611,199-H4-88
115.12472809524994,3256.0,1,200,611,199-H4-88
115.12605936954247,3287.0,1,200,611,199-H4-88
115.28472115939633,3318.0,1,200,611,199-H4-88
115.35807188504472,3346.0,1,200,611,199-H4-88
115.28607896560267,3377.0,1,200,611,199-H4-88
115.20627053363086,3407.0,1,200,611,199-H4-88
115.9328293906367,3438.0,1,200,611,199-H4-88
115.75124861627098,3468.0,1,200,611,199-H4-88
115.63457305025251,3499.0,1,200,611,199-H4-88
115.15199395444753,31.0,1,194,618,199-H4-89
114.87581429602413,59.0,1,194,618,199-H4-89
115.37891960385191,90.0,1,194,618,199-H4-89
115.78908280044915,120.0,1,194,618,199-H4-89
116.43993203085321,151.0,1,194,618,199-H4-89
116.4971070801571,181.0,1,194,618,199-H4-89
116.28467305684418,212.0,1,194,618,199-H4-89
115.74847909721252,243.0,1,194,618,199-H4-89
115.06105612380968,273.0,1,194,618,199-H4-89
114.84346533819644,304.0,1,194,618,199-H4-89
115.00060172928718,334.0,1,194,618,199-H4-89
115.32832435703007,365.0,1,194,618,199-H4-89
115.6669876369354,396.0,1,194,618,199-H4-89
115.92481101365405,424.0,1,194,618,199-H4-89
115.81232666669969,455.0,1,194,618,199-H4-89
115.5343824386714,485.0,1,194,618,199-H4-89
115.54188558769053,516.0,1,194,618,199-H4-89
115.46120377933597,546.0,1,194,618,199-H4-89
115.24858570993939,577.0,1,194,618,199-H4-89
115.16772056518462,608.0,1,194,618,199-H4-89
114.67278162187955,638.0,1,194,618,199-H4-89
114.48456696076151,669.0,1,194,618,199-H4-89
114.72456877316007,699.0,1,194,618,199-H4-89
114.79278712548337,730.0,1,194,618,199-H4-89
114.92063571132934,761.0,1,194,618,199-H4-89
115.01159232748712,790.0,1,194,618,199-H4-89
115.24014326869154,821.0,1,194,618,199-H4-89
115.79495628851528,851.0,1,194,618,199-H4-89
115.731475964041,882.0,1,194,618,199-H4-89
115.60790922896581,912.0,1,194,618,199-H4-89
115.3539257184476,943.0,1,194,618,199-H4-89
115.06805572132093,974.0,1,194,618,199-H4-89
114.60574530391304,1004.0,1,194,618,199-H4-89
114.57335144900293,1035.0,1,194,618,199-H4-89
114.9103652422923,1065.0,1,194,618,199-H4-89
115.21791531888542,1096.0,1,194,618,199-H4-89
115.39862182645686,1127.0,1,194,618,199-H4-89
115.35254796067255,1155.0,1,194,618,199-H4-89
115.77556723766867,1186.0,1,194,618,199-H4-89
116.43700038694031,1216.0,1,194,618,199-H4-89
116.9022536854072,1247.0,1,194,618,199-H4-89
116.85210478375093,1277.0,1,194,618,199-H4-89
115.77775154571381,1308.0,1,194,618,199-H4-89
115.19283701922704,1339.0,1,194,618,199-H4-89
114.8260032917119,1369.0,1,194,618,199-H4-89
114.44491689846906,1400.0,1,194,618,199-H4-89
114.49048419599804,1430.0,1,194,618,199-H4-89
114.85376984239076,1461.0,1,194,618,199-H4-89
115.2637619405607,1492.0,1,194,618,199-H4-89
115.66910400496826,1520.0,1,194,618,199-H4-89
115.36181457657896,1551.0,1,194,618,199-H4-89
115.64636148320541,1581.0,1,194,618,199-H4-89
117.24754675775152,1612.0,1,194,618,199-H4-89
116.47386593527737,1642.0,1,194,618,199-H4-89
115.69603723095005,1673.0,1,194,618,199-H4-89
115.21881152740497,1704.0,1,194,618,199-H4-89
114.6247358829195,1734.0,1,194,618,199-H4-89
114.40764517117073,1765.0,1,194,618,199-H4-89
114.69990245790358,1795.0,1,194,618,199-H4-89
114.71316921041719,1826.0,1,194,618,199-H4-89
114.8113097669545,1857.0,1,194,618,199-H4-89
114.8190073915638,1885.0,1,194,618,199-H4-89
114.61337776985609,1916.0,1,194,618,199-H4-89
114.60887027842323,1946.0,1,194,618,199-H4-89
115.45413826922598,1977.0,1,194,618,199-H4-89
115.32054666037602,2007.0,1,194,618,199-H4-89
114.93542199734587,2038.0,1,194,618,199-H4-89
114.79072734958675,2069.0,1,194,618,199-H4-89
114.20790162390631,2099.0,1,194,618,199-H4-89
113.98252745586343,2130.0,1,194,618,199-H4-89
114.53656779523516,2160.0,1,194,618,199-H4-89
114.59350414898363,2191.0,1,194,618,199-H4-89
114.82906182954402,2222.0,1,194,618,199-H4-89
115.154672887032,2251.0,1,194,618,199-H4-89
114.74578632142625,2282.0,1,194,618,199-H4-89
114.6613871456734,2312.0,1,194,618,199-H4-89
115.95142609163682,2343.0,1,194,618,199-H4-89
116.44683256629293,2373.0,1,194,618,199-H4-89
116.01135565320591,2404.0,1,194,618,199-H4-89
115.43434381004204,2435.0,1,194,618,199-H4-89
114.69914171134793,2465.0,1,194,618,199-H4-89
114.40277634160095,2496.0,1,194,618,199-H4-89
114.80046621084146,2526.0,1,194,618,199-H4-89
114.8736427920151,2557.0,1,194,618,199-H4-89
115.21082629226385,2588.0,1,194,618,199-H4-89
115.18628531354723,2616.0,1,194,618,199-H4-89
114.53803588128355,2647.0,1,194,618,199-H4-89
114.52212424124615,2677.0,1,194,618,199-H4-89
115.2514386112549,2708.0,1,194,618,199-H4-89
115.67364604378538,2738.0,1,194,618,199-H4-89
115.31031795273664,2769.0,1,194,618,199-H4-89
115.04677101677905,2800.0,1,194,618,199-H4-89
114.450724600538,2830.0,1,194,618,199-H4-89
114.2329327865275,2861.0,1,194,618,199-H4-89
114.59560571678156,2891.0,1,194,618,199-H4-89
114.88598075404074,2922.0,1,194,618,199-H4-89
115.50159181411671,2953.0,1,194,618,199-H4-89
115.46553759764244,2981.0,1,194,618,199-H4-89
115.15290957626588,3012.0,1,194,618,199-H4-89
114.87399369260967,3042.0,1,194,618,199-H4-89
115.41432238176029,3073.0,1,194,618,199-H4-89
116.78460923386007,3103.0,1,194,618,199-H4-89
116.42319088697154,3134.0,1,194,618,199-H4-89
115.81779522981189,3165.0,1,194,618,199-H4-89
114.97132026518567,3195.0,1,194,618,199-H4-89
114.52860892428356,3226.0,1,194,618,199-H4-89
114.82101508428259,3256.0,1,194,618,199-H4-89
114.90621397137974,3287.0,1,194,618,199-H4-89
114.95667446095774,3318.0,1,194,618,199-H4-89
115.0415143180465,3346.0,1,194,618,199-H4-89
114.80643087670869,3377.0,1,194,618,199-H4-89
114.64841998193296,3407.0,1,194,618,199-H4-89
116.12746891688171,3438.0,1,194,618,199-H4-89
115.49611972605776,3468.0,1,194,618,199-H4-89
115.31122726962835,3499.0,1,194,618,199-H4-89
