DATE,Unnamed: 0,Water Level (m),ID
2021-12-01,,117.55799999999999,199-D1-1
2022-05-01,,117.84899999999999,199-D1-1
2022-07-01,,118.3,199-D1-1
2022-08-01,,118.434,199-D1-1
2022-10-01,,117.73100000000001,199-D1-1
2022-11-01,,117.867,199-D1-1
2023-02-01,,117.859,199-D1-1
2023-04-01,,117.74799999999999,199-D1-1
2023-05-01,,117.81,199-D1-1
2023-06-01,,117.958,199-D1-1
2023-07-01,,117.816,199-D1-1
2023-08-01,,117.758,199-D1-1
2023-09-01,,117.478,199-D1-1
2014-01-01,,118.36250000000003,199-D2-11
2014-02-01,,118.29991233283786,199-D2-11
2014-03-01,,118.20977510040153,199-D2-11
2014-04-01,,118.2899584487535,199-D2-11
2014-05-01,,118.41374496644275,199-D2-11
2014-06-01,,119.04108864265908,199-D2-11
2014-07-01,,119.3634120805369,199-D2-11
2014-08-01,,119.4804731903486,199-D2-11
2014-09-01,,119.30806509695319,199-D2-11
2014-10-01,,119.2490723860588,199-D2-11
2014-11-01,,119.18919667590049,199-D2-11
2014-12-01,,119.15210405405408,199-D2-11
2015-01-01,,119.20544489247281,199-D2-11
2015-02-01,,119.34781305638009,199-D2-11
2015-03-01,,119.48514228187918,199-D2-11
2015-04-01,,119.50691666666638,199-D2-11
2015-05-01,,119.49773959731543,199-D2-11
2015-06-01,,119.46300277777759,199-D2-11
2015-07-01,,119.43782795698883,199-D2-11
2015-08-01,,119.39367382550343,199-D2-11
2015-09-01,,119.35305555555489,199-D2-11
2015-10-01,,119.28778225806455,199-D2-11
2015-11-01,,119.24011080332426,199-D2-11
2015-12-01,,119.24845026881667,199-D2-11
2016-01-01,,119.23227688172084,199-D2-11
2016-02-01,,119.25313199426085,199-D2-11
2016-03-01,,119.2790053691273,199-D2-11
2016-04-01,,119.21245138888892,199-D2-11
2016-05-01,,119.38933422818758,199-D2-11
2016-06-01,,119.48225555555625,199-D2-11
2016-07-01,,119.4739193548394,199-D2-11
2016-08-01,,119.48141129032287,199-D2-11
2016-09-01,,119.3874652777779,199-D2-11
2016-10-01,,119.20262903225833,199-D2-11
2016-11-01,,119.24159999999966,199-D2-11
2016-12-01,,119.36308333333339,199-D2-11
2017-01-01,,119.41037768817192,199-D2-11
2017-02-01,,119.47926785714286,199-D2-11
2017-03-01,,119.53077315436161,199-D2-11
2017-04-01,,119.6132555555552,199-D2-11
2017-05-01,,119.72964429530208,199-D2-11
2017-06-01,,119.90985000000038,199-D2-11
2017-07-01,,119.94538172042984,199-D2-11
2017-08-01,,119.78071946308768,199-D2-11
2017-09-01,,119.60123055555556,199-D2-11
2017-10-01,,119.46083355704715,199-D2-11
2017-11-01,,119.31801664355055,199-D2-11
2017-12-01,,119.20180241935519,199-D2-11
2018-01-01,,119.2220658602154,199-D2-11
2018-02-01,,119.18889136904765,199-D2-11
2018-03-01,,119.23767651006682,199-D2-11
2018-04-01,,119.17221250000057,199-D2-11
2018-05-01,,119.32199059139765,199-D2-11
2018-06-01,,119.64698055555552,199-D2-11
2018-07-01,,119.68681744966464,199-D2-11
2018-08-01,,119.55747043010798,199-D2-11
2018-09-01,,119.39568194444465,199-D2-11
2018-10-01,,119.20348322147608,199-D2-11
2018-11-01,,119.07078918169148,199-D2-11
2018-12-01,,119.01391935483863,199-D2-11
2019-01-01,,118.96688306451537,199-D2-11
2019-02-01,,118.90028422619073,199-D2-11
2019-03-01,,118.82853217158181,199-D2-11
2019-04-01,,118.77283611111123,199-D2-11
2019-05-01,,118.80495026881668,199-D2-11
2019-06-01,,118.94515000000017,199-D2-11
2019-07-01,,119.0200536193028,199-D2-11
2019-08-01,,118.99685080645193,199-D2-11
2019-09-01,,118.92580972222173,199-D2-11
2019-10-01,,118.77772824631806,199-D2-11
2019-11-01,,118.74100833333374,199-D2-11
2019-12-01,,118.79530645161296,199-D2-11
2020-01-01,,118.81022446236665,199-D2-11
2020-02-01,,118.82652155172413,199-D2-11
2020-03-01,,118.91659597315339,199-D2-11
2020-04-01,,118.9475222222219,199-D2-11
2020-05-01,,118.98147446236575,199-D2-11
2020-06-01,,119.0715375000003,199-D2-11
2020-07-01,,119.04247177419337,199-D2-11
2020-08-01,,119.06508467741902,199-D2-11
2020-09-01,,119.26084722222181,199-D2-11
2020-10-01,,119.09032975871331,199-D2-11
2020-11-01,,119.02375277777747,199-D2-11
2020-12-01,,119.0068924731181,199-D2-11
2021-01-01,,118.98981048387037,199-D2-11
2021-02-01,,119.07455803571416,199-D2-11
2021-03-01,,119.05350738255025,199-D2-11
2021-04-01,,118.96709305555574,199-D2-11
2021-05-01,,118.97562500000024,199-D2-11
2021-06-01,,119.01343472222167,199-D2-11
2021-07-01,,118.99245100671175,199-D2-11
2021-08-01,,118.9133212365588,199-D2-11
2021-09-01,,118.8257239944526,199-D2-11
2021-10-01,,118.79687382550348,199-D2-11
2021-11-01,,118.79862690707327,199-D2-11
2021-12-01,,118.84664919354864,199-D2-11
2022-01-01,,119.06679032258097,199-D2-11
2022-02-01,,119.10323328380375,199-D2-11
2022-03-01,,119.15510872483267,199-D2-11
2022-04-01,,119.16411805555595,199-D2-11
2022-05-01,,119.05283940620735,199-D2-11
2022-06-01,,119.13909027777774,199-D2-11
2022-07-01,,119.35521555252393,199-D2-11
2022-08-01,,119.43641263440837,199-D2-11
2022-09-01,,119.3075888888891,199-D2-11
2022-10-01,,119.11107382550344,199-D2-11
2022-11-01,,119.05409570041554,199-D2-11
2022-12-01,,119.02120161290331,199-D2-11
2023-01-01,,119.0034852150543,199-D2-11
2023-02-01,,118.87686924219872,199-D2-11
2023-03-01,,118.87667516778487,199-D2-11
2023-04-01,65.5,118.56925375586863,199-D2-11
2023-05-01,147.5,118.27875850515443,199-D2-11
2023-06-01,164.0,118.33635127977877,199-D2-11
2023-07-01,165.5,118.2416,199-D2-11
2023-08-01,174.0,118.21346874999999,199-D2-11
2023-09-01,194.0,118.15753199999999,199-D2-11
2023-10-01,227.5,118.05499104761904,199-D2-11
2022-05-01,,118.63799999999999,199-D2-14
2022-07-01,,118.88,199-D2-14
2022-08-01,,119.027,199-D2-14
2022-10-01,,118.811,199-D2-14
2022-11-01,,118.73700000000001,199-D2-14
2023-02-01,,118.639,199-D2-14
2023-04-01,,118.34700000000001,199-D2-14
2023-05-01,,118.124,199-D2-14
2023-06-01,,118.039,199-D2-14
2023-07-01,,117.96549999999999,199-D2-14
2023-08-01,,117.92,199-D2-14
2023-09-01,,117.85700000000001,199-D2-14
2014-01-01,,118.823,199-D5-15
2014-03-01,,118.6385,199-D5-15
2014-06-01,,118.977,199-D5-15
2014-09-01,,118.9335,199-D5-15
2014-12-01,,118.85849999999999,199-D5-15
2015-02-01,,118.919,199-D5-15
2015-03-01,,118.932,199-D5-15
2015-05-01,,118.898,199-D5-15
2015-06-01,,118.911,199-D5-15
2015-08-01,,118.791,199-D5-15
2015-09-01,,118.73,199-D5-15
2015-12-01,,118.5335,199-D5-15
2016-03-01,,118.5995,199-D5-15
2016-06-01,,118.87400000000001,199-D5-15
2016-09-01,,118.84200000000001,199-D5-15
2016-12-01,,118.70299999999999,199-D5-15
2017-03-01,,118.902,199-D5-15
2017-06-01,,119.29899999999999,199-D5-15
2017-09-01,,118.99799999999999,199-D5-15
2017-12-01,,118.508,199-D5-15
2018-03-01,,118.915,199-D5-15
2019-03-01,,118.32799999999999,199-D5-15
2019-11-01,,118.266,199-D5-15
2020-03-01,,118.333,199-D5-15
2020-11-01,,118.48899999999999,199-D5-15
2021-03-01,,118.458,199-D5-15
2021-11-01,,118.235,199-D5-15
2022-03-01,,118.459,199-D5-15
2022-10-01,,118.469,199-D5-15
2023-03-01,,118.368,199-D5-15
2023-04-01,,118.118,199-D5-15
2023-05-01,,117.92399999999999,199-D5-15
2023-06-01,,117.865,199-D5-15
2023-07-01,,117.81299999999999,199-D5-15
2023-08-01,,117.741,199-D5-15
2023-09-01,,117.944,199-D5-15
2014-01-01,,119.10733333333333,199-D5-17
2014-03-01,,118.82600000000001,199-D5-17
2014-04-01,,119.08666666666666,199-D5-17
2014-05-01,,119.189,199-D5-17
2014-06-01,,119.23833333333334,199-D5-17
2014-07-01,,119.356,199-D5-17
2014-08-01,,119.42949999999999,199-D5-17
2014-09-01,,119.34,199-D5-17
2014-10-01,,119.29299999999999,199-D5-17
2014-12-01,,119.28685653104915,199-D5-17
2015-01-01,,119.32191904047934,199-D5-17
2015-02-01,,119.40216607773857,199-D5-17
2015-03-01,,119.4858201342279,199-D5-17
2015-04-01,,119.51736703601117,199-D5-17
2015-05-01,,119.52495295698992,199-D5-17
2015-06-01,,119.45743689320413,199-D5-17
2015-07-01,,119.45370295698949,199-D5-17
2015-08-01,,119.4124596774198,199-D5-17
2015-09-01,,119.38176282940319,199-D5-17
2015-10-01,,119.31735302013367,199-D5-17
2015-11-01,,119.22309027777722,199-D5-17
2015-12-01,,119.19547651006708,199-D5-17
2016-01-01,,119.17643548387127,199-D5-17
2016-02-01,,119.20400718390772,199-D5-17
2016-03-01,,119.28163624161022,199-D5-17
2016-04-01,,119.2477708333335,199-D5-17
2016-05-01,,119.40854301075231,199-D5-17
2016-06-01,,119.52394868238603,199-D5-17
2016-07-01,,119.52276344086086,199-D5-17
2016-08-01,,119.51506989247382,199-D5-17
2016-09-01,,119.45987239944485,199-D5-17
2016-10-01,,119.27550469798639,199-D5-17
2016-11-01,,119.265641666667,199-D5-17
2016-12-01,,119.37400134408645,199-D5-17
2017-01-01,,119.43008736559148,199-D5-17
2017-02-01,,119.50336160714316,199-D5-17
2017-03-01,,119.55919489247331,199-D5-17
2017-04-01,,119.641538888889,199-D5-17
2017-05-01,,119.70781744966447,199-D5-17
2017-06-01,,119.82915395284304,199-D5-17
2017-07-01,,119.96743413978504,199-D5-17
2017-08-01,,119.87750469798681,199-D5-17
2017-09-01,,119.67730651872384,199-D5-17
2017-10-01,,119.54755107526918,199-D5-17
2017-11-01,,119.44572777777763,199-D5-17
2017-12-01,,119.40279999999996,199-D5-17
2018-01-01,,119.37777956989252,199-D5-17
2018-02-01,,119.41251339285724,199-D5-17
2018-03-01,,119.48640671140893,199-D5-17
2018-04-01,,119.45675277777742,199-D5-17
2018-05-01,,119.56009543010752,199-D5-17
2018-06-01,,119.71764027777768,199-D5-17
2018-07-01,,119.81004026845646,199-D5-17
2018-08-01,,119.71938844086063,199-D5-17
2018-09-01,,119.58260138888885,199-D5-17
2018-10-01,,119.35702278820403,199-D5-17
2018-11-01,,119.19670041608819,199-D5-17
2018-12-01,,119.11356451612914,199-D5-17
2019-01-01,,119.0532903225805,199-D5-17
2019-02-01,,118.97870982142888,199-D5-17
2019-03-01,,118.88798123324362,199-D5-17
2019-04-01,,118.85461111111086,199-D5-17
2019-05-01,,118.89257526881778,199-D5-17
2019-06-01,,119.00056111111122,199-D5-17
2019-07-01,,119.07745040214546,199-D5-17
2019-08-01,,119.05957661290303,199-D5-17
2019-09-01,,118.98926250000028,199-D5-17
2019-10-01,,118.86700000000064,199-D5-17
2019-11-01,,118.84481111111096,199-D5-17
2019-12-01,,118.88340247678036,199-D5-17
2020-01-01,,118.89627440633228,199-D5-17
2020-02-01,,118.89665229885075,199-D5-17
2020-03-01,,118.97211543624145,199-D5-17
2020-04-01,,119.06182916666664,199-D5-17
2020-05-01,,119.100962365591,199-D5-17
2020-06-01,,119.07975416666667,199-D5-17
2020-07-01,,119.03521102150546,199-D5-17
2020-08-01,,118.94686021505395,199-D5-17
2020-09-01,,119.30307361111116,199-D5-17
2020-10-01,,119.17731233243951,199-D5-17
2020-11-01,,119.11819861111105,199-D5-17
2020-12-01,,119.0907002688177,199-D5-17
2021-01-01,,119.01917741935499,199-D5-17
2021-02-01,,119.0421666666662,199-D5-17
2021-03-01,,119.01758926174469,199-D5-17
2021-04-01,,118.96040138888877,199-D5-17
2021-05-01,,118.94489112903182,199-D5-17
2021-06-01,,118.95358055555573,199-D5-17
2021-07-01,,118.92833288590587,199-D5-17
2021-08-01,,118.84158467741929,199-D5-17
2021-09-01,,118.7610166435505,199-D5-17
2021-10-01,,118.73450804289621,199-D5-17
2021-11-01,,118.74991250000005,199-D5-17
2021-12-01,,118.73993951612896,199-D5-17
2022-01-01,,118.8861532258071,199-D5-17
2022-02-01,,118.91349331352146,199-D5-17
2022-03-01,,118.9782912751681,199-D5-17
2022-04-01,,119.03320555555591,199-D5-17
2022-05-01,,118.93272043010796,199-D5-17
2022-06-01,,118.99900972222243,199-D5-17
2022-07-01,,119.1390040927696,199-D5-17
2022-08-01,,119.27565591397858,199-D5-17
2022-09-01,,119.20763888888881,199-D5-17
2022-10-01,,119.06976241610765,199-D5-17
2022-11-01,,118.98789042995861,199-D5-17
2022-12-01,,118.97768145161338,199-D5-17
2023-01-01,,118.92295329087052,199-D5-17
2023-02-01,,118.92539078156317,199-D5-17
2023-03-01,,118.91349217002247,199-D5-17
2023-04-01,2908.0,118.6030794359578,199-D5-17
2023-05-01,3313.0,118.29881441368076,199-D5-17
2023-06-01,3642.5,118.16825682681592,199-D5-17
2023-07-01,3797.0,118.12412867647059,199-D5-17
2023-08-01,3952.0,118.07609886363635,199-D5-17
2023-09-01,4128.0,118.02174180790954,199-D5-17
2023-10-01,4334.0,117.95327200000001,199-D5-17
2014-01-01,,117.68969791666662,199-D5-33
2014-02-01,,117.68154605263163,199-D5-33
2014-03-01,,117.6242043478261,199-D5-33
2014-04-01,,117.80670370370366,199-D5-33
2014-05-01,,118.10396820809234,199-D5-33
2014-06-01,,118.28160185185195,199-D5-33
2014-07-01,,118.33576421636626,199-D5-33
2014-08-01,,118.26804435483899,199-D5-33
2014-09-01,,118.13308333333315,199-D5-33
2014-10-01,,117.80027528089884,199-D5-33
2014-11-01,,117.57248916408693,199-D5-33
2014-12-01,,117.69492857142862,199-D5-33
2015-01-01,,117.81374999999984,199-D5-33
2015-02-01,,118.01073283859002,199-D5-33
2015-03-01,,118.10018389261708,199-D5-33
2015-04-01,,118.04805547850235,199-D5-33
2015-05-01,,117.90459139784964,199-D5-33
2015-06-01,,117.89942024965345,199-D5-33
2015-07-01,,117.79210349462342,199-D5-33
2015-08-01,,117.74502688172053,199-D5-33
2015-09-01,,117.80162222222201,199-D5-33
2015-10-01,,117.6773369127513,199-D5-33
2015-11-01,,117.66190476190481,199-D5-33
2016-01-01,,117.89299999999999,199-D5-33
2016-02-01,,117.86208799999979,199-D5-33
2016-03-01,,117.89579463087256,199-D5-33
2016-04-01,,117.91043966712888,199-D5-33
2016-05-01,,118.04834139784947,199-D5-33
2016-06-01,,117.9319986111111,199-D5-33
2016-07-01,,117.90278926174513,199-D5-33
2016-08-01,,117.77806317204295,199-D5-33
2016-09-01,,117.58318055555536,199-D5-33
2016-10-01,,117.50877553763446,199-D5-33
2016-11-01,,117.64507500000066,199-D5-33
2016-12-01,,117.87645295698997,199-D5-33
2017-01-01,,118.02029166666699,199-D5-33
2017-02-01,,118.01745089285647,199-D5-33
2017-03-01,,118.06002013422827,199-D5-33
2017-04-01,,118.4026694444447,199-D5-33
2017-05-01,,118.62707651006704,199-D5-33
2017-06-01,,118.90022500000012,199-D5-33
2017-07-01,,118.60971677852373,199-D5-33
2017-08-01,,118.21234274193561,199-D5-33
2017-09-01,,117.9574555555552,199-D5-33
2017-10-01,,117.69717181208016,199-D5-33
2017-11-01,,117.60169166666668,199-D5-33
2017-12-01,,117.66325051334691,199-D5-33
2018-01-01,,117.79288857142872,199-D5-33
2018-02-01,,117.99848065476226,199-D5-33
2018-03-01,,118.00261744966458,199-D5-33
2018-04-01,,117.93594583333339,199-D5-33
2018-05-01,,118.41019354838707,199-D5-33
2018-06-01,,118.67991666666703,199-D5-33
2018-07-01,,118.36088456375856,199-D5-33
2018-08-01,,118.03027553763468,199-D5-33
2018-09-01,,117.70148611111124,199-D5-33
2018-10-01,,117.46357852348973,199-D5-33
2018-11-01,,117.5535270457695,199-D5-33
2018-12-01,,117.69662725450891,199-D5-33
2019-01-01,,117.54494307692372,199-D5-33
2019-02-01,,117.54268181818176,199-D5-33
2019-03-01,,117.35827692307693,199-D5-33
2019-04-01,,117.28633611111121,199-D5-33
2019-05-01,,117.48382258064505,199-D5-33
2019-06-01,,117.62126805555557,199-D5-33
2019-07-01,,117.43274798927611,199-D5-33
2019-08-01,,117.3398373655913,199-D5-33
2019-09-01,,117.1785555555553,199-D5-33
2019-10-01,,117.04168230563029,199-D5-33
2019-11-01,,117.22709722222251,199-D5-33
2019-12-01,,117.37724074074114,199-D5-33
2020-01-01,,117.30172811918068,199-D5-33
2020-02-01,,117.41468390804607,199-D5-33
2020-03-01,,117.32991006711389,199-D5-33
2020-04-01,,117.17746527777747,199-D5-33
2020-05-01,,117.5075698924731,199-D5-33
2020-06-01,,117.9973430555559,199-D5-33
2020-07-01,,118.27445430107527,199-D5-33
2020-08-01,,118.36044354838711,199-D5-33
2020-09-01,,117.8114569444445,199-D5-33
2020-10-01,,117.48034765100682,199-D5-33
2020-11-01,,117.51287777777841,199-D5-33
2020-12-01,,117.61963829787248,199-D5-33
2021-01-01,,117.78086277602497,199-D5-33
2021-02-01,,117.81343452380978,199-D5-33
2021-03-01,,117.63095167785237,199-D5-33
2021-04-01,,117.41511944444436,199-D5-33
2021-05-01,,117.56661155913964,199-D5-33
2021-06-01,,117.69225833333353,199-D5-33
2021-07-01,,117.71339194630878,199-D5-33
2021-08-01,,117.56640322580675,199-D5-33
2021-09-01,,117.3988416666667,199-D5-33
2021-10-01,,117.25393557047023,199-D5-33
2021-11-01,,117.42878475336293,199-D5-33
2021-12-01,,117.74928678678684,199-D5-33
2022-01-01,,118.1644652278178,199-D5-33
2022-02-01,,118.21997176820202,199-D5-33
2022-03-01,,118.08090872483214,199-D5-33
2022-04-01,,117.81503333333335,199-D5-33
2022-05-01,,117.7248991935485,199-D5-33
2022-06-01,,118.10276944444459,199-D5-33
2022-07-01,,118.44069031377883,199-D5-33
2022-08-01,,118.29245564516158,199-D5-33
2022-09-01,,117.9049472222222,199-D5-33
2022-10-01,,117.57318120805355,199-D5-33
2022-11-01,,117.74235228848842,199-D5-33
2022-12-01,,117.79080122950815,199-D5-33
2023-01-01,,117.93135714285717,199-D5-33
2023-02-01,,117.79409650582372,199-D5-33
2023-03-01,,117.60422550335618,199-D5-33
2023-04-01,4464.0,117.46226617449621,199-D5-33
2023-05-01,4571.5,117.79841948608149,199-D5-33
2023-06-01,4667.0,117.96569542342334,199-D5-33
2023-07-01,,117.671,199-D5-33
2023-08-01,4668.5,117.55146666666667,199-D5-33
2023-09-01,4698.5,117.34261694915253,199-D5-33
2023-10-01,4744.0,117.20416436363637,199-D5-33
2014-01-01,,117.90899999999999,199-D5-34
2014-02-01,,117.9,199-D5-34
2014-03-01,,117.70666666666666,199-D5-34
2014-04-01,,117.83833333333332,199-D5-34
2014-05-01,,118.045,199-D5-34
2014-06-01,,118.2185,199-D5-34
2014-07-01,,118.372,199-D5-34
2014-08-01,,118.4175,199-D5-34
2014-09-01,,118.2615,199-D5-34
2014-10-01,,118.07300000000001,199-D5-34
2014-11-01,,117.945,199-D5-34
2014-12-01,,117.986,199-D5-34
2015-01-01,,117.971,199-D5-34
2015-02-01,,118.37299999999999,199-D5-34
2015-03-01,,118.05850000000001,199-D5-34
2015-04-01,,118.30799999999999,199-D5-34
2015-05-01,,118.20100000000001,199-D5-34
2015-06-01,,118.209,199-D5-34
2023-05-01,15988.5,117.90699898740611,199-D5-34
2023-06-01,16153.5,118.02876338862352,199-D5-34
2023-07-01,16291.0,117.91393117999426,199-D5-34
2023-08-01,16407.5,117.86894992200001,199-D5-34
2023-09-01,16552.5,117.77931469411838,199-D5-34
2023-10-01,16755.0,117.6384767035981,199-D5-34
2014-01-01,,117.685,199-D5-37
2014-03-01,,117.48899999999999,199-D5-37
2014-04-01,,117.85799999999999,199-D5-37
2014-07-01,,118.632,199-D5-37
2014-09-01,,117.867,199-D5-37
2014-11-01,,117.64338741721848,199-D5-37
2014-12-01,,117.83082608695662,199-D5-37
2015-01-01,,117.96962037037046,199-D5-37
2015-02-01,,118.14808488964353,199-D5-37
2015-03-01,,118.14511812080536,199-D5-37
2015-04-01,,118.00522052704592,199-D5-37
2015-05-01,,117.86486827957005,199-D5-37
2015-06-01,,117.85697503467392,199-D5-37
2015-07-01,,117.721680107527,199-D5-37
2015-08-01,,117.70455107526885,199-D5-37
2015-09-01,,117.43867083333332,199-D5-37
2015-10-01,,117.31420295698918,199-D5-37
2015-11-01,,117.40295972222223,199-D5-37
2015-12-01,,117.50462768817196,199-D5-37
2016-01-01,,117.55518120805377,199-D5-37
2016-02-01,,117.57487931034471,199-D5-37
2016-03-01,,117.67162416107367,199-D5-37
2016-04-01,,117.89938973647705,199-D5-37
2016-05-01,,118.03222043010756,199-D5-37
2016-06-01,,117.88050138888866,199-D5-37
2016-07-01,,117.77621476510065,199-D5-37
2016-08-01,,117.62760080645161,199-D5-37
2016-09-01,,117.30948611111121,199-D5-37
2016-10-01,,117.22792876344072,199-D5-37
2016-11-01,,117.46198194444432,199-D5-37
2016-12-01,,117.70357123655917,199-D5-37
2017-01-01,,117.96709677419358,199-D5-37
2017-02-01,,117.91912648809519,199-D5-37
2017-03-01,,118.0409475806452,199-D5-37
2017-04-01,,118.57983194444448,199-D5-37
2017-05-01,,118.8381491935483,199-D5-37
2017-06-01,,119.04967777777769,199-D5-37
2017-07-01,,118.44008993288593,199-D5-37
2017-08-01,,117.96693548387086,199-D5-37
2017-09-01,,117.72945833333343,199-D5-37
2017-10-01,,117.40382147651017,199-D5-37
2017-11-01,,117.35480694444453,199-D5-37
2017-12-01,,117.51479503105577,199-D5-37
2018-01-01,,117.79077013422808,199-D5-37
2018-02-01,,118.058081845238,199-D5-37
2018-03-01,,117.96460268456369,199-D5-37
2018-04-01,,117.99621944444425,199-D5-37
2018-05-01,,118.8600766129033,199-D5-37
2018-06-01,,118.71781944444443,199-D5-37
2018-07-01,,118.16133959731515,199-D5-37
2018-08-01,,117.81792473118279,199-D5-37
2018-09-01,,117.4164708333333,199-D5-37
2018-10-01,,117.18410201342296,199-D5-37
2018-11-01,,117.32483922261473,199-D5-37
2018-12-01,,117.35820599250945,199-D5-37
2019-01-01,,117.34475126903554,199-D5-37
2019-02-01,,117.37485483870977,199-D5-37
2019-03-01,,117.25856300268096,199-D5-37
2019-04-01,,117.12278742514968,199-D5-37
2019-05-01,,117.57880107526886,199-D5-37
2019-06-01,,117.66946111111095,199-D5-37
2019-07-01,,117.37855093833791,199-D5-37
2019-08-01,,117.31236962365618,199-D5-37
2019-09-01,,117.16623045267492,199-D5-37
2019-10-01,,116.8149256410258,199-D5-37
2019-11-01,,117.04899320882855,199-D5-37
2019-12-01,,117.22658227848103,199-D5-37
2020-01-01,,117.2811313672923,199-D5-37
2020-02-01,,117.39940948275871,199-D5-37
2020-03-01,,117.2151516778525,199-D5-37
2020-04-01,,117.0529958333334,199-D5-37
2020-05-01,,117.70022715053747,199-D5-37
2020-06-01,,118.23751111111126,199-D5-37
2020-07-01,,118.30802956989216,199-D5-37
2020-08-01,,118.14515591397843,199-D5-37
2020-09-01,,117.47086527777806,199-D5-37
2020-10-01,,117.19211538461548,199-D5-37
2020-11-01,,117.42098461538478,199-D5-37
2020-12-01,,117.45361827956981,199-D5-37
2021-01-01,,117.6849986577182,199-D5-37
2021-02-01,,117.68322172619048,199-D5-37
2021-03-01,,117.26199194630887,199-D5-37
2021-04-01,,117.14258888888902,199-D5-37
2021-05-01,,117.50750672042997,199-D5-37
2021-06-01,,117.75202083333348,199-D5-37
2021-07-01,,117.660822818792,199-D5-37
2021-08-01,,117.44574193548412,199-D5-37
2021-09-01,,117.13198333333342,199-D5-37
2021-10-01,,116.95882818791962,199-D5-37
2021-11-01,,117.15632499999997,199-D5-37
2021-12-01,,117.56865456989222,199-D5-37
2022-01-01,,117.87469623655919,199-D5-37
2022-02-01,,117.98631994047624,199-D5-37
2022-03-01,,117.86627114093967,199-D5-37
2022-04-01,,117.60160138888884,199-D5-37
2022-05-01,,117.70773118279564,199-D5-37
2022-06-01,,118.48624166666649,199-D5-37
2022-07-01,,118.66035470668498,199-D5-37
2022-08-01,,118.3084892473117,199-D5-37
2022-09-01,,117.68996805555544,199-D5-37
2022-10-01,,117.25394362416105,199-D5-37
2022-11-01,,117.43369667590022,199-D5-37
2022-12-01,,117.55904838709668,199-D5-37
2023-01-01,,117.48052553763435,199-D5-37
2023-02-01,,117.50806686478455,199-D5-37
2023-03-01,,117.33822416107397,199-D5-37
2023-04-01,6049.5,117.19421216069492,199-D5-37
2023-05-01,6471.5,117.94233491720657,199-D5-37
2023-06-01,7024.5,117.80590342905386,199-D5-37
2023-07-01,7405.0,117.54010066445177,199-D5-37
2023-08-01,7636.5,117.46556727272724,199-D5-37
2023-09-01,7957.5,117.11131962421717,199-D5-37
2023-10-01,8282.0,116.88799071345034,199-D5-37
2023-05-01,16975.5,117.93139578050427,199-D5-39
2023-06-01,17200.0,118.07436089059729,199-D5-39
2023-07-01,17473.0,117.95595564643676,199-D5-39
2023-08-01,17902.5,117.90286536709479,199-D5-39
2023-09-01,18528.0,117.83382090302199,199-D5-39
2023-10-01,19249.0,117.68448534023902,199-D5-39
2014-01-01,,117.908,199-D5-41
2014-03-01,,117.7585,199-D5-41
2014-04-01,,118.02633333333334,199-D5-41
2014-05-01,,118.3245,199-D5-41
2014-06-01,,118.459,199-D5-41
2014-07-01,,118.43599999999999,199-D5-41
2014-08-01,,118.312,199-D5-41
2014-09-01,,118.071,199-D5-41
2014-10-01,,117.853,199-D5-41
2014-11-01,,117.756,199-D5-41
2014-12-01,,117.97,199-D5-41
2015-05-01,,118.023,199-D5-41
2015-11-01,,118.006,199-D5-41
2017-11-01,,117.61200000000001,199-D5-41
2018-11-01,,117.309,199-D5-41
2019-03-01,,117.25746536412072,199-D5-41
2019-04-01,,117.15703333333349,199-D5-41
2019-05-01,,117.34332258064511,199-D5-41
2019-06-01,,117.52203055555565,199-D5-41
2019-07-01,,117.3374845637584,199-D5-41
2019-08-01,,117.22721102150565,199-D5-41
2019-09-01,,117.09917777777743,199-D5-41
2019-10-01,,116.94771677852374,199-D5-41
2019-11-01,,117.06225138888848,199-D5-41
2019-12-01,,117.16515188171991,199-D5-41
2020-01-01,,117.11391397849461,199-D5-41
2020-02-01,,117.23290948275915,199-D5-41
2020-03-01,,117.18724999999957,199-D5-41
2020-04-01,,117.07465555555548,199-D5-41
2020-05-01,,117.35576612903242,199-D5-41
2020-06-01,,117.81397083333361,199-D5-41
2020-07-01,,118.15461559139789,199-D5-41
2020-08-01,,118.2420954301078,199-D5-41
2020-09-01,,117.68821944444448,199-D5-41
2020-10-01,,117.34778897849532,199-D5-41
2020-11-01,,117.37719166666677,199-D5-41
2020-12-01,,117.47350268817213,199-D5-41
2021-01-01,,117.64538037634442,199-D5-41
2021-02-01,,117.6221651785713,199-D5-41
2021-03-01,,117.4085215053767,199-D5-41
2021-04-01,,117.24582361111081,199-D5-41
2021-05-01,,117.36416801075252,199-D5-41
2021-06-01,,117.53277361111088,199-D5-41
2021-07-01,,117.55574462365588,199-D5-41
2021-08-01,,117.40153091397934,199-D5-41
2021-09-01,,117.26996948682384,199-D5-41
2021-10-01,,117.09964919354863,199-D5-41
2021-11-01,,117.17716643550614,199-D5-41
2021-12-01,,117.41670833333353,199-D5-41
2022-01-01,,117.70982595870198,199-D5-41
2022-02-01,,117.88114858841008,199-D5-41
2022-03-01,,117.86806048387099,199-D5-41
2022-04-01,,117.66866111111133,199-D5-41
2022-05-01,,117.58450403225808,199-D5-41
2022-06-01,,117.96232916666663,199-D5-41
2022-07-01,,118.31626193724425,199-D5-41
2022-08-01,,118.2148427419354,199-D5-41
2022-09-01,,117.83500000000024,199-D5-41
2022-10-01,,117.49987634408653,199-D5-41
2022-11-01,,117.50023802816892,199-D5-41
2022-12-01,,117.60155220883544,199-D5-41
2023-01-01,,117.5865419847328,199-D5-41
2023-02-01,,117.57001337295667,199-D5-41
2023-03-01,,117.46738172043028,199-D5-41
2023-04-01,8557.5,117.3229362068964,199-D5-41
2023-05-01,8653.0,117.58401053215091,199-D5-41
2023-06-01,8732.5,117.64195682434317,199-D5-41
2023-07-01,,117.44149999999999,199-D5-41
2023-08-01,,117.381,199-D5-41
2023-09-01,8773.5,117.15271975308643,199-D5-41
2023-10-01,8834.0,116.97279375609754,199-D5-41
2014-01-01,,118.0445,199-D5-43
2014-03-01,,117.9045,199-D5-43
2014-04-01,,117.98633333333333,199-D5-43
2014-05-01,,118.1535,199-D5-43
2014-06-01,,118.48325,199-D5-43
2014-07-01,,118.7875,199-D5-43
2014-08-01,,118.91550000000001,199-D5-43
2014-09-01,,118.72925,199-D5-43
2014-10-01,,118.616,199-D5-43
2014-11-01,,118.4320571428576,199-D5-43
2014-12-01,,118.4145127516776,199-D5-43
2015-01-01,,118.44886962365574,199-D5-43
2015-02-01,,118.60474629080097,199-D5-43
2015-03-01,,118.79682416107342,199-D5-43
2015-04-01,,118.84241388888859,199-D5-43
2015-05-01,,118.80085100671201,199-D5-43
2015-06-01,,118.78245769764247,199-D5-43
2015-07-01,,118.7408561827959,199-D5-43
2015-08-01,,118.68812885906016,199-D5-43
2015-09-01,,118.63735922330153,199-D5-43
2015-10-01,,118.54836155913975,199-D5-43
2015-11-01,,118.46350833333234,199-D5-43
2015-12-01,,118.46785483870923,199-D5-43
2016-01-01,,118.46371236559031,199-D5-43
2016-02-01,,118.47546120689668,199-D5-43
2016-03-01,,118.51487265415483,199-D5-43
2016-04-01,,118.50150833333335,199-D5-43
2016-05-01,,118.68501075268802,199-D5-43
2016-06-01,,118.80795706371218,199-D5-43
2016-07-01,,118.84768145161205,199-D5-43
2016-08-01,,118.8680161290328,199-D5-43
2016-09-01,,118.7493564493759,199-D5-43
2016-10-01,,118.56658602150524,199-D5-43
2016-11-01,,118.54608749999974,199-D5-43
2016-12-01,,118.6432184986598,199-D5-43
2017-01-01,,118.73713709677473,199-D5-43
2017-02-01,,118.81593898809508,199-D5-43
2017-03-01,,118.8780053691281,199-D5-43
2017-04-01,,119.01292500000004,199-D5-43
2017-05-01,,119.25415570469772,199-D5-43
2017-06-01,,119.52443966712866,199-D5-43
2017-07-01,,119.5241812080537,199-D5-43
2017-08-01,,119.3163077956988,199-D5-43
2017-09-01,,119.09610540915412,199-D5-43
2017-10-01,,118.86349664429565,199-D5-43
2017-11-01,,118.65702773925126,199-D5-43
2017-12-01,,118.5211706989251,199-D5-43
2018-01-01,,118.5429663978493,199-D5-43
2018-02-01,,118.58327232142855,199-D5-43
2018-03-01,,118.67549261744992,199-D5-43
2018-04-01,,118.60977777777717,199-D5-43
2018-05-01,,118.76900403225794,199-D5-43
2018-06-01,,119.23099583333303,199-D5-43
2018-07-01,,119.25349127516789,199-D5-43
2018-08-01,,119.07128897849479,199-D5-43
2018-09-01,,118.85643472222219,199-D5-43
2018-10-01,,118.60429530201344,199-D5-43
2018-11-01,,118.42224133148488,199-D5-43
2018-12-01,,118.37998924731191,199-D5-43
2019-01-01,,118.3155967741939,199-D5-43
2019-02-01,,118.26692857142878,199-D5-43
2019-03-01,,118.20894235924924,199-D5-43
2019-04-01,,118.13226944444447,199-D5-43
2019-05-01,,118.1166182795702,199-D5-43
2019-06-01,,118.27304999999987,199-D5-43
2019-07-01,,118.28964777327944,199-D5-43
2019-08-01,,118.26384946236551,199-D5-43
2019-09-01,,118.20130416666663,199-D5-43
2019-10-01,,118.0533868808565,199-D5-43
2019-11-01,,117.9806555555549,199-D5-43
2019-12-01,,118.04839919354947,199-D5-43
2020-01-01,,118.05257661290297,199-D5-43
2020-02-01,,118.09588505747084,199-D5-43
2020-03-01,,118.15572617449608,199-D5-43
2020-04-01,,118.1419097222215,199-D5-43
2020-05-01,,118.19314784946228,199-D5-43
2020-06-01,,118.42777500000017,199-D5-43
2020-07-01,,118.69695295698907,199-D5-43
2020-08-01,,118.74145430107492,199-D5-43
2020-09-01,,118.6755249999999,199-D5-43
2020-10-01,,118.4563583892615,199-D5-43
2020-11-01,,118.32522777777774,199-D5-43
2020-12-01,,118.34439194630859,199-D5-43
2021-01-01,,118.37030241935493,199-D5-43
2021-02-01,,118.43568005952325,199-D5-43
2021-03-01,,118.42956375838925,199-D5-43
2021-04-01,,118.2955874999995,199-D5-43
2021-05-01,,118.28049731182792,199-D5-43
2021-06-01,,118.36807777777827,199-D5-43
2021-07-01,,118.42830604026837,199-D5-43
2021-08-01,,118.34440994623618,199-D5-43
2021-09-01,,118.2349375866853,199-D5-43
2021-10-01,,118.1018845637586,199-D5-43
2021-11-01,,118.09562552011107,199-D5-43
2021-12-01,,118.21235887096785,199-D5-43
2022-01-01,,118.47151612903234,199-D5-43
2022-02-01,,118.62701040118972,199-D5-43
2022-03-01,,118.65161879194659,199-D5-43
2022-04-01,,118.592288888889,199-D5-43
2022-05-01,,118.45663037634428,199-D5-43
2022-06-01,,118.56131666666677,199-D5-43
2022-07-01,,118.90633560709425,199-D5-43
2022-08-01,,119.00961559139829,199-D5-43
2022-09-01,,118.87768111455102,199-D5-43
2022-10-01,,118.63883221476502,199-D5-43
2022-11-01,,118.48914563106781,199-D5-43
2022-12-01,,118.49746370967759,199-D5-43
2023-01-01,,118.4723266129039,199-D5-43
2023-02-01,,118.39211589896003,199-D5-43
2023-03-01,,118.30208993288544,199-D5-43
2023-04-01,8879.5,118.18329727626464,199-D5-43
2023-05-01,8914.0,118.07603398950137,199-D5-43
2023-06-01,8924.0,118.21361970596408,199-D5-43
2023-07-01,,118.1385,199-D5-43
2023-08-01,8925.0,118.00014999999999,199-D5-43
2023-09-01,8938.0,118.00628846153846,199-D5-43
2023-10-01,9008.0,117.86783982608694,199-D5-43
2016-12-01,,117.714,199-D5-44
2017-11-01,,117.415,199-D5-44
2018-11-01,,117.305,199-D5-44
2019-11-01,,116.98100000000001,199-D5-44
2020-02-01,,117.333,199-D5-44
2020-11-01,,117.39,199-D5-44
2021-02-01,,117.825,199-D5-44
2021-05-01,,117.686,199-D5-44
2021-11-01,,117.23299999999999,199-D5-44
2022-11-01,,117.51700000000001,199-D5-44
2023-04-01,,117.21700000000001,199-D5-44
2023-05-01,,117.585,199-D5-44
2023-06-01,,117.78399999999999,199-D5-44
2023-07-01,,117.566,199-D5-44
2023-08-01,,117.647,199-D5-44
2023-09-01,,117.25299999999999,199-D5-44
2014-01-01,,118.96211512717535,199-D5-103
2014-02-01,,118.52009133126946,199-D5-103
2014-03-01,,118.6670380434782,199-D5-103
2014-04-01,,118.8739510791367,199-D5-103
2014-05-01,,118.99691244870051,199-D5-103
2014-06-01,,119.11024238227132,199-D5-103
2014-07-01,,119.2261005361935,199-D5-103
2014-08-01,,119.2857092391304,199-D5-103
2014-09-01,,119.1390043165471,199-D5-103
2014-10-01,,119.12768632707757,199-D5-103
2014-11-01,,119.16869070735108,199-D5-103
2014-12-01,,119.1340120805369,199-D5-103
2015-01-01,,119.14106711409349,199-D5-103
2015-02-01,,119.23584249628533,199-D5-103
2015-03-01,,119.33212734584475,199-D5-103
2015-04-01,,119.36366712898761,199-D5-103
2015-05-01,,119.36112751677848,199-D5-103
2015-06-01,,119.2948624999994,199-D5-103
2015-07-01,,119.28126979865833,199-D5-103
2015-08-01,,119.22421610738306,199-D5-103
2015-09-01,,119.18069209431347,199-D5-103
2015-10-01,,119.10413422818829,199-D5-103
2015-11-01,,119.00424079320099,199-D5-103
2015-12-01,,118.98168053691286,199-D5-103
2016-01-01,,118.96857046979869,199-D5-103
2016-02-01,,118.99019740633959,199-D5-103
2016-03-01,,119.05808445040273,199-D5-103
2016-04-01,,119.02877531206654,199-D5-103
2016-05-01,,119.2012473118278,199-D5-103
2016-06-01,,119.29739850746283,199-D5-103
2016-07-01,,119.29865100671131,199-D5-103
2016-08-01,,119.27972983870959,199-D5-103
2016-09-01,,119.21864861111082,199-D5-103
2016-10-01,,119.02312903225766,199-D5-103
2016-11-01,,119.00897226074817,199-D5-103
2016-12-01,,119.12450134408604,199-D5-103
2017-01-01,,119.2130895104893,199-D5-103
2017-02-01,,119.28608618127781,199-D5-103
2017-03-01,,119.34096912751686,199-D5-103
2017-04-01,,119.44480443828039,199-D5-103
2017-05-01,,119.54140214477214,199-D5-103
2017-06-01,,119.6985866851595,199-D5-103
2017-07-01,,119.82680000000023,199-D5-103
2017-08-01,,119.7188277227721,199-D5-103
2017-09-01,,119.48491421568639,199-D5-103
2017-10-01,,119.32064618249527,199-D5-103
2017-11-01,,119.2155591397851,199-D5-103
2017-12-01,,119.12020786516854,199-D5-103
2018-01-01,,119.11553693693742,199-D5-103
2018-02-01,,119.16273103448266,199-D5-103
2018-03-01,,119.24805289256241,199-D5-103
2018-04-01,,119.22467051070814,199-D5-103
2018-05-01,,119.31189163498121,199-D5-103
2018-06-01,,119.52289782244559,199-D5-103
2018-07-01,,119.59831111111112,199-D5-103
2018-08-01,,119.50111884550093,199-D5-103
2023-05-01,9303.5,117.7196261478286,199-D5-103
2023-06-01,9697.0,117.59524344146358,199-D5-103
2023-07-01,10037.5,117.55877950010158,199-D5-103
2023-08-01,10386.0,117.4860901097688,199-D5-103
2023-09-01,10763.0,116.97432833374614,199-D5-103
2023-10-01,11193.0,117.13964261629367,199-D5-103
2023-05-01,11497.0,117.70277726081834,199-D5-104
2023-06-01,11647.0,117.78775338846711,199-D5-104
2023-07-01,11758.5,117.72445086401628,199-D5-104
2023-08-01,11844.5,117.70151297769728,199-D5-104
2023-09-01,11978.5,117.6424569406639,199-D5-104
2023-10-01,12150.5,117.46263980430393,199-D5-104
2014-01-01,,118.96133333333334,199-D5-106
2014-02-01,,118.484,199-D5-106
2014-03-01,,118.72625,199-D5-106
2014-04-01,,119.01499999999999,199-D5-106
2014-05-01,,119.1505,199-D5-106
2014-06-01,,119.22699999999999,199-D5-106
2014-07-01,,119.31033333333335,199-D5-106
2014-08-01,,119.34233333333334,199-D5-106
2014-09-01,,119.15549458483747,199-D5-106
2014-10-01,,119.16971045576386,199-D5-106
2014-11-01,,119.24859110473434,199-D5-106
2014-12-01,,119.21034274193512,199-D5-106
2015-01-01,,119.24899463087245,199-D5-106
2015-02-01,,119.30468322981353,199-D5-106
2015-03-01,,119.3730817694367,199-D5-106
2015-04-01,,119.40247222222152,199-D5-106
2015-05-01,,119.39776778523486,199-D5-106
2015-06-01,,119.31685138888926,199-D5-106
2015-07-01,,119.31300403225842,199-D5-106
2015-08-01,,119.25612617449613,199-D5-106
2015-09-01,,119.21475,199-D5-106
2015-10-01,,119.13217741935514,199-D5-106
2015-11-01,,119.0228388888888,199-D5-106
2015-12-01,,118.99711559139787,199-D5-106
2016-01-01,,118.98679166666649,199-D5-106
2016-02-01,,119.01406321839063,199-D5-106
2016-03-01,,119.09322147651038,199-D5-106
2016-04-01,,119.05677500000014,199-D5-106
2016-05-01,,119.25938709677413,199-D5-106
2016-06-01,,119.3402722222223,199-D5-106
2016-07-01,,119.32543548387089,199-D5-106
2016-08-01,,119.30466263440819,199-D5-106
2016-09-01,,119.21778194444454,199-D5-106
2016-10-01,,119.00202419354824,199-D5-106
2016-11-01,,119.02237777777769,199-D5-106
2016-12-01,,119.14495430107517,199-D5-106
2017-01-01,,119.23418573351273,199-D5-106
2017-02-01,,119.31048214285734,199-D5-106
2017-03-01,,119.35968413978489,199-D5-106
2017-04-01,,119.47290833333348,199-D5-106
2017-05-01,,119.5618000000005,199-D5-106
2017-06-01,,119.74968750000005,199-D5-106
2017-07-01,,119.8756962365593,199-D5-106
2017-08-01,,119.74473825503344,199-D5-106
2017-09-01,,119.5048694444442,199-D5-106
2017-10-01,,119.35447114093937,199-D5-106
2017-11-01,,119.24186527777785,199-D5-106
2017-12-01,,119.23999061913715,199-D5-106
2018-01-01,,119.19279973118255,199-D5-106
2018-02-01,,119.26530654761949,199-D5-106
2018-03-01,,119.34731812080514,199-D5-106
2018-04-01,,119.33963611111122,199-D5-106
2018-05-01,,119.45673790322581,199-D5-106
2018-06-01,,119.62015138888859,199-D5-106
2018-07-01,,119.65964966442984,199-D5-106
2018-08-01,,119.53225000000045,199-D5-106
2018-09-01,,119.34801944444439,199-D5-106
2018-10-01,,119.0526322147653,199-D5-106
2018-11-01,,118.86630810810827,199-D5-106
2018-12-01,,118.78570037453206,199-D5-106
2019-01-01,,118.72434530938101,199-D5-106
2019-02-01,,118.64139045936406,199-D5-106
2019-03-01,,118.56177077747965,199-D5-106
2019-04-01,,118.55041527777794,199-D5-106
2019-05-01,,118.61536155913983,199-D5-106
2019-06-01,,118.75533888888899,199-D5-106
2019-07-01,,118.79476809651486,199-D5-106
2019-08-01,,118.73908736559174,199-D5-106
2019-09-01,,118.6628047752809,199-D5-106
2019-10-01,,118.5341843478262,199-D5-106
2019-11-01,,118.52108295964123,199-D5-106
2019-12-01,,118.57473232323237,199-D5-106
2020-01-01,,118.57322336065552,199-D5-106
2020-02-01,,118.58704318936893,199-D5-106
2020-03-01,,118.67941879194635,199-D5-106
2020-04-01,,118.77271805555523,199-D5-106
2020-05-01,,118.83576344086043,199-D5-106
2020-06-01,,118.85592500000024,199-D5-106
2020-07-01,,118.8509637096775,199-D5-106
2020-08-01,,118.79920297951571,199-D5-106
2020-09-01,,119.07463370786502,199-D5-106
2020-10-01,,118.89166592920351,199-D5-106
2020-11-01,,118.84448883374692,199-D5-106
2020-12-01,,118.81649848024327,199-D5-106
2021-01-01,,118.75482185273154,199-D5-106
2021-02-01,,118.7696792079207,199-D5-106
2021-03-01,,118.71611824817512,199-D5-106
2021-04-01,,118.64302033271719,199-D5-106
2021-05-01,,118.626843621399,199-D5-106
2021-06-01,,118.64877458033573,199-D5-106
2021-07-01,,118.64680760095018,199-D5-106
2021-08-01,,118.54032790697683,199-D5-106
2021-09-01,,118.44008388157901,199-D5-106
2021-10-01,,118.43133020134242,199-D5-106
2021-11-01,,118.45644722222231,199-D5-106
2021-12-01,,118.4476008064518,199-D5-106
2022-01-01,,118.61411424731185,199-D5-106
2022-02-01,,118.65263447251114,199-D5-106
2022-03-01,,118.73362684563763,199-D5-106
2022-04-01,,118.7732374999999,199-D5-106
2022-05-01,,118.6569516129035,199-D5-106
2022-06-01,,118.75667083333313,199-D5-106
2022-07-01,,118.94933333333292,199-D5-106
2022-08-01,,119.07833333333402,199-D5-106
2022-09-01,,118.98319444444418,199-D5-106
2022-10-01,,118.82889664429531,199-D5-106
2022-11-01,,118.73217475728146,199-D5-106
2022-12-01,,118.74907526881736,199-D5-106
2023-01-01,,118.6768346774194,199-D5-106
2023-02-01,,118.64171025260057,199-D5-106
2023-03-01,,118.60502550335569,199-D5-106
2023-04-01,476.5,118.3443672619049,199-D5-106
2023-05-01,902.0,118.04051098418287,199-D5-106
2023-06-01,1180.0,117.94446542857092,199-D5-106
2023-07-01,1352.5,117.88739946236558,199-D5-106
2023-08-01,1537.5,117.82890427807484,199-D5-106
2023-09-01,1729.5,117.7693216080402,199-D5-106
2023-10-01,1954.5,117.68962595238096,199-D5-106
2023-11-01,2083.0,117.65,199-D5-106
2014-03-01,,118.575,199-D5-123
2014-06-01,,118.949,199-D5-123
2014-09-01,,118.91799999999999,199-D5-123
2014-12-01,,118.81200000000001,199-D5-123
2015-02-01,,118.89299999999999,199-D5-123
2015-05-01,,118.889,199-D5-123
2015-08-01,,118.79,199-D5-123
2015-12-01,,118.54899999999999,199-D5-123
2016-03-01,,118.62,199-D5-123
2016-06-01,,118.87200000000001,199-D5-123
2016-12-01,,118.684,199-D5-123
2017-12-01,,118.773,199-D5-123
2018-12-01,,118.555,199-D5-123
2019-12-01,,118.316,199-D5-123
2020-12-01,,118.566,199-D5-123
2021-11-01,,118.281,199-D5-123
2022-10-01,,118.506,199-D5-123
2023-04-01,,118.16,199-D5-123
2023-06-01,,117.916,199-D5-123
2023-08-01,,117.809,199-D5-123
2023-05-01,19930.5,115.89502414426303,199-D5-128
2023-06-01,20521.0,115.82198565607492,199-D5-128
2023-07-01,21105.5,115.7663686090675,199-D5-128
2023-08-01,21679.0,115.71065133156316,199-D5-128
2023-09-01,22287.0,115.65745906040968,199-D5-128
2023-10-01,22951.0,115.58670012796968,199-D5-128
2014-01-01,,119.074,199-D5-133
2014-02-01,,118.616,199-D5-133
2014-03-01,,119.082,199-D5-133
2014-04-01,,119.32333333333334,199-D5-133
2014-05-01,,119.427,199-D5-133
2014-06-01,,119.4915,199-D5-133
2014-07-01,,119.553,199-D5-133
2014-08-01,,119.58950000000002,199-D5-133
2014-09-01,,119.363,199-D5-133
2014-10-01,,119.4,199-D5-133
2014-11-01,,119.59,199-D5-133
2014-12-01,,119.4735,199-D5-133
2015-01-01,,119.60799999999999,199-D5-133
2015-02-01,,119.67588554216886,199-D5-133
2015-03-01,,119.73794496644305,199-D5-133
2015-04-01,,119.75959002770077,199-D5-133
2015-05-01,,119.75279865771827,199-D5-133
2015-06-01,,119.6442413314842,199-D5-133
2015-07-01,,119.67117046979867,199-D5-133
2015-08-01,,119.62111528150169,199-D5-133
2015-09-01,,119.59621775312019,199-D5-133
2015-10-01,,119.51735838926207,199-D5-133
2015-11-01,,119.39580193905823,199-D5-133
2015-12-01,,119.38378523489915,199-D5-133
2016-01-01,,119.31970604026824,199-D5-133
2016-02-01,,119.35564326647567,199-D5-133
2016-03-01,,119.46030469798684,199-D5-133
2016-04-01,,119.38173268698006,199-D5-133
2016-05-01,,119.63116487935626,199-D5-133
2016-06-01,,119.72172538141487,199-D5-133
2016-07-01,,119.67627248322152,199-D5-133
2016-08-01,,119.65697449664427,199-D5-133
2016-09-01,,119.54080998613051,199-D5-133
2016-10-01,,119.28512348993283,199-D5-133
2016-11-01,,119.3584049930653,199-D5-133
2016-12-01,,119.51308042895401,199-D5-133
2017-01-01,,119.59039944521513,199-D5-133
2017-02-01,,119.69760237388749,199-D5-133
2017-03-01,,119.74550067114053,199-D5-133
2017-04-01,,119.86160887656044,199-D5-133
2017-05-01,,119.894749665328,199-D5-133
2017-06-01,,120.03295839112344,199-D5-133
2017-07-01,,120.16033959731537,199-D5-133
2017-08-01,,120.01207651006729,199-D5-133
2017-09-01,,119.73972954230307,199-D5-133
2017-10-01,,119.62987516778605,199-D5-133
2017-11-01,,119.5215276923077,199-D5-133
2017-12-01,,119.56369892473123,199-D5-133
2018-01-01,,119.50441772151922,199-D5-133
2018-02-01,,119.59325816485224,199-D5-133
2018-03-01,,119.67060435571679,199-D5-133
2018-04-01,,119.63750626959242,199-D5-133
2018-05-01,,119.79865503355751,199-D5-133
2018-06-01,,119.94025694444453,199-D5-133
2018-07-01,,119.96315167785247,199-D5-133
2018-08-01,,119.8276210045664,199-D5-133
2018-09-01,,119.63522302158259,199-D5-133
2018-10-01,,119.39740000000015,199-D5-133
2018-11-01,,119.21803174603183,199-D5-133
2018-12-01,,119.14818010752647,199-D5-133
2019-01-01,,119.09259139784965,199-D5-133
2019-02-01,,119.0008127786031,199-D5-133
2019-03-01,,118.90933914209081,199-D5-133
2019-04-01,,118.88982916666637,199-D5-133
2019-05-01,,118.98088590604047,199-D5-133
2019-06-01,,119.12676388888889,199-D5-133
2019-07-01,,119.1912319034851,199-D5-133
2019-08-01,,119.1388602150536,199-D5-133
2019-09-01,,119.04369166666659,199-D5-133
2019-10-01,,118.91295710455708,199-D5-133
2019-11-01,,118.94164355062343,199-D5-133
2019-12-01,,119.01010215053793,199-D5-133
2020-01-01,,119.01591397849415,199-D5-133
2020-02-01,,118.98855236728862,199-D5-133
2020-03-01,,119.09138120805376,199-D5-133
2020-04-01,,119.18077638888869,199-D5-133
2020-05-01,,119.21825403225803,199-D5-133
2020-06-01,,119.26929166666663,199-D5-133
2020-07-01,,119.01451747311825,199-D5-133
2020-08-01,,119.038241935484,199-D5-133
2020-09-01,,119.45162638888854,199-D5-133
2020-10-01,,119.22571140939644,199-D5-133
2020-11-01,,119.21349791955643,199-D5-133
2020-12-01,,119.17125134408604,199-D5-133
2021-01-01,,119.0761599462363,199-D5-133
2021-02-01,,119.13231649331333,199-D5-133
2021-03-01,,119.05294765100633,199-D5-133
2021-04-01,,118.96038055555582,199-D5-133
2021-05-01,,118.96123355704773,199-D5-133
2021-06-01,,118.95838888888845,199-D5-133
2021-07-01,,118.89660805369118,199-D5-133
2021-08-01,,118.79396908602176,199-D5-133
2021-09-01,,118.70135228848825,199-D5-133
2021-10-01,,118.72975973154377,199-D5-133
2021-11-01,,118.78600559440575,199-D5-133
2021-12-01,,118.7663830645156,199-D5-133
2022-01-01,,118.95953598774896,199-D5-133
2022-02-01,,118.96578751857365,199-D5-133
2022-03-01,,119.05637583892617,199-D5-133
2022-04-01,,119.08198129496388,199-D5-133
2022-05-01,,118.94124731182788,199-D5-133
2022-06-01,,119.05070555555574,199-D5-133
2022-07-01,,119.22936625514372,199-D5-133
2022-08-01,,119.36232123655948,199-D5-133
2022-09-01,,119.2495416666664,199-D5-133
2022-10-01,,119.09068322147634,199-D5-133
2022-11-01,,119.02931855955646,199-D5-133
2022-12-01,,119.05145746164591,199-D5-133
2023-01-01,,118.96626344086039,199-D5-133
2023-02-01,,118.93802823179767,199-D5-133
2023-03-01,,118.93956375838948,199-D5-133
2023-04-01,2160.0,118.51533724137936,199-D5-133
2023-05-01,2262.5,118.09491685393202,199-D5-133
2023-06-01,2298.5,117.99191507859192,199-D5-133
2023-07-01,2315.5,117.98028,199-D5-133
2023-08-01,2333.5,117.92736842105262,199-D5-133
2023-09-01,2431.5,117.87229608938549,199-D5-133
2023-10-01,2631.0,117.80494501357464,199-D5-133
2023-11-01,2743.5,117.769925,199-D5-133
2014-02-01,,118.62,199-D5-142
2014-03-01,,118.56200000000001,199-D5-142
2014-11-01,,118.96600000000001,199-D5-142
2015-02-01,,119.09,199-D5-142
2015-03-01,,119.118,199-D5-142
2015-05-01,,119.087,199-D5-142
2015-09-01,,119.03200000000001,199-D5-142
2015-11-01,,118.87100000000001,199-D5-142
2016-02-01,,118.845,199-D5-142
2016-03-01,,118.93700000000001,199-D5-142
2016-05-01,,119.117,199-D5-142
2016-11-01,,118.87799999999999,199-D5-142
2017-02-01,,119.137,199-D5-142
2017-03-01,,119.161,199-D5-142
2017-05-01,,119.406,199-D5-142
2017-11-01,,117.68700000000001,199-D5-142
2018-02-01,,119.07600000000001,199-D5-142
2018-03-01,,119.16799999999999,199-D5-142
2018-05-01,,119.307,199-D5-142
2018-11-01,,118.89399999999999,199-D5-142
2019-02-01,,118.62799999999999,199-D5-142
2019-03-01,,118.584,199-D5-142
2019-05-01,,118.59100000000001,199-D5-142
2019-11-01,,118.507,199-D5-142
2020-02-01,,118.568,199-D5-142
2020-03-01,,118.604,199-D5-142
2020-12-01,,118.77600000000001,199-D5-142
2021-02-01,,118.694,199-D5-142
2021-03-01,,118.71600000000001,199-D5-142
2021-06-01,,118.61399999999999,199-D5-142
2021-12-01,,118.427,199-D5-142
2022-03-01,,118.694,199-D5-142
2022-10-01,,118.734,199-D5-142
2023-03-01,,118.447,199-D5-142
2023-04-01,,118.294,199-D5-142
2023-06-01,,118.014,199-D5-142
2023-08-01,,117.885,199-D5-142
2014-01-01,,117.675,199-D5-145
2014-02-01,,117.78399999999999,199-D5-145
2014-03-01,,117.60600000000001,199-D5-145
2014-04-01,,117.606,199-D5-145
2014-05-01,,117.7885,199-D5-145
2014-06-01,,117.8985,199-D5-145
2014-07-01,,118.13050000000001,199-D5-145
2014-08-01,,118.2325,199-D5-145
2014-09-01,,118.096,199-D5-145
2014-10-01,,117.962,199-D5-145
2014-11-01,,117.744,199-D5-145
2014-12-01,,117.72200000000001,199-D5-145
2015-01-01,,117.726,199-D5-145
2015-02-01,,118.079,199-D5-145
2015-03-01,,118.105,199-D5-145
2015-04-01,,118.149,199-D5-145
2015-05-01,,118.06200000000001,199-D5-145
2015-06-01,,119.80799999999999,199-D5-145
2015-07-01,,117.991,199-D5-145
2015-08-01,,117.86200000000001,199-D5-145
2015-09-01,,117.809,199-D5-145
2015-10-01,,117.766,199-D5-145
2015-11-01,,117.65,199-D5-145
2015-12-01,,117.67399999999999,199-D5-145
2016-01-01,,117.66799999999999,199-D5-145
2016-02-01,,117.664,199-D5-145
2016-03-01,,117.679,199-D5-145
2016-04-01,,117.76,199-D5-145
2016-05-01,,117.773,199-D5-145
2016-06-01,,117.939,199-D5-145
2016-07-01,,118.00299999999999,199-D5-145
2016-11-01,,117.73899999999999,199-D5-145
2017-02-01,,118.01799999999999,199-D5-145
2017-05-01,,118.51799999999999,199-D5-145
2017-11-01,,117.844,199-D5-145
2018-02-01,,117.95,199-D5-145
2018-05-01,,118.01100000000001,199-D5-145
2018-11-01,,117.69200000000001,199-D5-145
2019-02-01,,117.552,199-D5-145
2019-05-01,,117.375,199-D5-145
2019-11-01,,117.15,199-D5-145
2020-02-01,,117.285,199-D5-145
2020-11-01,,117.56200000000001,199-D5-145
2021-02-01,,117.697,199-D5-145
2021-05-01,,117.57799999999999,199-D5-145
2021-11-01,,117.525,199-D5-145
2022-11-01,,117.92399999999999,199-D5-145
2023-04-01,,117.865,199-D5-145
2023-05-01,,117.88900000000001,199-D5-145
2023-06-01,,118.029,199-D5-145
2023-07-01,,117.94200000000001,199-D5-145
2023-08-01,,117.87100000000001,199-D5-145
2023-09-01,,117.792,199-D5-145
2014-01-01,,117.815,199-D5-146
2014-02-01,,117.899,199-D5-146
2014-03-01,,117.66149999999999,199-D5-146
2014-04-01,,117.70100000000001,199-D5-146
2023-05-01,12308.0,118.12583475689823,199-D5-146
2023-06-01,12459.5,118.24231753470852,199-D5-146
2023-07-01,12588.5,118.17392801050171,199-D5-146
2023-08-01,12686.5,118.11904139264618,199-D5-146
2023-09-01,12804.0,118.04972654267016,199-D5-146
2023-10-01,12980.0,117.91746248864001,199-D5-146
2016-05-01,,118.055,199-D5-149
2016-08-01,,118.038,199-D5-149
2016-11-01,,117.822,199-D5-149
2017-02-01,,118.15100000000001,199-D5-149
2017-05-01,,118.62100000000001,199-D5-149
2017-08-01,,118.66,199-D5-149
2017-11-01,,117.92399999999999,199-D5-149
2018-02-01,,118.09100000000001,199-D5-149
2018-05-01,,119.164,199-D5-149
2018-08-01,,118.305,199-D5-149
2018-10-01,,117.73899999999999,199-D5-149
2019-02-01,,117.58,199-D5-149
2019-05-01,,117.414,199-D5-149
2019-08-01,,117.464,199-D5-149
2019-11-01,,117.204,199-D5-149
2020-02-01,,117.366,199-D5-149
2020-08-01,,118.46799999999999,199-D5-149
2020-11-01,,117.611,199-D5-149
2021-02-01,,117.789,199-D5-149
2021-04-01,,117.119,199-D5-149
2021-08-01,,117.723,199-D5-149
2021-11-01,,117.461,199-D5-149
2022-11-01,,117.885,199-D5-149
2023-04-01,,117.804,199-D5-149
2023-05-01,,117.86500000000001,199-D5-149
2023-06-01,,117.988,199-D5-149
2023-07-01,,117.87200000000001,199-D5-149
2023-08-01,,117.811,199-D5-149
2023-09-01,,117.725,199-D5-149
2016-05-01,,118.585,199-D5-150
2016-09-01,,118.617,199-D5-150
2016-11-01,,118.384,199-D5-150
2017-02-01,,118.671,199-D5-150
2017-03-01,,118.712,199-D5-150
2017-05-01,,119.07600000000001,199-D5-150
2017-08-01,,119.197,199-D5-150
2017-11-01,,118.50200000000001,199-D5-150
2018-02-01,,118.565,199-D5-150
2018-05-01,,118.65700000000001,199-D5-150
2018-08-01,,118.874,199-D5-150
2018-11-01,,118.26700000000001,199-D5-150
2019-03-01,,118.027,199-D5-150
2019-05-01,,117.88799999999999,199-D5-150
2019-08-01,,118.016,199-D5-150
2019-11-01,,117.741,199-D5-150
2020-02-01,,117.863,199-D5-150
2020-08-01,,118.54299999999999,199-D5-150
2020-11-01,,118.15700000000001,199-D5-150
2021-02-01,,118.219,199-D5-150
2021-04-01,,118.12299999999999,199-D5-150
2021-08-01,,118.147,199-D5-150
2021-11-01,,117.90899999999999,199-D5-150
2022-11-01,,118.29799999999999,199-D5-150
2023-04-01,,118.05,199-D5-150
2023-05-01,,118.032,199-D5-150
2023-06-01,,118.08,199-D5-150
2023-07-01,,118.00299999999999,199-D5-150
2023-08-01,,117.934,199-D5-150
2023-09-01,,117.861,199-D5-150
2016-05-01,,118.214,199-D5-151
2016-06-01,,118.24799999999999,199-D5-151
2016-07-01,,118.307,199-D5-151
2016-10-01,,118.01700000000001,199-D5-151
2016-11-01,,118.025,199-D5-151
2016-12-01,,118.096,199-D5-151
2017-01-01,,118.30799999999999,199-D5-151
2017-02-01,,118.34100000000001,199-D5-151
2017-03-01,,118.365,199-D5-151
2017-04-01,,118.425,199-D5-151
2017-05-01,,118.62299999999999,199-D5-151
2017-06-01,,118.975,199-D5-151
2017-07-01,,119.066,199-D5-151
2017-08-01,,118.85799999999999,199-D5-151
2017-09-01,,118.67200000000001,199-D5-151
2017-11-01,,118.149,199-D5-151
2018-02-01,,118.23,199-D5-151
2018-05-01,,118.314,199-D5-151
2018-10-01,,118.0,199-D5-151
2019-03-01,,117.74700000000001,199-D5-151
2019-05-01,,117.588,199-D5-151
2019-10-01,,117.42399999999999,199-D5-151
2020-02-01,,117.50399999999999,199-D5-151
2020-11-01,,117.82700000000001,199-D5-151
2021-02-01,,117.93299999999999,199-D5-151
2021-05-01,,117.82799999999999,199-D5-151
2021-11-01,,117.685,199-D5-151
2023-05-01,13163.5,118.37321287299764,199-D5-151
2023-06-01,13303.5,118.43701067770186,199-D5-151
2023-07-01,13419.0,118.40445409192726,199-D5-151
2023-08-01,13534.0,118.33507388922573,199-D5-151
2023-09-01,13696.0,117.87188285640188,199-D5-151
2023-10-01,13896.5,117.8825241768516,199-D5-151
2016-05-01,,118.369,199-D5-152
2016-06-01,,118.436,199-D5-152
2016-07-01,,118.473,199-D5-152
2016-10-01,,118.18299999999999,199-D5-152
2016-11-01,,118.19200000000001,199-D5-152
2016-12-01,,118.262,199-D5-152
2017-01-01,,118.45299999999999,199-D5-152
2017-02-01,,118.49700000000001,199-D5-152
2017-03-01,,118.51799999999999,199-D5-152
2017-04-01,,118.575,199-D5-152
2017-05-01,,118.766,199-D5-152
2017-06-01,,119.11399999999999,199-D5-152
2017-08-01,,119.027,199-D5-152
2017-09-01,,118.79899999999999,199-D5-152
2017-11-01,,118.307,199-D5-152
2018-02-01,,118.348,199-D5-152
2018-05-01,,118.432,199-D5-152
2018-10-01,,118.169,199-D5-152
2019-02-01,,117.895,199-D5-152
2019-05-01,,117.729,199-D5-152
2019-10-01,,117.59200000000001,199-D5-152
2020-02-01,,117.69,199-D5-152
2020-11-01,,117.977,199-D5-152
2021-02-01,,118.054,199-D5-152
2021-05-01,,117.956,199-D5-152
2021-11-01,,117.84700000000001,199-D5-152
2022-11-01,,118.241,199-D5-152
2023-04-01,,118.054,199-D5-152
2023-05-01,,118.01299999999999,199-D5-152
2023-06-01,,118.109,199-D5-152
2023-07-01,,118.04,199-D5-152
2023-08-01,,117.978,199-D5-152
2023-09-01,,117.913,199-D5-152
2016-10-01,,119.01299999999999,199-D5-160
2017-02-01,,119.274,199-D5-160
2017-03-01,,119.35900000000001,199-D5-160
2017-04-01,,119.415,199-D5-160
2017-05-01,,119.531,199-D5-160
2017-06-01,,119.684,199-D5-160
2017-07-01,,119.84100000000001,199-D5-160
2017-08-01,,120.40100000000001,199-D5-160
2017-09-01,,119.381,199-D5-160
2017-10-01,,119.34700000000001,199-D5-160
2017-11-01,,119.22399999999999,199-D5-160
2017-12-01,,118.90799999999999,199-D5-160
2018-01-01,,119.133,199-D5-160
2018-02-01,,119.178,199-D5-160
2018-03-01,,119.27600000000001,199-D5-160
2018-04-01,,119.219,199-D5-160
2018-05-01,,119.35799999999999,199-D5-160
2018-06-01,,119.641,199-D5-160
2018-07-01,,119.60799999999999,199-D5-160
2018-08-01,,119.506,199-D5-160
2018-09-01,,119.05799999999999,199-D5-160
2018-11-01,,118.609,199-D5-160
2019-03-01,,118.32063055062162,199-D5-160
2019-04-01,,118.30243888888874,199-D5-160
2019-05-01,,118.31872214765127,199-D5-160
2019-06-01,,118.44514583333343,199-D5-160
2019-07-01,,118.51033691275143,199-D5-160
2019-08-01,,118.48374059139812,199-D5-160
2019-09-01,,118.41759722222238,199-D5-160
2019-10-01,,118.29444758064527,199-D5-160
2019-11-01,,118.25854861111111,199-D5-160
2019-12-01,,118.31588037634408,199-D5-160
2020-01-01,,118.32657526881712,199-D5-160
2020-02-01,,118.35980316092008,199-D5-160
2020-03-01,,118.47400806451604,199-D5-160
2020-04-01,,118.59843333333365,199-D5-160
2020-05-01,,118.66308333333289,199-D5-160
2020-06-01,,118.69877500000028,199-D5-160
2020-07-01,,118.91133198924759,199-D5-160
2020-08-01,,118.74612768817195,199-D5-160
2020-09-01,,118.84433472222253,199-D5-160
2020-10-01,,118.74163172043,199-D5-160
2020-11-01,,118.69082524271842,199-D5-160
2020-12-01,,118.68350806451595,199-D5-160
2021-01-01,,118.65329166666669,199-D5-160
2021-02-01,,118.61523214285751,199-D5-160
2021-03-01,,118.59927956989267,199-D5-160
2021-04-01,,118.57962413314868,199-D5-160
2021-05-01,,118.50847902571024,199-D5-160
2021-06-01,,118.55771527777759,199-D5-160
2021-07-01,,118.56873252688155,199-D5-160
2021-08-01,,118.43447446236576,199-D5-160
2021-09-01,,118.29552427184507,199-D5-160
2021-10-01,,118.26521774193498,199-D5-160
2021-11-01,,118.27997780859937,199-D5-160
2021-12-01,,118.28066666666675,199-D5-160
2022-01-01,,118.45205510752702,199-D5-160
2022-02-01,,118.51736701337289,199-D5-160
2022-03-01,,118.60293279569937,199-D5-160
2022-04-01,,118.67536388888932,199-D5-160
2022-05-01,,118.60937231182835,199-D5-160
2022-06-01,,118.69526805555564,199-D5-160
2022-07-01,,118.8497185792347,199-D5-160
2022-08-01,,118.97136155914062,199-D5-160
2022-09-01,,118.90802499999985,199-D5-160
2022-10-01,,118.78817069892418,199-D5-160
2022-11-01,,118.72005138888927,199-D5-160
2022-12-01,,118.75727150537708,199-D5-160
2023-01-01,,118.69486021505413,199-D5-160
2023-02-01,,118.66835809806763,199-D5-160
2023-03-01,,118.70573544973557,199-D5-160
2023-04-01,,118.42730136986312,199-D5-160
2023-05-01,14182.5,118.21605708775101,199-D5-160
2023-06-01,14503.5,118.1091630990174,199-D5-160
2023-07-01,14786.0,118.05118950724693,199-D5-160
2023-08-01,15069.0,117.9886511360988,199-D5-160
2023-09-01,15383.5,117.72043344745933,199-D5-160
2023-10-01,15729.5,117.67520513844214,199-D5-160
