DATE,Water Level (m),ID
2014-02-01,114.994,199-H3-10
2014-03-01,114.98100000000001,199-H3-10
2014-05-01,115.473,199-H3-10
2014-08-01,115.884,199-H3-10
2014-10-01,115.29,199-H3-10
2014-11-01,115.332220812183,199-H3-10
2014-12-01,115.30661155698242,199-H3-10
2015-01-01,115.43652583586636,199-H3-10
2015-02-01,115.5440980683504,199-H3-10
2015-03-01,115.61928993288565,199-H3-10
2015-04-01,115.55625972222217,199-H3-10
2015-05-01,115.38384005376308,199-H3-10
2015-06-01,115.26416527777789,199-H3-10
2015-07-01,114.97282795698936,199-H3-10
2015-08-01,114.78114919354837,199-H3-10
2015-11-01,114.43916138328534,199-H3-10
2015-12-01,114.43388172043011,199-H3-10
2016-01-01,114.4317993019196,199-H3-10
2016-02-01,114.5198653465346,199-H3-10
2016-03-01,114.6950090987225,199-H3-10
2016-04-01,114.60786129779896,199-H3-10
2016-05-01,114.97540002245152,199-H3-10
2016-06-01,114.9129365429363,199-H3-10
2016-07-01,114.84238232328832,199-H3-10
2016-08-01,114.68562248696934,199-H3-10
2016-09-01,114.63129707112958,199-H3-10
2016-10-01,114.53019354838685,199-H3-10
2016-11-01,114.5913008474578,199-H3-10
2016-12-01,114.63104435483883,199-H3-10
2017-01-01,114.76050427350445,199-H3-10
2017-02-01,114.79868898809511,199-H3-10
2017-03-01,114.84783626522326,199-H3-10
2017-04-01,115.339690277778,199-H3-10
2017-05-01,115.66825940860224,199-H3-10
2017-06-01,115.99579334257983,199-H3-10
2017-07-01,115.54377986577208,199-H3-10
2017-08-01,115.53070833333383,199-H3-10
2017-09-01,115.4590680555552,199-H3-10
2017-10-01,114.70147114093959,199-H3-10
2017-11-01,114.60440055632836,199-H3-10
2017-12-01,114.5933236994219,199-H3-10
2018-01-01,114.66418994413412,199-H3-10
2018-02-01,114.79440922619034,199-H3-10
2018-03-01,114.89871409395958,199-H3-10
2018-04-01,114.68371944444443,199-H3-10
2018-05-01,115.12055779569906,199-H3-10
2018-06-01,115.5607097222222,199-H3-10
2018-07-01,115.13641879194618,199-H3-10
2018-08-01,115.10957661290337,199-H3-10
2018-09-01,114.68737799717911,199-H3-10
2018-10-01,114.45129624664854,199-H3-10
2018-11-01,114.37682570422551,199-H3-10
2018-12-01,114.30766078431392,199-H3-10
2019-01-01,114.24752355316288,199-H3-10
2019-02-01,114.22280059523816,199-H3-10
2019-03-01,114.33032885906003,199-H3-10
2019-04-01,114.11754999999995,199-H3-10
2019-05-01,114.3451411290324,199-H3-10
2019-06-01,114.37631527777778,199-H3-10
2019-07-01,114.28413672922242,199-H3-10
2019-08-01,114.13837768817164,199-H3-10
2019-09-01,114.01929583333349,199-H3-10
2019-10-01,114.11786185222593,199-H3-10
2019-11-01,113.88460389159137,199-H3-10
2019-12-01,113.90804637096761,199-H3-10
2020-01-01,114.19300067204276,199-H3-10
2020-02-01,114.45737104885079,199-H3-10
2020-03-01,114.42587537789746,199-H3-10
2020-04-01,114.40617048611095,199-H3-10
2020-05-01,114.61655141129096,199-H3-10
2020-06-01,115.1174298611122,199-H3-10
2020-07-01,115.44944959677565,199-H3-10
2020-08-01,114.87914986559112,199-H3-10
2020-09-01,114.54336284722228,199-H3-10
2020-10-01,114.3000480510755,199-H3-10
2020-11-01,114.21482759819229,199-H3-10
2020-12-01,114.20246807795789,199-H3-10
2021-01-01,114.22612987886937,199-H3-10
2021-02-01,114.33626078869044,199-H3-10
2021-03-01,114.19937247644697,199-H3-10
2021-04-01,114.04739832869072,199-H3-10
2021-05-01,114.11512741443647,199-H3-10
2021-06-01,114.31022790535789,199-H3-10
2021-07-01,114.36464213709749,199-H3-10
2021-08-01,114.4025991263435,199-H3-10
2021-09-01,114.40228174235403,199-H3-10
2021-10-01,114.39631094694404,199-H3-10
2021-11-01,114.43454548611263,199-H3-10
2021-12-01,114.35097402597398,199-H3-10
2022-01-01,114.39875353016629,199-H3-10
2022-02-01,114.41629411764706,199-H3-10
2022-03-01,114.55799999999999,199-H3-10
2022-07-01,115.66799999999999,199-H3-10
2022-09-01,115.21132282003542,199-H3-10
2022-10-01,115.02612999664079,199-H3-10
2022-11-01,114.88737678136995,199-H3-10
2022-12-01,114.92055043712078,199-H3-10
2023-01-01,114.86234601376137,199-H3-10
2023-02-01,114.84426413690493,199-H3-10
2023-03-01,114.6880634867338,199-H3-10
2023-04-01,114.54834652777839,199-H3-10
2023-05-01,114.65421370967887,199-H3-10
2023-06-01,114.83459076709383,199-H3-10
2023-07-01,114.655,199-H3-10
2019-04-01,114.5,199-H3-12
2019-05-01,114.8204585152836,199-H3-12
2019-06-01,114.74396805555543,199-H3-12
2019-07-01,114.13635302013425,199-H3-12
2019-08-01,113.42839731543619,199-H3-12
2019-09-01,113.07243472222247,199-H3-12
2019-10-01,113.36850110618559,199-H3-12
2019-11-01,112.91891348158504,199-H3-12
2019-12-01,112.96235013440797,199-H3-12
2020-01-01,113.13528091397835,199-H3-12
2020-02-01,113.63697274709253,199-H3-12
2020-03-01,113.56132770840448,199-H3-12
2020-04-01,113.20075763888768,199-H3-12
2020-05-01,113.99938071236599,199-H3-12
2020-06-01,114.65179236111143,199-H3-12
2020-07-01,114.8957795698929,199-H3-12
2020-08-01,114.28712677966097,199-H3-12
2020-09-01,113.4590930555552,199-H3-12
2020-10-01,113.17026671145501,199-H3-12
2020-11-01,113.24724027777741,199-H3-12
2020-12-01,113.21829838709685,199-H3-12
2021-01-01,113.33325598650882,199-H3-12
2021-02-01,113.50162202380905,199-H3-12
2021-03-01,113.1270135089496,199-H3-12
2021-04-01,112.96273932820169,199-H3-12
2021-05-01,113.51259261767642,199-H3-12
2021-06-01,113.64582868108877,199-H3-12
2021-07-01,113.72561740006671,199-H3-12
2021-08-01,113.54825235215016,199-H3-12
2021-09-01,113.29605381944397,199-H3-12
2021-10-01,113.13572867696425,199-H3-12
2021-11-01,113.1374850694442,199-H3-12
2021-12-01,113.43736055107537,199-H3-12
2022-01-01,113.72087958291364,199-H3-12
2022-02-01,113.66353886203,199-H3-12
2022-03-01,113.6374000671816,199-H3-12
2022-04-01,113.37157361111076,199-H3-12
2022-05-01,113.70875327731078,199-H3-12
2022-06-01,114.82048888888853,199-H3-12
2022-07-01,115.19197234551089,199-H3-12
2022-08-01,114.87821595925281,199-H3-12
2022-09-01,114.20600088770442,199-H3-12
2022-10-01,113.94763359148054,199-H3-12
2022-11-01,113.92115365612608,199-H3-12
2022-12-01,113.94955524475458,199-H3-12
2023-01-01,114.00404000000029,199-H3-12
2023-02-01,114.07543058197028,199-H3-12
2023-03-01,113.95738750839406,199-H3-12
2023-04-01,113.64223298611212,199-H3-12
2023-05-01,114.3490174731181,199-H3-12
2023-06-01,114.26146338077079,199-H3-12
2023-07-01,113.67200000000001,199-H3-12
2019-04-01,114.633,199-H3-13
2019-05-01,115.00195189504366,199-H3-13
2019-06-01,114.75614444444436,199-H3-13
2019-07-01,113.95272348993262,199-H3-13
2019-08-01,113.42032573726549,199-H3-13
2019-09-01,112.90317638888887,199-H3-13
2019-10-01,113.16246794060984,199-H3-13
2019-11-01,112.86552031955505,199-H3-13
2019-12-01,112.90244590053729,199-H3-13
2020-01-01,113.01343447580601,199-H3-13
2020-02-01,113.54361041292637,199-H3-13
2020-03-01,113.36180651662677,199-H3-13
2020-04-01,112.9378850694438,199-H3-13
2020-05-01,114.03503024193544,199-H3-13
2020-06-01,114.67933159722209,199-H3-13
2020-07-01,114.76358434139837,199-H3-13
2020-08-01,114.1076583809202,199-H3-13
2020-09-01,113.1966517361109,199-H3-13
2020-10-01,112.9413103795765,199-H3-13
2020-11-01,113.17408368055563,199-H3-13
2020-12-01,113.10382762096744,199-H3-13
2021-01-01,113.28685613207514,199-H3-13
2021-02-01,113.42950409226138,199-H3-13
2021-03-01,112.89317239057245,199-H3-13
2021-04-01,112.78847534102806,199-H3-13
2021-05-01,113.51194183293833,199-H3-13
2021-06-01,113.67383867595764,199-H3-13
2021-07-01,113.63373228081916,199-H3-13
2021-08-01,113.40087437017202,199-H3-13
2021-09-01,113.05319513888816,199-H3-13
2021-10-01,112.89621927468056,199-H3-13
2021-11-01,113.00964144394301,199-H3-13
2021-12-01,113.49870766128983,199-H3-13
2022-01-01,113.8171577769485,199-H3-13
2022-02-01,113.61712495351395,199-H3-13
2022-03-01,113.48325629828702,199-H3-13
2022-04-01,113.18140069444418,199-H3-13
2022-05-01,113.66600739247335,199-H3-13
2022-06-01,114.95436388888922,199-H3-13
2022-07-01,115.0492523045406,199-H3-13
2022-08-01,114.67738071236442,199-H3-13
2022-09-01,113.89655555555532,199-H3-13
2022-10-01,113.59594121598965,199-H3-13
2022-11-01,113.70202173913009,199-H3-13
2022-12-01,113.7132247540135,199-H3-13
2023-01-01,113.73599119911977,199-H3-13
2023-02-01,113.84756026785672,199-H3-13
2023-03-01,113.67591000671555,199-H3-13
2023-04-01,113.31636805555468,199-H3-13
2023-05-01,114.42115025210052,199-H3-13
2023-06-01,114.04448559527924,199-H3-13
2023-07-01,113.855,199-H3-13
2022-10-01,116.35361974310928,199-H3-25
2022-11-01,115.92902136572226,199-H3-25
2022-12-01,116.16576631897094,199-H3-25
2023-01-01,116.10032740832831,199-H3-25
2023-02-01,116.51698837842129,199-H3-25
2023-03-01,115.92134515670314,199-H3-25
2023-04-01,115.7896412982882,199-H3-25
2023-05-01,115.9993181816,199-H3-25
2023-06-01,116.18209120127902,199-H3-25
2023-07-01,115.99413913084378,199-H3-25
2023-08-01,115.92687701810685,199-H3-25
2023-09-01,115.84593182055652,199-H3-25
2023-10-01,115.71039667660689,199-H3-25
2022-10-01,116.30593033124705,199-H3-26
2022-11-01,116.18473633306934,199-H3-26
2022-12-01,116.12600294016386,199-H3-26
2023-01-01,116.05949620017223,199-H3-26
2023-02-01,116.01535164283543,199-H3-26
2023-03-01,115.95712580685459,199-H3-26
2023-04-01,115.82388400716766,199-H3-26
2023-05-01,115.91224034573007,199-H3-26
2023-06-01,116.21221209358906,199-H3-26
2023-07-01,116.02934565490189,199-H3-26
2023-08-01,115.96327136445586,199-H3-26
2023-09-01,115.87941105182662,199-H3-26
2023-10-01,115.76105666654878,199-H3-26
2022-10-01,115.264,199-H3-27
2022-12-01,115.344,199-H3-27
2023-02-01,114.89879195207257,199-H3-27
2023-03-01,114.85512463397863,199-H3-27
2023-04-01,114.7318939242696,199-H3-27
2023-05-01,114.82309243611905,199-H3-27
2023-06-01,115.1377885255964,199-H3-27
2023-07-01,114.94272982768189,199-H3-27
2023-08-01,114.86954272307854,199-H3-27
2023-09-01,114.77739965315784,199-H3-27
2023-10-01,114.649780212486,199-H3-27
2014-03-01,115.7355,199-H3-2A
2014-05-01,116.506,199-H3-2A
2014-06-01,116.54,199-H3-2A
2014-09-01,116.23299999999999,199-H3-2A
2014-10-01,115.898,199-H3-2A
2014-12-01,115.76700000000001,199-H3-2A
2015-03-01,116.10549999999999,199-H3-2A
2015-05-01,115.8605,199-H3-2A
2015-09-01,115.016,199-H3-2A
2015-12-01,114.848,199-H3-2A
2016-03-01,114.87349999999999,199-H3-2A
2016-05-01,115.22200000000001,199-H3-2A
2016-06-01,115.219,199-H3-2A
2016-10-01,114.853,199-H3-2A
2016-11-01,114.905,199-H3-2A
2017-02-01,115.166,199-H3-2A
2017-03-01,114.85700000000001,199-H3-2A
2017-05-01,115.892,199-H3-2A
2017-10-01,115.259,199-H3-2A
2017-11-01,115.069,199-H3-2A
2018-02-01,115.117,199-H3-2A
2018-03-01,115.305,199-H3-2A
2018-05-01,115.238,199-H3-2A
2018-10-01,115.116,199-H3-2A
2019-02-01,114.95200000000001,199-H3-2A
2019-03-01,114.977,199-H3-2A
2019-05-01,114.926,199-H3-2A
2019-11-01,114.618,199-H3-2A
2020-02-01,114.75,199-H3-2A
2020-03-01,114.833,199-H3-2A
2020-12-01,114.853,199-H3-2A
2021-02-01,114.96700000000001,199-H3-2A
2021-03-01,114.92399999999999,199-H3-2A
2021-05-01,114.792,199-H3-2A
2021-11-01,114.82600000000001,199-H3-2A
2022-03-01,115.223,199-H3-2A
2022-10-01,115.46083712676045,199-H3-2A
2022-11-01,115.40763355886278,199-H3-2A
2022-12-01,115.36339656992125,199-H3-2A
2023-01-01,115.29975192227975,199-H3-2A
2023-02-01,115.25408510324553,199-H3-2A
2023-03-01,115.20078733764566,199-H3-2A
2023-04-01,115.07766148908865,199-H3-2A
2023-05-01,115.18021281094539,199-H3-2A
2023-06-01,115.47572320656639,199-H3-2A
2023-08-01,115.225,199-H3-2A
2023-10-01,114.97971197183098,199-H3-2A
2018-05-01,117.67123243243245,199-H3-30
2018-06-01,116.5034263888889,199-H3-30
2018-07-01,115.5810725806453,199-H3-30
2018-08-01,115.20327822580656,199-H3-30
2018-09-01,114.58718562874242,199-H3-30
2018-10-01,114.44438661710034,199-H3-30
2018-11-01,114.87692361111107,199-H3-30
2018-12-01,114.74842416107384,199-H3-30
2019-01-01,114.78532123655911,199-H3-30
2019-02-01,114.77373511904761,199-H3-30
2019-03-01,114.57641350906098,199-H3-30
2019-04-01,114.76577108433726,199-H3-30
2019-05-01,115.46001344086018,199-H3-30
2019-06-01,115.2506805555555,199-H3-30
2019-07-01,114.7773847184985,199-H3-30
2019-08-01,114.75972751677872,199-H3-30
2019-09-01,114.49834459459466,199-H3-30
2019-10-01,113.99475067307085,199-H3-30
2019-11-01,114.56956249999986,199-H3-30
2019-12-01,114.52758736559102,199-H3-30
2020-01-01,114.69132492431906,199-H3-30
2020-02-01,115.04226149425284,199-H3-30
2020-03-01,114.5745159556596,199-H3-30
2020-04-01,114.42605034722197,199-H3-30
2020-05-01,115.86900739247244,199-H3-30
2020-06-01,116.44715694444446,199-H3-30
2020-07-01,115.95277023849526,199-H3-30
2020-08-01,115.29999865591408,199-H3-30
2020-09-01,114.53082708333334,199-H3-30
2020-10-01,114.35879563025162,199-H3-30
2020-11-01,114.87805243055571,199-H3-30
2020-12-01,114.78486458333334,199-H3-30
2021-01-01,115.02172113064464,199-H3-30
2021-02-01,115.04327827380968,199-H3-30
2021-03-01,114.21915552569659,199-H3-30
2021-04-01,114.25061319444475,199-H3-30
2021-05-01,115.09981888440858,199-H3-30
2021-06-01,115.49087916666659,199-H3-30
2021-07-01,115.08587306917427,199-H3-30
2021-08-01,114.78255376344069,199-H3-30
2021-09-01,114.21483159722214,199-H3-30
2021-10-01,114.07483803763436,199-H3-30
2021-11-01,114.53301493055557,199-H3-30
2021-12-01,115.19805309139788,199-H3-30
2022-01-01,115.37645643153503,199-H3-30
2022-02-01,115.22079613095246,199-H3-30
2022-03-01,114.89526973463207,199-H3-30
2022-04-01,114.57332673611103,199-H3-30
2022-05-01,115.17889751344073,199-H3-30
2022-06-01,116.65197048611157,199-H3-30
2022-07-01,116.29786787299408,199-H3-30
2022-08-01,115.61265490591401,199-H3-30
2022-09-01,114.71345659722235,199-H3-30
2022-10-01,114.33565131136534,199-H3-30
2022-11-01,114.8563156537755,199-H3-30
2022-12-01,114.7929789413774,199-H3-30
2023-01-01,114.62303885567903,199-H3-30
2023-02-01,114.70056770833294,199-H3-30
2023-03-01,114.3789452652784,199-H3-30
2023-04-01,114.0832501737311,199-H3-30
2023-05-01,115.79163608870954,199-H3-30
2023-06-01,114.999104477612,199-H3-30
2023-07-01,114.899,199-H3-30
2019-04-01,115.01700000000001,199-H3-32
2019-05-01,115.34622886297386,199-H3-32
2019-06-01,115.26057777777791,199-H3-32
2019-07-01,114.92625503355708,199-H3-32
2019-08-01,114.88993029490625,199-H3-32
2019-09-01,114.51051666666679,199-H3-32
2019-10-01,114.3642888867995,199-H3-32
2019-11-01,114.62355679055271,199-H3-32
2019-12-01,114.62735719085977,199-H3-32
2020-01-01,114.7506696908599,199-H3-32
2020-02-01,115.06195867768605,199-H3-32
2020-03-01,114.8132458851196,199-H3-32
2020-04-01,114.66076145833382,199-H3-32
2020-05-01,115.70869657258085,199-H3-32
2020-06-01,116.3233861111106,199-H3-32
2020-07-01,115.98644119623634,199-H3-32
2020-08-01,115.40369186827951,199-H3-32
2020-09-01,114.85504374999988,199-H3-32
2020-10-01,114.6292653678203,199-H3-32
2020-11-01,114.92471299513545,199-H3-32
2020-12-01,114.83930477150487,199-H3-32
2021-01-01,115.03226041666692,199-H3-32
2021-02-01,115.1018252138343,199-H3-32
2021-03-01,114.58281625797747,199-H3-32
2021-04-01,114.44619618055582,199-H3-32
2021-05-01,115.03553494623624,199-H3-32
2021-06-01,115.39567256944483,199-H3-32
2021-07-01,115.15297984548188,199-H3-32
2021-08-01,114.95130040322604,199-H3-32
2021-09-01,114.6197083333339,199-H3-32
2021-10-01,114.42739926124842,199-H3-32
2021-11-01,114.65914097222218,199-H3-32
2021-12-01,115.10613676075211,199-H3-32
2022-01-01,115.29712567204318,199-H3-32
2022-02-01,115.23411342506482,199-H3-32
2022-03-01,115.05850117567977,199-H3-32
2022-04-01,114.78292951388887,199-H3-32
2022-05-01,115.16684716157165,199-H3-32
2022-06-01,116.47380069444502,199-H3-32
2022-07-01,116.39956162512797,199-H3-32
2022-08-01,115.76086391128987,199-H3-32
2022-09-01,115.10889305555644,199-H3-32
2022-10-01,114.76005811219316,199-H3-32
2022-11-01,115.04291736111122,199-H3-32
2022-12-01,114.99980890052377,199-H3-32
2023-01-01,114.83563318777308,199-H3-32
2023-02-01,114.86934784226263,199-H3-32
2023-03-01,114.69171994627209,199-H3-32
2023-04-01,114.39723854166513,199-H3-32
2023-05-01,115.57299899193538,199-H3-32
2023-06-01,115.15742103436313,199-H3-32
2023-07-01,114.88600000000001,199-H3-32
2014-02-01,114.479,199-H4-12A
2014-05-01,116.113,199-H4-12A
2014-08-01,115.81200000000001,199-H4-12A
2014-11-01,114.82600000000001,199-H4-12A
2015-02-01,115.671,199-H4-12A
2015-05-01,115.25,199-H4-12A
2015-08-01,115.186,199-H4-12A
2015-12-01,115.006,199-H4-12A
2016-02-01,115.18799999999999,199-H4-12A
2016-05-01,115.919,199-H4-12A
2016-08-01,115.189,199-H4-12A
2017-02-01,115.35,199-H4-12A
2017-05-01,116.37,199-H4-12A
2017-07-01,115.21,199-H4-12A
2017-10-01,114.493,199-H4-12A
2017-11-01,114.118,199-H4-12A
2018-02-01,115.74799999999999,199-H4-12A
2018-05-01,116.964,199-H4-12A
2018-10-01,114.561,199-H4-12A
2019-02-01,114.86399999999999,199-H4-12A
2019-05-01,115.595,199-H4-12A
2019-11-01,115.17399999999999,199-H4-12A
2020-02-01,115.54899999999999,199-H4-12A
2020-11-01,115.32700000000001,199-H4-12A
2021-02-01,115.368,199-H4-12A
2021-05-01,115.986,199-H4-12A
2021-11-01,114.89750000000001,199-H4-12A
2022-05-01,115.775,199-H4-12A
2022-10-01,113.5925,199-H4-12A
2022-11-01,115.63799999999999,199-H4-12A
2022-12-01,115.01,199-H4-12A
2023-01-01,114.286,199-H4-12A
2023-02-01,114.671,199-H4-12A
2023-03-01,114.346,199-H4-12A
2023-04-01,113.575,199-H4-12A
2023-05-01,113.50299999999999,199-H4-12A
2023-06-01,114.945,199-H4-12A
2023-07-01,114.811,199-H4-12A
2023-08-01,114.572,199-H4-12A
2023-09-01,113.84299999999999,199-H4-12A
2022-12-01,114.76299999999999,199-H4-15A
2023-01-01,114.382,199-H4-15A
2023-02-01,114.77600000000001,199-H4-15A
2023-03-01,114.191,199-H4-15A
2023-04-01,113.734,199-H4-15A
2023-05-01,113.6,199-H4-15A
2023-06-01,115.37,199-H4-15A
2023-07-01,114.867,199-H4-15A
2023-08-01,114.63600000000001,199-H4-15A
2023-09-01,114.03399999999999,199-H4-15A
2022-10-01,114.98376332083238,199-H4-17
2022-11-01,115.1275106799509,199-H4-17
2022-12-01,115.95683442391179,199-H4-17
2023-01-01,115.10333568814592,199-H4-17
2023-02-01,114.99340175789443,199-H4-17
2023-03-01,114.90033693649242,199-H4-17
2023-04-01,114.74523067317946,199-H4-17
2023-05-01,114.60631989117228,199-H4-17
2023-06-01,114.72088000360301,199-H4-17
2023-07-01,114.87442988577556,199-H4-17
2023-08-01,115.1296659038895,199-H4-17
2023-09-01,115.13049715717378,199-H4-17
2023-10-01,115.11956635108359,199-H4-17
2022-10-01,114.7,199-H4-18
2022-12-01,114.8445,199-H4-18
2023-02-01,114.775,199-H4-18
2023-04-01,114.42200000000001,199-H4-18
2023-06-01,115.35600000000001,199-H4-18
2023-08-01,114.895,199-H4-18
2022-10-01,114.93058132816078,199-H4-4
2022-11-01,115.46400337504966,199-H4-4
2022-12-01,115.36357733069823,199-H4-4
2023-01-01,115.06459584823428,199-H4-4
2023-02-01,115.18774421629533,199-H4-4
2023-03-01,114.95569463064695,199-H4-4
2023-04-01,114.93076204806464,199-H4-4
2023-05-01,116.76276760908172,199-H4-4
2023-06-01,115.49064655296006,199-H4-4
2023-07-01,115.32891795242661,199-H4-4
2023-08-01,115.41338091057234,199-H4-4
2023-09-01,114.95742865873024,199-H4-4
2023-10-01,114.93661248522977,199-H4-4
2014-01-01,114.97886513629855,199-H4-5
2014-02-01,114.71854761904748,199-H4-5
2014-03-01,115.34108862876255,199-H4-5
2014-04-01,115.71954583921007,199-H4-5
2014-05-01,116.5294462365591,199-H4-5
2014-06-01,116.49697780859933,199-H4-5
2014-07-01,116.18723924731204,199-H4-5
2014-08-01,115.53474731182784,199-H4-5
2014-09-01,114.86156449375892,199-H4-5
2014-10-01,114.67011424731187,199-H4-5
2014-11-01,115.0618340611352,199-H4-5
2014-12-01,115.29064530551405,199-H4-5
2015-01-01,115.6640357142857,199-H4-5
2015-02-01,115.91667756314988,199-H4-5
2015-03-01,115.72615973154369,199-H4-5
2015-04-01,115.42489305555559,199-H4-5
2015-05-01,115.28849327956989,199-H4-5
2015-06-01,115.31508876560338,199-H4-5
2015-07-01,115.20079435483869,199-H4-5
2015-08-01,115.28438389261743,199-H4-5
2015-09-01,114.72645833333326,199-H4-5
2015-10-01,114.56174965034971,199-H4-5
2015-11-01,114.85809027777783,199-H4-5
2015-12-01,114.8726253602305,199-H4-5
2016-01-01,114.92098307692305,199-H4-5
2016-02-01,114.99482057807583,199-H4-5
2016-03-01,115.0897509970873,199-H4-5
2016-04-01,115.70337592592534,199-H4-5
2016-05-01,115.69299619175733,199-H4-5
2016-06-01,115.43880187478375,199-H4-5
2016-07-01,115.1894634856633,199-H4-5
2016-08-01,115.07682538082112,199-H4-5
2016-09-01,114.63112164352084,199-H4-5
2016-10-01,114.5726183901293,199-H4-5
2016-12-01,115.13,199-H4-5
2017-01-01,115.33022977346259,199-H4-5
2017-02-01,115.35192894345296,199-H4-5
2017-03-01,115.87547765707333,199-H4-5
2017-04-01,116.95790174748355,199-H4-5
2017-05-01,117.3094171570848,199-H4-5
2017-06-01,116.96308517887567,199-H4-5
2017-07-01,115.68771677852367,199-H4-5
2017-08-01,115.09630913978499,199-H4-5
2017-09-01,114.82805972222208,199-H4-5
2017-10-01,114.40403087248316,199-H4-5
2017-11-01,114.57081105990788,199-H4-5
2017-12-01,114.8442341597796,199-H4-5
2018-01-01,115.27825920471281,199-H4-5
2018-02-01,115.78566666666663,199-H4-5
2018-03-01,115.41828322147661,199-H4-5
2018-04-01,115.60020138888896,199-H4-5
2018-05-01,117.78179569892491,199-H4-5
2018-06-01,116.54313194444444,199-H4-5
2018-07-01,115.6267126654064,199-H4-5
2018-08-01,115.20721908602152,199-H4-5
2018-09-01,114.58210000000007,199-H4-5
2018-10-01,114.36850469798671,199-H4-5
2018-11-01,114.90394542253533,199-H4-5
2018-12-01,114.7394332129964,199-H4-5
2019-01-01,114.81982526881718,199-H4-5
2019-02-01,114.81835416666672,199-H4-5
2019-03-01,114.63811394101884,199-H4-5
2019-04-01,114.4041680555555,199-H4-5
2019-05-01,115.52173790322574,199-H4-5
2019-06-01,115.4067722222222,199-H4-5
2019-07-01,114.84285637583889,199-H4-5
2019-08-01,114.91439731543622,199-H4-5
2019-09-01,114.30578194444445,199-H4-5
2019-10-01,113.95575737265415,199-H4-5
2019-11-01,114.64070972222223,199-H4-5
2019-12-01,114.66288724832201,199-H4-5
2020-01-01,114.74121236559142,199-H4-5
2020-02-01,115.16612068965505,199-H4-5
2020-03-01,114.70349865591385,199-H4-5
2020-04-01,114.33675000000017,199-H4-5
2020-05-01,116.07837231182789,199-H4-5
2020-06-01,116.75860416666681,199-H4-5
2020-07-01,116.06948655913973,199-H4-5
2020-08-01,115.33325268817181,199-H4-5
2020-09-01,114.56680416666653,199-H4-5
2020-10-01,114.33984543010754,199-H4-5
2020-11-01,115.01190833333331,199-H4-5
2020-12-01,114.88149395973151,199-H4-5
2021-01-01,115.17470833333319,199-H4-5
2021-02-01,115.27842708333338,199-H4-5
2021-03-01,114.32682526881739,199-H4-5
2021-04-01,114.15310416666671,199-H4-5
2021-05-01,115.26041263440867,199-H4-5
2021-06-01,115.74626805555555,199-H4-5
2021-07-01,115.31592204301066,199-H4-5
2021-08-01,114.90924596774182,199-H4-5
2021-09-01,114.7887692307692,199-H4-5
2021-10-01,114.16799999999999,199-H4-5
2021-11-01,114.736,199-H4-5
2022-02-01,115.32040784313733,199-H4-5
2022-03-01,114.95645161290318,199-H4-5
2022-04-01,114.52531249999994,199-H4-5
2022-05-01,115.12266129032255,199-H4-5
2022-06-01,116.96826111111115,199-H4-5
2022-07-01,116.4768512960438,199-H4-5
2022-08-01,115.71271908602142,199-H4-5
2022-09-01,114.74880416666662,199-H4-5
2022-10-01,114.15239898674977,199-H4-5
2022-11-01,114.83942287968434,199-H4-5
2022-12-01,114.88059698375868,199-H4-5
2023-01-01,114.57788807368412,199-H4-5
2023-02-01,114.73596955128195,199-H4-5
2023-03-01,114.41122798845046,199-H4-5
2023-04-01,113.85211423423424,199-H4-5
2023-05-01,115.95125645021649,199-H4-5
2023-06-01,115.21199649507112,199-H4-5
2023-07-01,114.76780882352945,199-H4-5
2023-08-01,114.82644761904764,199-H4-5
2023-09-01,114.01648399999996,199-H4-5
2023-10-01,113.78230582010579,199-H4-5
2021-09-01,113.426,199-H4-64
2022-02-01,115.337,199-H4-64
2022-10-01,113.374,199-H4-64
2022-11-01,115.16799999999999,199-H4-64
2022-12-01,114.443,199-H4-64
2023-01-01,113.77600000000001,199-H4-64
2023-02-01,114.18700000000001,199-H4-64
2023-03-01,113.869,199-H4-64
2023-04-01,113.01299999999999,199-H4-64
2023-05-01,112.90100000000001,199-H4-64
2023-06-01,114.762,199-H4-64
2023-07-01,114.243,199-H4-64
2023-08-01,114.022,199-H4-64
2023-09-01,113.34,199-H4-64
2014-02-01,115.016,199-H4-65
2014-05-01,116.398,199-H4-65
2014-08-01,115.991,199-H4-65
2014-10-01,115.145,199-H4-65
2015-02-01,116.069,199-H4-65
2015-05-01,115.7175,199-H4-65
2015-08-01,115.32700000000001,199-H4-65
2015-12-01,114.914,199-H4-65
2016-02-01,114.75299999999999,199-H4-65
2016-05-01,115.74199999999999,199-H4-65
2016-10-01,114.634,199-H4-65
2016-11-01,114.97200000000001,199-H4-65
2017-05-01,116.902,199-H4-65
2017-10-01,114.79799999999999,199-H4-65
2017-11-01,114.493,199-H4-65
2018-11-01,114.662,199-H4-65
2019-05-01,114.962,199-H4-65
2019-11-01,114.41799999999999,199-H4-65
2020-02-01,114.76799999999999,199-H4-65
2020-08-01,115.28399999999999,199-H4-65
2020-11-01,114.56,199-H4-65
2021-02-01,114.905,199-H4-65
2021-05-01,114.785,199-H4-65
2021-08-01,114.70100000000001,199-H4-65
2021-11-01,114.471,199-H4-65
2022-10-01,114.70100000000001,199-H4-65
2022-11-01,114.81700000000001,199-H4-65
2022-12-01,114.98299999999999,199-H4-65
2023-02-01,114.764,199-H4-65
2023-04-01,114.42200000000001,199-H4-65
2023-06-01,115.353,199-H4-65
2023-08-01,114.885,199-H4-65
2014-01-01,115.15019327731093,199-H4-8
2014-02-01,115.01524881516585,199-H4-8
2014-03-01,115.21413229018486,199-H4-8
2014-04-01,115.62986923076926,199-H4-8
2014-05-01,116.30733513513508,199-H4-8
2014-06-01,116.5399807073955,199-H4-8
2014-07-01,116.35710469314081,199-H4-8
2014-08-01,115.870476,199-H4-8
2014-09-01,115.36868292682928,199-H4-8
2014-10-01,115.05143915343899,199-H4-8
2014-11-01,115.24012813370467,199-H4-8
2014-12-01,115.31683764705869,199-H4-8
2015-01-01,115.61039999999983,199-H4-8
2015-02-01,115.96699252336455,199-H4-8
2015-03-01,115.93097986577193,199-H4-8
2015-04-01,115.75587916666662,199-H4-8
2015-05-01,115.52871908602165,199-H4-8
2015-06-01,115.535734722222,199-H4-8
2015-07-01,115.37810080645176,199-H4-8
2015-08-01,115.29839784946245,199-H4-8
2015-09-01,114.89997638888876,199-H4-8
2015-10-01,114.67337231182796,199-H4-8
2015-11-01,114.77638942976346,199-H4-8
2015-12-01,114.79761538461531,199-H4-8
2016-01-01,114.77610512129385,199-H4-8
2016-02-01,114.87825287356323,199-H4-8
2016-03-01,115.07352885906059,199-H4-8
2016-04-01,115.45966805555561,199-H4-8
2016-05-01,115.7774469798657,199-H4-8
2016-06-01,115.51983611111122,199-H4-8
2016-07-01,115.36901747311823,199-H4-8
2016-08-01,115.12925000000001,199-H4-8
2016-09-01,114.80448194444459,199-H4-8
2016-10-01,114.63753629032267,199-H4-8
2016-11-01,114.98191933240588,199-H4-8
2016-12-01,115.11774276527322,199-H4-8
2017-01-01,115.34201818181799,199-H4-8
2017-02-01,115.25243194192386,199-H4-8
2017-03-01,115.61736550308001,199-H4-8
2017-04-01,116.53455327868865,199-H4-8
2017-05-01,116.88574545454557,199-H4-8
2017-06-01,117.1116226415095,199-H4-8
2017-07-01,116.02129501915717,199-H4-8
2017-08-01,115.46164347826077,199-H4-8
2017-09-01,115.16197569444441,199-H4-8
2017-10-01,114.764488590604,199-H4-8
2017-11-01,114.6775722222221,199-H4-8
2017-12-01,114.77690158730152,199-H4-8
2018-01-01,115.09002812499993,199-H4-8
2018-02-01,115.52887269681739,199-H4-8
2018-03-01,115.45985503355702,199-H4-8
2018-04-01,115.38650277777776,199-H4-8
2018-05-01,117.11301879194626,199-H4-8
2018-06-01,116.72330555555575,199-H4-8
2018-07-01,115.84836510067088,199-H4-8
2018-08-01,115.45228897849468,199-H4-8
2018-09-01,114.95845833333313,199-H4-8
2018-10-01,114.6685610738253,199-H4-8
2018-11-01,114.8147774294671,199-H4-8
2018-12-01,114.80881777777776,199-H4-8
2019-01-01,114.78353923541245,199-H4-8
2019-02-01,114.7626443452383,199-H4-8
2019-03-01,114.72099865951753,199-H4-8
2019-04-01,114.48783194444447,199-H4-8
2019-05-01,115.11403221476522,199-H4-8
2019-06-01,115.33913055555547,199-H4-8
2019-07-01,114.84614630872508,199-H4-8
2019-08-01,114.70415838926176,199-H4-8
2019-09-01,114.50869407894743,199-H4-8
2020-02-01,114.7062142857143,199-H4-8
2020-03-01,114.75922116903627,199-H4-8
2020-05-01,115.52680377358493,199-H4-8
2020-06-01,116.25519417475722,199-H4-8
2020-07-01,116.02592338709681,199-H4-8
2020-08-01,115.429567204301,199-H4-8
2020-09-01,114.7913430555556,199-H4-8
2020-10-01,114.42484347826087,199-H4-8
2020-11-01,114.48407258064522,199-H4-8
2020-12-01,114.47011991434681,199-H4-8
2021-01-01,114.7416890080429,199-H4-8
2021-02-01,114.9316889880952,199-H4-8
2021-03-01,114.66965289256203,199-H4-8
2021-05-01,114.79151515151496,199-H4-8
2021-06-01,115.19472260748967,199-H4-8
2021-07-01,115.13458389261743,199-H4-8
2021-08-01,114.65600672043001,199-H4-8
2021-09-01,114.52131858407076,199-H4-8
2021-12-01,114.80757530864204,199-H4-8
2022-01-01,115.1137755376343,199-H4-8
2022-02-01,115.06147548291234,199-H4-8
2022-03-01,114.86415704697974,199-H4-8
2022-04-01,114.48152225519284,199-H4-8
2022-05-01,114.90581818181822,199-H4-8
2022-06-01,116.22618055555573,199-H4-8
2022-07-01,116.50969713506142,199-H4-8
2022-08-01,115.81091129032247,199-H4-8
2022-09-01,115.17449722222213,199-H4-8
2022-10-01,114.63939353821928,199-H4-8
2022-11-01,114.64302208258523,199-H4-8
2022-12-01,114.7394834285715,199-H4-8
2023-01-01,114.61880532274074,199-H4-8
2023-02-01,114.6302637106186,199-H4-8
2023-03-01,114.51090946938774,199-H4-8
2023-04-01,114.30011989436628,199-H4-8
2023-05-01,115.63343529411765,199-H4-8
2023-06-01,115.36448765731174,199-H4-8
2023-07-01,114.82287297297296,199-H4-8
2023-08-01,114.72015294117642,199-H4-8
2023-09-01,114.4543821752266,199-H4-8
2014-01-01,115.33200000000001,199-H4-84
2014-02-01,115.20700000000001,199-H4-84
2014-03-01,115.19200000000001,199-H4-84
2014-04-01,115.62899999999999,199-H4-84
2014-05-01,115.086,199-H4-84
2014-06-01,116.31299999999999,199-H4-84
2014-07-01,116.38600000000001,199-H4-84
2014-08-01,115.90799999999999,199-H4-84
2014-09-01,115.585,199-H4-84
2014-11-01,115.304,199-H4-84
2015-01-01,115.7195877192982,199-H4-84
2015-02-01,115.99335682819381,199-H4-84
2015-03-01,115.95069892473127,199-H4-84
2015-04-01,115.78729403606103,199-H4-84
2015-05-01,115.58239381720408,199-H4-84
2015-06-01,115.57260332871013,199-H4-84
2015-07-01,115.43210349462362,199-H4-84
2015-08-01,115.33490598290608,199-H4-84
2015-11-01,114.91260174418602,199-H4-84
2015-12-01,114.80400403225813,199-H4-84
2016-01-01,114.80521794871791,199-H4-84
2016-02-01,114.86934339080459,199-H4-84
2016-03-01,115.04490591397854,199-H4-84
2016-04-01,115.41100138888883,199-H4-84
2016-05-01,115.71059194630875,199-H4-84
2016-06-01,115.50368055555549,199-H4-84
2016-07-01,115.36926075268826,199-H4-84
2016-08-01,115.16418120805368,199-H4-84
2016-09-01,114.82853055555552,199-H4-84
2016-10-01,114.62916107382522,199-H4-84
2016-11-01,114.94260471567284,199-H4-84
2016-12-01,115.05840725806463,199-H4-84
2017-01-01,115.28461253561261,199-H4-84
2017-02-01,115.19489071856289,199-H4-84
2017-03-01,115.53306317204306,199-H4-84
2017-04-01,116.38559639389722,199-H4-84
2017-05-01,116.74055241935493,199-H4-84
2017-06-01,116.97150485436893,199-H4-84
2017-07-01,116.01481099195708,199-H4-84
2017-08-01,115.48156107382543,199-H4-84
2017-09-01,115.21735506241328,199-H4-84
2017-10-01,114.7616778523489,199-H4-84
2017-11-01,114.67811373092923,199-H4-84
2017-12-01,114.79234463276838,199-H4-84
2018-01-01,115.09306135986735,199-H4-84
2018-02-01,115.42308320950966,199-H4-84
2018-03-01,115.36705906040247,199-H4-84
2018-04-01,115.31702777777781,199-H4-84
2018-05-01,116.7838239247309,199-H4-84
2018-06-01,116.67367267683768,199-H4-84
2018-07-01,115.82385388739947,199-H4-84
2018-08-01,115.45600939597294,199-H4-84
2018-09-01,114.97480305131789,199-H4-84
2018-10-01,114.69221879194627,199-H4-84
2018-11-01,114.85489891135316,199-H4-84
2018-12-01,114.82347747747758,199-H4-84
2019-01-01,114.78477394034539,199-H4-84
2019-02-01,114.77573139745915,199-H4-84
2019-03-01,114.6733391420911,199-H4-84
2019-04-01,114.43205972222236,199-H4-84
2019-05-01,115.06500134408579,199-H4-84
2019-06-01,115.20605555555558,199-H4-84
2019-07-01,114.82898389261719,199-H4-84
2019-08-01,114.65039276139402,199-H4-84
2019-09-01,114.34821666666667,199-H4-84
2020-02-01,114.57291428571422,199-H4-84
2020-03-01,114.63545703839127,199-H4-84
2020-05-01,115.29975951557088,199-H4-84
2020-06-01,116.06713869625531,199-H4-84
2020-07-01,115.95279569892465,199-H4-84
2020-08-01,115.38509152086131,199-H4-84
2020-09-01,114.74100000000003,199-H4-84
2020-10-01,114.20119791666669,199-H4-84
2020-11-01,114.48944247787603,199-H4-84
2020-12-01,114.46216624685127,199-H4-84
2021-01-01,114.6962943820225,199-H4-84
2021-02-01,114.87044873699865,199-H4-84
2021-03-01,114.50076174496647,199-H4-84
2021-05-01,114.69052692307686,199-H4-84
2021-06-01,115.05515117891808,199-H4-84
2021-07-01,115.02366845637589,199-H4-84
2021-08-01,114.66015725806432,199-H4-84
2021-09-01,114.40736842105267,199-H4-84
2021-12-01,114.76331929824545,199-H4-84
2022-01-01,114.99700598802373,199-H4-84
2022-02-01,114.96355720653779,199-H4-84
2022-03-01,114.82602419354843,199-H4-84
2022-04-01,114.33919212962967,199-H4-84
2022-05-01,114.86380178173727,199-H4-84
2022-06-01,115.93438557558949,199-H4-84
2022-07-01,116.37310777626179,199-H4-84
2022-08-01,115.81360483870967,199-H4-84
2022-09-01,115.27143194444436,199-H4-84
2022-10-01,114.81627052364864,199-H4-84
2022-11-01,114.88584968619226,199-H4-84
2022-12-01,114.93514736842113,199-H4-84
2023-01-01,114.78082148962153,199-H4-84
2023-02-01,114.78485466284059,199-H4-84
2023-03-01,114.61229212880146,199-H4-84
2023-04-01,114.23825941860477,199-H4-84
2023-05-01,115.46412652849747,199-H4-84
2023-06-01,115.33609088562098,199-H4-84
2023-07-01,114.94678928571429,199-H4-84
2023-08-01,114.86103571428573,199-H4-84
2023-09-01,114.37281198630137,199-H4-84
2023-10-01,114.06091249999996,199-H4-84
2014-02-01,114.601,199-H4-85
2014-05-01,116.302,199-H4-85
2014-08-01,115.37299999999999,199-H4-85
2014-10-01,114.806,199-H4-85
2015-02-01,115.99600000000001,199-H4-85
2015-05-01,115.34700000000001,199-H4-85
2015-08-01,115.28299999999999,199-H4-85
2015-11-01,115.025,199-H4-85
2016-02-01,114.85600000000001,199-H4-85
2016-05-01,115.62899999999999,199-H4-85
2016-10-01,114.369,199-H4-85
2016-11-01,115.206,199-H4-85
2017-02-01,115.34700000000001,199-H4-85
2017-05-01,117.43700000000001,199-H4-85
2017-07-01,116.449,199-H4-85
2017-10-01,114.529,199-H4-85
2017-11-01,114.476,199-H4-85
2018-02-01,115.906,199-H4-85
2018-05-01,118.316,199-H4-85
2018-07-01,115.555,199-H4-85
2018-10-01,114.348,199-H4-85
2018-11-01,115.113,199-H4-85
2019-03-01,114.825,199-H4-85
2019-05-01,115.059,199-H4-85
2019-07-01,114.743,199-H4-85
2019-08-01,115.02,199-H4-85
2019-10-01,113.78399999999999,199-H4-85
2019-12-01,114.44200000000001,199-H4-85
2020-02-01,115.34100000000001,199-H4-85
2020-06-01,116.384,199-H4-85
2020-08-01,115.301,199-H4-85
2020-09-01,114.994,199-H4-85
2020-10-01,114.179,199-H4-85
2020-12-01,114.749,199-H4-85
2021-02-01,115.11399999999999,199-H4-85
2021-06-01,116.16799999999999,199-H4-85
2021-07-01,115.292,199-H4-85
2021-09-01,114.23200000000001,199-H4-85
2021-10-01,114.048,199-H4-85
2021-12-01,115.52799999999999,199-H4-85
2022-06-01,116.48299999999999,199-H4-85
2022-10-01,114.182,199-H4-85
2022-12-01,115.01799999999999,199-H4-85
2023-02-01,114.62899999999999,199-H4-85
2023-04-01,113.868,199-H4-85
2023-06-01,115.396,199-H4-85
2023-08-01,114.876,199-H4-85
2014-02-01,115.596,199-H4-86
2014-05-01,116.124,199-H4-86
2014-08-01,116.35600000000001,199-H4-86
2014-11-01,115.681,199-H4-86
2015-02-01,116.156,199-H4-86
2015-05-01,115.932,199-H4-86
2022-10-01,116.29343648265838,199-H4-86
2022-11-01,116.20696102068118,199-H4-86
2022-12-01,116.1584519540289,199-H4-86
2023-01-01,116.09623139090165,199-H4-86
2023-02-01,116.05029665789087,199-H4-86
2023-03-01,115.98488145012574,199-H4-86
2023-04-01,115.86721894942225,199-H4-86
2023-05-01,115.94685804259193,199-H4-86
2023-06-01,116.26002667101596,199-H4-86
2023-07-01,116.07911695388991,199-H4-86
2023-08-01,116.00953902557973,199-H4-86
2023-09-01,115.9160943499066,199-H4-86
2023-10-01,115.76688867569878,199-H4-86
2016-06-01,115.42,199-H4-88
2016-07-01,115.24,199-H4-88
2016-10-01,114.70200000000001,199-H4-88
2016-12-01,114.929,199-H4-88
2017-01-01,115.189,199-H4-88
2017-02-01,115.171,199-H4-88
2017-03-01,115.39399999999999,199-H4-88
2017-04-01,116.081,199-H4-88
2017-05-01,116.226,199-H4-88
2017-06-01,117.011,199-H4-88
2017-07-01,116.337,199-H4-88
2017-08-01,115.439,199-H4-88
2017-09-01,115.09200000000001,199-H4-88
2017-10-01,114.87200000000001,199-H4-88
2017-11-01,114.755,199-H4-88
2017-12-01,114.885,199-H4-88
2018-01-01,114.977,199-H4-88
2018-02-01,116.28,199-H4-88
2018-03-01,115.274,199-H4-88
2018-04-01,115.441,199-H4-88
2018-05-01,116.74700000000001,199-H4-88
2018-06-01,116.40700000000001,199-H4-88
2018-07-01,115.71,199-H4-88
2018-08-01,115.537,199-H4-88
2018-09-01,115.124,199-H4-88
2018-11-01,114.904,199-H4-88
2019-03-01,114.79299999999999,199-H4-88
2019-05-01,114.677,199-H4-88
2019-08-01,114.77600000000001,199-H4-88
2019-11-01,114.155,199-H4-88
2019-12-01,114.18,199-H4-88
2020-02-01,114.646,199-H4-88
2020-06-01,115.866,199-H4-88
2020-08-01,115.34299999999999,199-H4-88
2020-12-01,114.51700000000001,199-H4-88
2021-02-01,114.916,199-H4-88
2021-06-01,114.86200000000001,199-H4-88
2021-09-01,114.639,199-H4-88
2021-10-01,114.42399999999999,199-H4-88
2021-12-01,114.583,199-H4-88
2022-06-01,115.09100000000001,199-H4-88
2022-10-01,114.98666720000006,199-H4-88
2022-11-01,115.02672768421064,199-H4-88
2022-12-01,115.016185885886,199-H4-88
2023-01-01,114.92582683333295,199-H4-88
2023-02-01,114.92068370165755,199-H4-88
2023-03-01,114.84790486593857,199-H4-88
2023-04-01,114.69647583333331,199-H4-88
2023-05-01,115.3649563192905,199-H4-88
2023-06-01,115.35074368290674,199-H4-88
2023-07-01,115.07611212121212,199-H4-88
2023-08-01,114.96071499999998,199-H4-88
2023-09-01,114.76385185185187,199-H4-88
2023-10-01,114.57388819444444,199-H4-88
2023-11-01,114.5487,199-H4-88
2016-06-01,115.58,199-H4-89
2016-11-01,115.15100000000001,199-H4-89
2017-02-01,115.33,199-H4-89
2017-05-01,117.351,199-H4-89
2017-06-01,117.38,199-H4-89
2017-08-01,115.13600000000001,199-H4-89
2017-11-01,114.427,199-H4-89
2018-02-01,115.625,199-H4-89
2018-05-01,118.001,199-H4-89
2018-08-01,115.34899999999999,199-H4-89
2019-03-01,114.685,199-H4-89
2019-05-01,114.73899999999999,199-H4-89
2019-08-01,114.82700000000001,199-H4-89
2019-12-01,113.171,199-H4-89
2020-02-01,115.089,199-H4-89
2020-06-01,116.355,199-H4-89
2020-08-01,115.335,199-H4-89
2020-12-01,113.93799999999999,199-H4-89
2021-02-01,115.169,199-H4-89
2021-06-01,115.57799999999999,199-H4-89
2021-09-01,113.58,199-H4-89
2021-10-01,113.425,199-H4-89
2021-12-01,114.994,199-H4-89
2022-06-01,115.76100000000001,199-H4-89
2022-10-01,113.74350000000001,199-H4-89
2022-12-01,114.29799999999999,199-H4-89
2023-02-01,114.036,199-H4-89
2023-04-01,113.932,199-H4-89
2023-05-01,113.762,199-H4-89
2023-06-01,115.524,199-H4-89
2023-08-01,114.555,199-H4-89
2014-06-01,116.449,199-H4-90
2014-09-01,115.83,199-H4-90
2015-01-01,115.69200000000001,199-H4-90
2015-02-01,116.09,199-H4-90
2015-06-01,115.73,199-H4-90
2015-09-01,115.042,199-H4-90
2015-12-01,114.876,199-H4-90
2016-03-01,115.059,199-H4-90
2016-06-01,115.387,199-H4-90
2016-11-01,114.99600000000001,199-H4-90
2017-02-01,115.238,199-H4-90
2017-05-01,116.428,199-H4-90
2017-07-01,115.851,199-H4-90
2017-10-01,115.16799999999999,199-H4-90
2017-11-01,114.865,199-H4-90
2018-02-01,115.194,199-H4-90
2018-05-01,116.67003783783787,199-H4-90
2018-06-01,116.50395267489706,199-H4-90
2018-07-01,115.91331812080526,199-H4-90
2018-08-01,115.6173521505376,199-H4-90
2018-09-01,115.23736388888891,199-H4-90
2018-10-01,114.9886120805369,199-H4-90
2018-11-01,114.99344583333338,199-H4-90
2018-12-01,114.96861879194631,199-H4-90
2019-01-01,114.9114758064518,199-H4-90
2019-02-01,114.86505059523817,199-H4-90
2019-03-01,114.80757315436234,199-H4-90
2019-04-01,114.67968611111094,199-H4-90
2019-05-01,114.95009005376342,199-H4-90
2019-06-01,115.06641388888889,199-H4-90
2019-07-01,114.90079490616614,199-H4-90
2019-08-01,114.7770993288591,199-H4-90
2019-09-01,114.58396805555563,199-H4-90
2019-10-01,114.46223820606332,199-H4-90
2019-11-01,114.45609840055647,199-H4-90
2019-12-01,114.49496068548466,199-H4-90
2020-01-01,114.5206223118282,199-H4-90
2020-02-01,114.70064388489232,199-H4-90
2020-03-01,114.71441518307074,199-H4-90
2020-04-01,114.61376284722259,199-H4-90
2020-05-01,114.94771404569904,199-H4-90
2020-06-01,115.54648090277689,199-H4-90
2020-07-01,115.72711895161312,199-H4-90
2020-08-01,115.41150302419327,199-H4-90
2020-09-01,115.01405173611057,199-H4-90
2020-10-01,114.78298455377563,199-H4-90
2020-11-01,114.723,199-H4-90
2020-12-01,114.70433144246336,199-H4-90
2021-01-01,114.7759136424734,199-H4-90
2021-02-01,114.89473425270204,199-H4-90
2021-03-01,114.68348807524403,199-H4-90
2021-04-01,114.53550277777762,199-H4-90
2021-05-01,114.71721796165515,199-H4-90
2021-06-01,114.93775138888917,199-H4-90
2021-07-01,114.9900225134409,199-H4-90
2021-08-01,114.89407829301102,199-H4-90
2021-09-01,114.73359444444438,199-H4-90
2021-10-01,114.58324278038957,199-H4-90
2021-11-01,114.60035441278647,199-H4-90
2021-12-01,114.76451512096824,199-H4-90
2022-01-01,114.91916061827911,199-H4-90
2022-02-01,114.96974488657469,199-H4-90
2022-03-01,114.9665075579442,199-H4-90
2022-04-01,114.80582083333344,199-H4-90
2022-05-01,114.91435685483955,199-H4-90
2022-06-01,115.53538194444407,199-H4-90
2022-07-01,116.12367326732596,199-H4-90
2022-08-01,115.85043346774286,199-H4-90
2022-09-01,115.45416909722199,199-H4-90
2022-10-01,115.1400634867312,199-H4-90
2022-11-01,115.12431827658094,199-H4-90
2022-12-01,115.11226444892438,199-H4-90
2023-01-01,115.02069533087035,199-H4-90
2023-02-01,115.00003087797619,199-H4-90
2023-03-01,114.90059805238441,199-H4-90
2023-04-01,114.73859340277679,199-H4-90
2023-05-01,115.08639482526887,199-H4-90
2023-06-01,115.26323533495327,199-H4-90
2023-07-01,115.057,199-H4-90
