sp,start,end,cdays,tte,start_date,end_date
1,2023,2023.08493,31,31,1/1/2023 0:00,1/31/2023 23:59
2,2023.084932,2023.161642,28,59,2/1/2023 0:00,2/28/2023 23:59
3,2023.161644,2023.246459,31,90,3/1/2023 0:00,3/31/2023 23:59
4,2023.246461,2023.328651,30,120,4/1/2023 0:00,4/30/2023 23:59
5,2023.328653,2023.413583,31,151,5/1/2023 0:00,5/31/2023 23:59
6,2023.413584,2023.495774,30,181,6/1/2023 0:00,6/30/2023 23:59
7,2023.495776,2023.580706,31,212,7/1/2023 0:00,7/31/2023 23:59
8,2023.580708,2023.665637,31,243,8/1/2023 0:00,8/31/2023 23:59
9,2023.665639,2023.747829,30,273,9/1/2023 0:00,9/30/2023 23:59
10,2023.747831,2023.832761,31,304,10/1/2023 0:00,10/31/2023 23:59
11,2023.832763,2023.915067,30,334,11/1/2023 0:00,11/30/2023 23:59
12,2023.915068,2023.999998,31,365,12/1/2023 0:00,12/31/2023 23:59
13,2024,2024.084698,31,396,1/1/2024 0:00,1/31/2024 23:59
14,2024.084699,2024.163933,29,425,2/1/2024 0:00,2/29/2024 23:59
15,2024.163934,2024.248518,31,456,3/1/2024 0:00,3/31/2024 23:59
16,2024.24852,2024.330485,30,486,4/1/2024 0:00,4/30/2024 23:59
17,2024.330487,2024.415185,31,517,5/1/2024 0:00,5/31/2024 23:59
18,2024.415187,2024.497152,30,547,6/1/2024 0:00,6/30/2024 23:59
19,2024.497154,2024.581851,31,578,7/1/2024 0:00,7/31/2024 23:59
20,2024.581853,2024.666551,31,609,8/1/2024 0:00,8/31/2024 23:59
21,2024.666553,2024.748518,30,639,9/1/2024 0:00,9/30/2024 23:59
22,2024.74852,2024.833218,31,670,10/1/2024 0:00,10/31/2024 23:59
23,2024.833219,2024.915299,30,700,11/1/2024 0:00,11/30/2024 23:59
24,2024.915301,2024.999998,31,731,12/1/2024 0:00,12/31/2024 23:59
25,2025,2025.08493,31,762,1/1/2025 0:00,1/31/2025 23:59
26,2025.084932,2025.161642,28,790,2/1/2025 0:00,2/28/2025 23:59
27,2025.161644,2025.246459,31,821,3/1/2025 0:00,3/31/2025 23:59
28,2025.246461,2025.328651,30,851,4/1/2025 0:00,4/30/2025 23:59
29,2025.328653,2025.413583,31,882,5/1/2025 0:00,5/31/2025 23:59
30,2025.413584,2025.495774,30,912,6/1/2025 0:00,6/30/2025 23:59
31,2025.495776,2025.580706,31,943,7/1/2025 0:00,7/31/2025 23:59
32,2025.580708,2025.665637,31,974,8/1/2025 0:00,8/31/2025 23:59
33,2025.665639,2025.747829,30,1004,9/1/2025 0:00,9/30/2025 23:59
34,2025.747831,2025.832761,31,1035,10/1/2025 0:00,10/31/2025 23:59
35,2025.832763,2025.915067,30,1065,11/1/2025 0:00,11/30/2025 23:59
36,2025.915068,2025.999998,31,1096,12/1/2025 0:00,12/31/2025 23:59
37,2026,2026.08493,31,1127,1/1/2026 0:00,1/31/2026 23:59
38,2026.084932,2026.161642,28,1155,2/1/2026 0:00,2/28/2026 23:59
39,2026.161644,2026.246459,31,1186,3/1/2026 0:00,3/31/2026 23:59
40,2026.246461,2026.328651,30,1216,4/1/2026 0:00,4/30/2026 23:59
41,2026.328653,2026.413583,31,1247,5/1/2026 0:00,5/31/2026 23:59
42,2026.413584,2026.495774,30,1277,6/1/2026 0:00,6/30/2026 23:59
43,2026.495776,2026.580706,31,1308,7/1/2026 0:00,7/31/2026 23:59
44,2026.580708,2026.665637,31,1339,8/1/2026 0:00,8/31/2026 23:59
45,2026.665639,2026.747829,30,1369,9/1/2026 0:00,9/30/2026 23:59
46,2026.747831,2026.832761,31,1400,10/1/2026 0:00,10/31/2026 23:59
47,2026.832763,2026.915067,30,1430,11/1/2026 0:00,11/30/2026 23:59
48,2026.915068,2026.999998,31,1461,12/1/2026 0:00,12/31/2026 23:59
49,2027,2027.08493,31,1492,1/1/2027 0:00,1/31/2027 23:59
50,2027.084932,2027.161642,28,1520,2/1/2027 0:00,2/28/2027 23:59
51,2027.161644,2027.246459,31,1551,3/1/2027 0:00,3/31/2027 23:59
52,2027.246461,2027.328651,30,1581,4/1/2027 0:00,4/30/2027 23:59
53,2027.328653,2027.413583,31,1612,5/1/2027 0:00,5/31/2027 23:59
54,2027.413584,2027.495774,30,1642,6/1/2027 0:00,6/30/2027 23:59
55,2027.495776,2027.580706,31,1673,7/1/2027 0:00,7/31/2027 23:59
56,2027.580708,2027.665637,31,1704,8/1/2027 0:00,8/31/2027 23:59
57,2027.665639,2027.747829,30,1734,9/1/2027 0:00,9/30/2027 23:59
58,2027.747831,2027.832761,31,1765,10/1/2027 0:00,10/31/2027 23:59
59,2027.832763,2027.915067,30,1795,11/1/2027 0:00,11/30/2027 23:59
60,2027.915068,2027.999998,31,1826,12/1/2027 0:00,12/31/2027 23:59
61,2028,2028.084698,31,1857,1/1/2028 0:00,1/31/2028 23:59
62,2028.084699,2028.163933,29,1886,2/1/2028 0:00,2/29/2028 23:59
63,2028.163934,2028.248518,31,1917,3/1/2028 0:00,3/31/2028 23:59
64,2028.24852,2028.330485,30,1947,4/1/2028 0:00,4/30/2028 23:59
65,2028.330487,2028.415185,31,1978,5/1/2028 0:00,5/31/2028 23:59
66,2028.415187,2028.497152,30,2008,6/1/2028 0:00,6/30/2028 23:59
67,2028.497154,2028.581851,31,2039,7/1/2028 0:00,7/31/2028 23:59
68,2028.581853,2028.666551,31,2070,8/1/2028 0:00,8/31/2028 23:59
69,2028.666553,2028.748518,30,2100,9/1/2028 0:00,9/30/2028 23:59
70,2028.74852,2028.833218,31,2131,10/1/2028 0:00,10/31/2028 23:59
71,2028.833219,2028.915299,30,2161,11/1/2028 0:00,11/30/2028 23:59
72,2028.915301,2028.999998,31,2192,12/1/2028 0:00,12/31/2028 23:59
73,2029,2029.08493,31,2223,1/1/2029 0:00,1/31/2029 23:59
74,2029.084932,2029.161642,28,2251,2/1/2029 0:00,2/28/2029 23:59
75,2029.161644,2029.246459,31,2282,3/1/2029 0:00,3/31/2029 23:59
76,2029.246461,2029.328651,30,2312,4/1/2029 0:00,4/30/2029 23:59
77,2029.328653,2029.413583,31,2343,5/1/2029 0:00,5/31/2029 23:59
78,2029.413584,2029.495774,30,2373,6/1/2029 0:00,6/30/2029 23:59
79,2029.495776,2029.580706,31,2404,7/1/2029 0:00,7/31/2029 23:59
80,2029.580708,2029.665637,31,2435,8/1/2029 0:00,8/31/2029 23:59
81,2029.665639,2029.747829,30,2465,9/1/2029 0:00,9/30/2029 23:59
82,2029.747831,2029.832761,31,2496,10/1/2029 0:00,10/31/2029 23:59
83,2029.832763,2029.915067,30,2526,11/1/2029 0:00,11/30/2029 23:59
84,2029.915068,2029.999998,31,2557,12/1/2029 0:00,12/31/2029 23:59
85,2030,2030.08493,31,2588,1/1/2030 0:00,1/31/2030 23:59
86,2030.084932,2030.161642,28,2616,2/1/2030 0:00,2/28/2030 23:59
87,2030.161644,2030.246459,31,2647,3/1/2030 0:00,3/31/2030 23:59
88,2030.246461,2030.328651,30,2677,4/1/2030 0:00,4/30/2030 23:59
89,2030.328653,2030.413583,31,2708,5/1/2030 0:00,5/31/2030 23:59
90,2030.413584,2030.495774,30,2738,6/1/2030 0:00,6/30/2030 23:59
91,2030.495776,2030.580706,31,2769,7/1/2030 0:00,7/31/2030 23:59
92,2030.580708,2030.665637,31,2800,8/1/2030 0:00,8/31/2030 23:59
93,2030.665639,2030.747829,30,2830,9/1/2030 0:00,9/30/2030 23:59
94,2030.747831,2030.832761,31,2861,10/1/2030 0:00,10/31/2030 23:59
95,2030.832763,2030.915067,30,2891,11/1/2030 0:00,11/30/2030 23:59
96,2030.915068,2030.999998,31,2922,12/1/2030 0:00,12/31/2030 23:59
97,2031,2031.08493,31,2953,1/1/2031 0:00,1/31/2031 23:59
98,2031.084932,2031.161642,28,2981,2/1/2031 0:00,2/28/2031 23:59
99,2031.161644,2031.246459,31,3012,3/1/2031 0:00,3/31/2031 23:59
100,2031.246461,2031.328651,30,3042,4/1/2031 0:00,4/30/2031 23:59
101,2031.328653,2031.413583,31,3073,5/1/2031 0:00,5/31/2031 23:59
102,2031.413584,2031.495774,30,3103,6/1/2031 0:00,6/30/2031 23:59
103,2031.495776,2031.580706,31,3134,7/1/2031 0:00,7/31/2031 23:59
104,2031.580708,2031.665637,31,3165,8/1/2031 0:00,8/31/2031 23:59
105,2031.665639,2031.747829,30,3195,9/1/2031 0:00,9/30/2031 23:59
106,2031.747831,2031.832761,31,3226,10/1/2031 0:00,10/31/2031 23:59
107,2031.832763,2031.915067,30,3256,11/1/2031 0:00,11/30/2031 23:59
108,2031.915068,2031.999998,31,3287,12/1/2031 0:00,12/31/2031 23:59
109,2032,2032.084698,31,3318,1/1/2032 0:00,1/31/2032 23:59
110,2032.084699,2032.163933,29,3347,2/1/2032 0:00,2/29/2032 23:59
111,2032.163934,2032.248518,31,3378,3/1/2032 0:00,3/31/2032 23:59
112,2032.24852,2032.330485,30,3408,4/1/2032 0:00,4/30/2032 23:59
113,2032.330487,2032.415185,31,3439,5/1/2032 0:00,5/31/2032 23:59
114,2032.415187,2032.497152,30,3469,6/1/2032 0:00,6/30/2032 23:59
115,2032.497154,2032.581851,31,3500,7/1/2032 0:00,7/31/2032 23:59
116,2032.581853,2032.666551,31,3531,8/1/2032 0:00,8/31/2032 23:59
117,2032.666553,2032.748518,30,3561,9/1/2032 0:00,9/30/2032 23:59
118,2032.74852,2032.833218,31,3592,10/1/2032 0:00,10/31/2032 23:59
119,2032.833219,2032.915299,30,3622,11/1/2032 0:00,11/30/2032 23:59
120,2032.915301,2032.999998,31,3653,12/1/2032 0:00,12/31/2032 23:59
121,2033,2033.08493,31,3684,1/1/2033 0:00,1/31/2033 23:59
122,2033.084932,2033.161642,28,3712,2/1/2033 0:00,2/28/2033 23:59
123,2033.161644,2033.246459,31,3743,3/1/2033 0:00,3/31/2033 23:59
124,2033.246461,2033.328651,30,3773,4/1/2033 0:00,4/30/2033 23:59
125,2033.328653,2033.413583,31,3804,5/1/2033 0:00,5/31/2033 23:59
126,2033.413584,2033.495774,30,3834,6/1/2033 0:00,6/30/2033 23:59
127,2033.495776,2033.580706,31,3865,7/1/2033 0:00,7/31/2033 23:59
128,2033.580708,2033.665637,31,3896,8/1/2033 0:00,8/31/2033 23:59
129,2033.665639,2033.747829,30,3926,9/1/2033 0:00,9/30/2033 23:59
130,2033.747831,2033.832761,31,3957,10/1/2033 0:00,10/31/2033 23:59
131,2033.832763,2033.915067,30,3987,11/1/2033 0:00,11/30/2033 23:59
132,2033.915068,2033.999998,31,4018,12/1/2033 0:00,12/31/2033 23:59
133,2034,2034.08493,31,4049,1/1/2034 0:00,1/31/2034 23:59
134,2034.084932,2034.161642,28,4077,2/1/2034 0:00,2/28/2034 23:59
135,2034.161644,2034.246459,31,4108,3/1/2034 0:00,3/31/2034 23:59
136,2034.246461,2034.328651,30,4138,4/1/2034 0:00,4/30/2034 23:59
137,2034.328653,2034.413583,31,4169,5/1/2034 0:00,5/31/2034 23:59
138,2034.413584,2034.495774,30,4199,6/1/2034 0:00,6/30/2034 23:59
139,2034.495776,2034.580706,31,4230,7/1/2034 0:00,7/31/2034 23:59
140,2034.580708,2034.665637,31,4261,8/1/2034 0:00,8/31/2034 23:59
141,2034.665639,2034.747829,30,4291,9/1/2034 0:00,9/30/2034 23:59
142,2034.747831,2034.832761,31,4322,10/1/2034 0:00,10/31/2034 23:59
143,2034.832763,2034.915067,30,4352,11/1/2034 0:00,11/30/2034 23:59
144,2034.915068,2034.999998,31,4383,12/1/2034 0:00,12/31/2034 23:59
145,2035,2035.08493,31,4414,1/1/2035 0:00,1/31/2035 23:59
146,2035.084932,2035.161642,28,4442,2/1/2035 0:00,2/28/2035 23:59
147,2035.161644,2035.246459,31,4473,3/1/2035 0:00,3/31/2035 23:59
148,2035.246461,2035.328651,30,4503,4/1/2035 0:00,4/30/2035 23:59
149,2035.328653,2035.413583,31,4534,5/1/2035 0:00,5/31/2035 23:59
150,2035.413584,2035.495774,30,4564,6/1/2035 0:00,6/30/2035 23:59
151,2035.495776,2035.580706,31,4595,7/1/2035 0:00,7/31/2035 23:59
152,2035.580708,2035.665637,31,4626,8/1/2035 0:00,8/31/2035 23:59
153,2035.665639,2035.747829,30,4656,9/1/2035 0:00,9/30/2035 23:59
154,2035.747831,2035.832761,31,4687,10/1/2035 0:00,10/31/2035 23:59
155,2035.832763,2035.915067,30,4717,11/1/2035 0:00,11/30/2035 23:59
156,2035.915068,2035.999998,31,4748,12/1/2035 0:00,12/31/2035 23:59
157,2036,2036.084698,31,4779,1/1/2036 0:00,1/31/2036 23:59
158,2036.084699,2036.163933,29,4808,2/1/2036 0:00,2/29/2036 23:59
159,2036.163934,2036.248518,31,4839,3/1/2036 0:00,3/31/2036 23:59
160,2036.24852,2036.330485,30,4869,4/1/2036 0:00,4/30/2036 23:59
161,2036.330487,2036.415185,31,4900,5/1/2036 0:00,5/31/2036 23:59
162,2036.415187,2036.497152,30,4930,6/1/2036 0:00,6/30/2036 23:59
163,2036.497154,2036.581851,31,4961,7/1/2036 0:00,7/31/2036 23:59
164,2036.581853,2036.666551,31,4992,8/1/2036 0:00,8/31/2036 23:59
165,2036.666553,2036.748518,30,5022,9/1/2036 0:00,9/30/2036 23:59
166,2036.74852,2036.833218,31,5053,10/1/2036 0:00,10/31/2036 23:59
167,2036.833219,2036.915299,30,5083,11/1/2036 0:00,11/30/2036 23:59
168,2036.915301,2036.999998,31,5114,12/1/2036 0:00,12/31/2036 23:59
169,2037,2037.08493,31,5145,1/1/2037 0:00,1/31/2037 23:59
170,2037.084932,2037.161642,28,5173,2/1/2037 0:00,2/28/2037 23:59
171,2037.161644,2037.246459,31,5204,3/1/2037 0:00,3/31/2037 23:59
172,2037.246461,2037.328651,30,5234,4/1/2037 0:00,4/30/2037 23:59
173,2037.328653,2037.413583,31,5265,5/1/2037 0:00,5/31/2037 23:59
174,2037.413584,2037.495774,30,5295,6/1/2037 0:00,6/30/2037 23:59
175,2037.495776,2037.580706,31,5326,7/1/2037 0:00,7/31/2037 23:59
176,2037.580708,2037.665637,31,5357,8/1/2037 0:00,8/31/2037 23:59
177,2037.665639,2037.747829,30,5387,9/1/2037 0:00,9/30/2037 23:59
178,2037.747831,2037.832761,31,5418,10/1/2037 0:00,10/31/2037 23:59
179,2037.832763,2037.915067,30,5448,11/1/2037 0:00,11/30/2037 23:59
180,2037.915068,2037.999998,31,5479,12/1/2037 0:00,12/31/2037 23:59
181,2038,2038.08493,31,5510,1/1/2038 0:00,1/31/2038 23:59
182,2038.084932,2038.161642,28,5538,2/1/2038 0:00,2/28/2038 23:59
183,2038.161644,2038.246459,31,5569,3/1/2038 0:00,3/31/2038 23:59
184,2038.246461,2038.328651,30,5599,4/1/2038 0:00,4/30/2038 23:59
185,2038.328653,2038.413583,31,5630,5/1/2038 0:00,5/31/2038 23:59
186,2038.413584,2038.495774,30,5660,6/1/2038 0:00,6/30/2038 23:59
187,2038.495776,2038.580706,31,5691,7/1/2038 0:00,7/31/2038 23:59
188,2038.580708,2038.665637,31,5722,8/1/2038 0:00,8/31/2038 23:59
189,2038.665639,2038.747829,30,5752,9/1/2038 0:00,9/30/2038 23:59
190,2038.747831,2038.832761,31,5783,10/1/2038 0:00,10/31/2038 23:59
191,2038.832763,2038.915067,30,5813,11/1/2038 0:00,11/30/2038 23:59
192,2038.915068,2038.999998,31,5844,12/1/2038 0:00,12/31/2038 23:59
193,2039,2039.08493,31,5875,1/1/2039 0:00,1/31/2039 23:59
194,2039.084932,2039.161642,28,5903,2/1/2039 0:00,2/28/2039 23:59
195,2039.161644,2039.246459,31,5934,3/1/2039 0:00,3/31/2039 23:59
196,2039.246461,2039.328651,30,5964,4/1/2039 0:00,4/30/2039 23:59
197,2039.328653,2039.413583,31,5995,5/1/2039 0:00,5/31/2039 23:59
198,2039.413584,2039.495774,30,6025,6/1/2039 0:00,6/30/2039 23:59
199,2039.495776,2039.580706,31,6056,7/1/2039 0:00,7/31/2039 23:59
200,2039.580708,2039.665637,31,6087,8/1/2039 0:00,8/31/2039 23:59
201,2039.665639,2039.747829,30,6117,9/1/2039 0:00,9/30/2039 23:59
202,2039.747831,2039.832761,31,6148,10/1/2039 0:00,10/31/2039 23:59
203,2039.832763,2039.915067,30,6178,11/1/2039 0:00,11/30/2039 23:59
204,2039.915068,2039.999998,31,6209,12/1/2039 0:00,12/31/2039 23:59
205,2040,2040.084698,31,6240,1/1/2040 0:00,1/31/2040 23:59
206,2040.084699,2040.163933,29,6269,2/1/2040 0:00,2/29/2040 23:59
207,2040.163934,2040.248518,31,6300,3/1/2040 0:00,3/31/2040 23:59
208,2040.24852,2040.330485,30,6330,4/1/2040 0:00,4/30/2040 23:59
209,2040.330487,2040.415185,31,6361,5/1/2040 0:00,5/31/2040 23:59
210,2040.415187,2040.497152,30,6391,6/1/2040 0:00,6/30/2040 23:59
211,2040.497154,2040.581851,31,6422,7/1/2040 0:00,7/31/2040 23:59
212,2040.581853,2040.666551,31,6453,8/1/2040 0:00,8/31/2040 23:59
213,2040.666553,2040.748518,30,6483,9/1/2040 0:00,9/30/2040 23:59
214,2040.74852,2040.833218,31,6514,10/1/2040 0:00,10/31/2040 23:59
215,2040.833219,2040.915299,30,6544,11/1/2040 0:00,11/30/2040 23:59
216,2040.915301,2040.999998,31,6575,12/1/2040 0:00,12/31/2040 23:59
217,2041,2041.08493,31,6606,1/1/2041 0:00,1/31/2041 23:59
218,2041.084932,2041.161642,28,6634,2/1/2041 0:00,2/28/2041 23:59
219,2041.161644,2041.246459,31,6665,3/1/2041 0:00,3/31/2041 23:59
220,2041.246461,2041.328651,30,6695,4/1/2041 0:00,4/30/2041 23:59
221,2041.328653,2041.413583,31,6726,5/1/2041 0:00,5/31/2041 23:59
222,2041.413584,2041.495774,30,6756,6/1/2041 0:00,6/30/2041 23:59
223,2041.495776,2041.580706,31,6787,7/1/2041 0:00,7/31/2041 23:59
224,2041.580708,2041.665637,31,6818,8/1/2041 0:00,8/31/2041 23:59
225,2041.665639,2041.747829,30,6848,9/1/2041 0:00,9/30/2041 23:59
226,2041.747831,2041.832761,31,6879,10/1/2041 0:00,10/31/2041 23:59
227,2041.832763,2041.915067,30,6909,11/1/2041 0:00,11/30/2041 23:59
228,2041.915068,2041.999998,31,6940,12/1/2041 0:00,12/31/2041 23:59
229,2042,2042.08493,31,6971,1/1/2042 0:00,1/31/2042 23:59
230,2042.084932,2042.161642,28,6999,2/1/2042 0:00,2/28/2042 23:59
231,2042.161644,2042.246459,31,7030,3/1/2042 0:00,3/31/2042 23:59
232,2042.246461,2042.328651,30,7060,4/1/2042 0:00,4/30/2042 23:59
233,2042.328653,2042.413583,31,7091,5/1/2042 0:00,5/31/2042 23:59
234,2042.413584,2042.495774,30,7121,6/1/2042 0:00,6/30/2042 23:59
235,2042.495776,2042.580706,31,7152,7/1/2042 0:00,7/31/2042 23:59
236,2042.580708,2042.665637,31,7183,8/1/2042 0:00,8/31/2042 23:59
237,2042.665639,2042.747829,30,7213,9/1/2042 0:00,9/30/2042 23:59
238,2042.747831,2042.832761,31,7244,10/1/2042 0:00,10/31/2042 23:59
239,2042.832763,2042.915067,30,7274,11/1/2042 0:00,11/30/2042 23:59
240,2042.915068,2042.999998,31,7305,12/1/2042 0:00,12/31/2042 23:59
241,2043,2043.08493,31,7336,1/1/2043 0:00,1/31/2043 23:59
242,2043.084932,2043.161642,28,7364,2/1/2043 0:00,2/28/2043 23:59
243,2043.161644,2043.246459,31,7395,3/1/2043 0:00,3/31/2043 23:59
244,2043.246461,2043.328651,30,7425,4/1/2043 0:00,4/30/2043 23:59
245,2043.328653,2043.413583,31,7456,5/1/2043 0:00,5/31/2043 23:59
246,2043.413584,2043.495774,30,7486,6/1/2043 0:00,6/30/2043 23:59
247,2043.495776,2043.580706,31,7517,7/1/2043 0:00,7/31/2043 23:59
248,2043.580708,2043.665637,31,7548,8/1/2043 0:00,8/31/2043 23:59
249,2043.665639,2043.747829,30,7578,9/1/2043 0:00,9/30/2043 23:59
250,2043.747831,2043.832761,31,7609,10/1/2043 0:00,10/31/2043 23:59
251,2043.832763,2043.915067,30,7639,11/1/2043 0:00,11/30/2043 23:59
252,2043.915068,2043.999998,31,7670,12/1/2043 0:00,12/31/2043 23:59
253,2044,2044.084698,31,7701,1/1/2044 0:00,1/31/2044 23:59
254,2044.084699,2044.163933,29,7730,2/1/2044 0:00,2/29/2044 23:59
255,2044.163934,2044.248518,31,7761,3/1/2044 0:00,3/31/2044 23:59
256,2044.24852,2044.330485,30,7791,4/1/2044 0:00,4/30/2044 23:59
257,2044.330487,2044.415185,31,7822,5/1/2044 0:00,5/31/2044 23:59
258,2044.415187,2044.497152,30,7852,6/1/2044 0:00,6/30/2044 23:59
259,2044.497154,2044.581851,31,7883,7/1/2044 0:00,7/31/2044 23:59
260,2044.581853,2044.666551,31,7914,8/1/2044 0:00,8/31/2044 23:59
261,2044.666553,2044.748518,30,7944,9/1/2044 0:00,9/30/2044 23:59
262,2044.74852,2044.833218,31,7975,10/1/2044 0:00,10/31/2044 23:59
263,2044.833219,2044.915299,30,8005,11/1/2044 0:00,11/30/2044 23:59
264,2044.915301,2044.999998,31,8036,12/1/2044 0:00,12/31/2044 23:59
265,2045,2045.08493,31,8067,1/1/2045 0:00,1/31/2045 23:59
266,2045.084932,2045.161642,28,8095,2/1/2045 0:00,2/28/2045 23:59
267,2045.161644,2045.246459,31,8126,3/1/2045 0:00,3/31/2045 23:59
268,2045.246461,2045.328651,30,8156,4/1/2045 0:00,4/30/2045 23:59
269,2045.328653,2045.413583,31,8187,5/1/2045 0:00,5/31/2045 23:59
270,2045.413584,2045.495774,30,8217,6/1/2045 0:00,6/30/2045 23:59
271,2045.495776,2045.580706,31,8248,7/1/2045 0:00,7/31/2045 23:59
272,2045.580708,2045.665637,31,8279,8/1/2045 0:00,8/31/2045 23:59
273,2045.665639,2045.747829,30,8309,9/1/2045 0:00,9/30/2045 23:59
274,2045.747831,2045.832761,31,8340,10/1/2045 0:00,10/31/2045 23:59
275,2045.832763,2045.915067,30,8370,11/1/2045 0:00,11/30/2045 23:59
276,2045.915068,2045.999998,31,8401,12/1/2045 0:00,12/31/2045 23:59
277,2046,2046.08493,31,8432,1/1/2046 0:00,1/31/2046 23:59
278,2046.084932,2046.161642,28,8460,2/1/2046 0:00,2/28/2046 23:59
279,2046.161644,2046.246459,31,8491,3/1/2046 0:00,3/31/2046 23:59
280,2046.246461,2046.328651,30,8521,4/1/2046 0:00,4/30/2046 23:59
281,2046.328653,2046.413583,31,8552,5/1/2046 0:00,5/31/2046 23:59
282,2046.413584,2046.495774,30,8582,6/1/2046 0:00,6/30/2046 23:59
283,2046.495776,2046.580706,31,8613,7/1/2046 0:00,7/31/2046 23:59
284,2046.580708,2046.665637,31,8644,8/1/2046 0:00,8/31/2046 23:59
285,2046.665639,2046.747829,30,8674,9/1/2046 0:00,9/30/2046 23:59
286,2046.747831,2046.832761,31,8705,10/1/2046 0:00,10/31/2046 23:59
287,2046.832763,2046.915067,30,8735,11/1/2046 0:00,11/30/2046 23:59
288,2046.915068,2046.999998,31,8766,12/1/2046 0:00,12/31/2046 23:59
289,2047,2047.08493,31,8797,1/1/2047 0:00,1/31/2047 23:59
290,2047.084932,2047.161642,28,8825,2/1/2047 0:00,2/28/2047 23:59
291,2047.161644,2047.246459,31,8856,3/1/2047 0:00,3/31/2047 23:59
292,2047.246461,2047.328651,30,8886,4/1/2047 0:00,4/30/2047 23:59
293,2047.328653,2047.413583,31,8917,5/1/2047 0:00,5/31/2047 23:59
294,2047.413584,2047.495774,30,8947,6/1/2047 0:00,6/30/2047 23:59
295,2047.495776,2047.580706,31,8978,7/1/2047 0:00,7/31/2047 23:59
296,2047.580708,2047.665637,31,9009,8/1/2047 0:00,8/31/2047 23:59
297,2047.665639,2047.747829,30,9039,9/1/2047 0:00,9/30/2047 23:59
298,2047.747831,2047.832761,31,9070,10/1/2047 0:00,10/31/2047 23:59
299,2047.832763,2047.915067,30,9100,11/1/2047 0:00,11/30/2047 23:59
300,2047.915068,2047.999998,31,9131,12/1/2047 0:00,12/31/2047 23:59
301,2048,2048.084698,31,9162,1/1/2048 0:00,1/31/2048 23:59
302,2048.084699,2048.163933,29,9191,2/1/2048 0:00,2/29/2048 23:59
303,2048.163934,2048.248518,31,9222,3/1/2048 0:00,3/31/2048 23:59
304,2048.24852,2048.330485,30,9252,4/1/2048 0:00,4/30/2048 23:59
305,2048.330487,2048.415185,31,9283,5/1/2048 0:00,5/31/2048 23:59
306,2048.415187,2048.497152,30,9313,6/1/2048 0:00,6/30/2048 23:59
307,2048.497154,2048.581851,31,9344,7/1/2048 0:00,7/31/2048 23:59
308,2048.581853,2048.666551,31,9375,8/1/2048 0:00,8/31/2048 23:59
309,2048.666553,2048.748518,30,9405,9/1/2048 0:00,9/30/2048 23:59
310,2048.74852,2048.833218,31,9436,10/1/2048 0:00,10/31/2048 23:59
311,2048.833219,2048.915299,30,9466,11/1/2048 0:00,11/30/2048 23:59
312,2048.915301,2048.999998,31,9497,12/1/2048 0:00,12/31/2048 23:59
313,2049,2049.08493,31,9528,1/1/2049 0:00,1/31/2049 23:59
314,2049.084932,2049.161642,28,9556,2/1/2049 0:00,2/28/2049 23:59
315,2049.161644,2049.246459,31,9587,3/1/2049 0:00,3/31/2049 23:59
316,2049.246461,2049.328651,30,9617,4/1/2049 0:00,4/30/2049 23:59
317,2049.328653,2049.413583,31,9648,5/1/2049 0:00,5/31/2049 23:59
318,2049.413584,2049.495774,30,9678,6/1/2049 0:00,6/30/2049 23:59
319,2049.495776,2049.580706,31,9709,7/1/2049 0:00,7/31/2049 23:59
320,2049.580708,2049.665637,31,9740,8/1/2049 0:00,8/31/2049 23:59
321,2049.665639,2049.747829,30,9770,9/1/2049 0:00,9/30/2049 23:59
322,2049.747831,2049.832761,31,9801,10/1/2049 0:00,10/31/2049 23:59
323,2049.832763,2049.915067,30,9831,11/1/2049 0:00,11/30/2049 23:59
324,2049.915068,2049.999998,31,9862,12/1/2049 0:00,12/31/2049 23:59
325,2050,2050.08493,31,9893,1/1/2050 0:00,1/31/2050 23:59
326,2050.084932,2050.161642,28,9921,2/1/2050 0:00,2/28/2050 23:59
327,2050.161644,2050.246459,31,9952,3/1/2050 0:00,3/31/2050 23:59
328,2050.246461,2050.328651,30,9982,4/1/2050 0:00,4/30/2050 23:59
329,2050.328653,2050.413583,31,10013,5/1/2050 0:00,5/31/2050 23:59
330,2050.413584,2050.495774,30,10043,6/1/2050 0:00,6/30/2050 23:59
331,2050.495776,2050.580706,31,10074,7/1/2050 0:00,7/31/2050 23:59
332,2050.580708,2050.665637,31,10105,8/1/2050 0:00,8/31/2050 23:59
333,2050.665639,2050.747829,30,10135,9/1/2050 0:00,9/30/2050 23:59
334,2050.747831,2050.832761,31,10166,10/1/2050 0:00,10/31/2050 23:59
335,2050.832763,2050.915067,30,10196,11/1/2050 0:00,11/30/2050 23:59
336,2050.915068,2050.999998,31,10227,12/1/2050 0:00,12/31/2050 23:59
337,2051,2051.08493,31,10258,1/1/2051 0:00,1/31/2051 23:59
338,2051.084932,2051.161642,28,10286,2/1/2051 0:00,2/28/2051 23:59
339,2051.161644,2051.246459,31,10317,3/1/2051 0:00,3/31/2051 23:59
340,2051.246461,2051.328651,30,10347,4/1/2051 0:00,4/30/2051 23:59
341,2051.328653,2051.413583,31,10378,5/1/2051 0:00,5/31/2051 23:59
342,2051.413584,2051.495774,30,10408,6/1/2051 0:00,6/30/2051 23:59
343,2051.495776,2051.580706,31,10439,7/1/2051 0:00,7/31/2051 23:59
344,2051.580708,2051.665637,31,10470,8/1/2051 0:00,8/31/2051 23:59
345,2051.665639,2051.747829,30,10500,9/1/2051 0:00,9/30/2051 23:59
346,2051.747831,2051.832761,31,10531,10/1/2051 0:00,10/31/2051 23:59
347,2051.832763,2051.915067,30,10561,11/1/2051 0:00,11/30/2051 23:59
348,2051.915068,2051.999998,31,10592,12/1/2051 0:00,12/31/2051 23:59
349,2052,2052.084698,31,10623,1/1/2052 0:00,1/31/2052 23:59
350,2052.084699,2052.163933,29,10652,2/1/2052 0:00,2/29/2052 23:59
351,2052.163934,2052.248518,31,10683,3/1/2052 0:00,3/31/2052 23:59
352,2052.24852,2052.330485,30,10713,4/1/2052 0:00,4/30/2052 23:59
353,2052.330487,2052.415185,31,10744,5/1/2052 0:00,5/31/2052 23:59
354,2052.415187,2052.497152,30,10774,6/1/2052 0:00,6/30/2052 23:59
355,2052.497154,2052.581851,31,10805,7/1/2052 0:00,7/31/2052 23:59
356,2052.581853,2052.666551,31,10836,8/1/2052 0:00,8/31/2052 23:59
357,2052.666553,2052.748518,30,10866,9/1/2052 0:00,9/30/2052 23:59
358,2052.74852,2052.833218,31,10897,10/1/2052 0:00,10/31/2052 23:59
359,2052.833219,2052.915299,30,10927,11/1/2052 0:00,11/30/2052 23:59
360,2052.915301,2052.999998,31,10958,12/1/2052 0:00,12/31/2052 23:59
361,2053,2053.08493,31,10989,1/1/2053 0:00,1/31/2053 23:59
362,2053.084932,2053.161642,28,11017,2/1/2053 0:00,2/28/2053 23:59
363,2053.161644,2053.246459,31,11048,3/1/2053 0:00,3/31/2053 23:59
364,2053.246461,2053.328651,30,11078,4/1/2053 0:00,4/30/2053 23:59
365,2053.328653,2053.413583,31,11109,5/1/2053 0:00,5/31/2053 23:59
366,2053.413584,2053.495774,30,11139,6/1/2053 0:00,6/30/2053 23:59
367,2053.495776,2053.580706,31,11170,7/1/2053 0:00,7/31/2053 23:59
368,2053.580708,2053.665637,31,11201,8/1/2053 0:00,8/31/2053 23:59
369,2053.665639,2053.747829,30,11231,9/1/2053 0:00,9/30/2053 23:59
370,2053.747831,2053.832761,31,11262,10/1/2053 0:00,10/31/2053 23:59
371,2053.832763,2053.915067,30,11292,11/1/2053 0:00,11/30/2053 23:59
372,2053.915068,2053.999998,31,11323,12/1/2053 0:00,12/31/2053 23:59
373,2054,2054.08493,31,11354,1/1/2054 0:00,1/31/2054 23:59
374,2054.084932,2054.161642,28,11382,2/1/2054 0:00,2/28/2054 23:59
375,2054.161644,2054.246459,31,11413,3/1/2054 0:00,3/31/2054 23:59
376,2054.246461,2054.328651,30,11443,4/1/2054 0:00,4/30/2054 23:59
377,2054.328653,2054.413583,31,11474,5/1/2054 0:00,5/31/2054 23:59
378,2054.413584,2054.495774,30,11504,6/1/2054 0:00,6/30/2054 23:59
379,2054.495776,2054.580706,31,11535,7/1/2054 0:00,7/31/2054 23:59
380,2054.580708,2054.665637,31,11566,8/1/2054 0:00,8/31/2054 23:59
381,2054.665639,2054.747829,30,11596,9/1/2054 0:00,9/30/2054 23:59
382,2054.747831,2054.832761,31,11627,10/1/2054 0:00,10/31/2054 23:59
383,2054.832763,2054.915067,30,11657,11/1/2054 0:00,11/30/2054 23:59
384,2054.915068,2054.999998,31,11688,12/1/2054 0:00,12/31/2054 23:59
385,2055,2055.08493,31,11719,1/1/2055 0:00,1/31/2055 23:59
386,2055.084932,2055.161642,28,11747,2/1/2055 0:00,2/28/2055 23:59
387,2055.161644,2055.246459,31,11778,3/1/2055 0:00,3/31/2055 23:59
388,2055.246461,2055.328651,30,11808,4/1/2055 0:00,4/30/2055 23:59
389,2055.328653,2055.413583,31,11839,5/1/2055 0:00,5/31/2055 23:59
390,2055.413584,2055.495774,30,11869,6/1/2055 0:00,6/30/2055 23:59
391,2055.495776,2055.580706,31,11900,7/1/2055 0:00,7/31/2055 23:59
392,2055.580708,2055.665637,31,11931,8/1/2055 0:00,8/31/2055 23:59
393,2055.665639,2055.747829,30,11961,9/1/2055 0:00,9/30/2055 23:59
394,2055.747831,2055.832761,31,11992,10/1/2055 0:00,10/31/2055 23:59
395,2055.832763,2055.915067,30,12022,11/1/2055 0:00,11/30/2055 23:59
396,2055.915068,2055.999998,31,12053,12/1/2055 0:00,12/31/2055 23:59
397,2056,2056.084698,31,12084,1/1/2056 0:00,1/31/2056 23:59
398,2056.084699,2056.163933,29,12113,2/1/2056 0:00,2/29/2056 23:59
399,2056.163934,2056.248518,31,12144,3/1/2056 0:00,3/31/2056 23:59
400,2056.24852,2056.330485,30,12174,4/1/2056 0:00,4/30/2056 23:59
401,2056.330487,2056.415185,31,12205,5/1/2056 0:00,5/31/2056 23:59
402,2056.415187,2056.497152,30,12235,6/1/2056 0:00,6/30/2056 23:59
403,2056.497154,2056.581851,31,12266,7/1/2056 0:00,7/31/2056 23:59
404,2056.581853,2056.666551,31,12297,8/1/2056 0:00,8/31/2056 23:59
405,2056.666553,2056.748518,30,12327,9/1/2056 0:00,9/30/2056 23:59
406,2056.74852,2056.833218,31,12358,10/1/2056 0:00,10/31/2056 23:59
407,2056.833219,2056.915299,30,12388,11/1/2056 0:00,11/30/2056 23:59
408,2056.915301,2056.999998,31,12419,12/1/2056 0:00,12/31/2056 23:59
409,2057,2057.08493,31,12450,1/1/2057 0:00,1/31/2057 23:59
410,2057.084932,2057.161642,28,12478,2/1/2057 0:00,2/28/2057 23:59
411,2057.161644,2057.246459,31,12509,3/1/2057 0:00,3/31/2057 23:59
412,2057.246461,2057.328651,30,12539,4/1/2057 0:00,4/30/2057 23:59
413,2057.328653,2057.413583,31,12570,5/1/2057 0:00,5/31/2057 23:59
414,2057.413584,2057.495774,30,12600,6/1/2057 0:00,6/30/2057 23:59
415,2057.495776,2057.580706,31,12631,7/1/2057 0:00,7/31/2057 23:59
416,2057.580708,2057.665637,31,12662,8/1/2057 0:00,8/31/2057 23:59
417,2057.665639,2057.747829,30,12692,9/1/2057 0:00,9/30/2057 23:59
418,2057.747831,2057.832761,31,12723,10/1/2057 0:00,10/31/2057 23:59
419,2057.832763,2057.915067,30,12753,11/1/2057 0:00,11/30/2057 23:59
420,2057.915068,2057.999998,31,12784,12/1/2057 0:00,12/31/2057 23:59
421,2058,2058.08493,31,12815,1/1/2058 0:00,1/31/2058 23:59
422,2058.084932,2058.161642,28,12843,2/1/2058 0:00,2/28/2058 23:59
423,2058.161644,2058.246459,31,12874,3/1/2058 0:00,3/31/2058 23:59
424,2058.246461,2058.328651,30,12904,4/1/2058 0:00,4/30/2058 23:59
425,2058.328653,2058.413583,31,12935,5/1/2058 0:00,5/31/2058 23:59
426,2058.413584,2058.495774,30,12965,6/1/2058 0:00,6/30/2058 23:59
427,2058.495776,2058.580706,31,12996,7/1/2058 0:00,7/31/2058 23:59
428,2058.580708,2058.665637,31,13027,8/1/2058 0:00,8/31/2058 23:59
429,2058.665639,2058.747829,30,13057,9/1/2058 0:00,9/30/2058 23:59
430,2058.747831,2058.832761,31,13088,10/1/2058 0:00,10/31/2058 23:59
431,2058.832763,2058.915067,30,13118,11/1/2058 0:00,11/30/2058 23:59
432,2058.915068,2058.999998,31,13149,12/1/2058 0:00,12/31/2058 23:59
433,2059,2059.08493,31,13180,1/1/2059 0:00,1/31/2059 23:59
434,2059.084932,2059.161642,28,13208,2/1/2059 0:00,2/28/2059 23:59
435,2059.161644,2059.246459,31,13239,3/1/2059 0:00,3/31/2059 23:59
436,2059.246461,2059.328651,30,13269,4/1/2059 0:00,4/30/2059 23:59
437,2059.328653,2059.413583,31,13300,5/1/2059 0:00,5/31/2059 23:59
438,2059.413584,2059.495774,30,13330,6/1/2059 0:00,6/30/2059 23:59
439,2059.495776,2059.580706,31,13361,7/1/2059 0:00,7/31/2059 23:59
440,2059.580708,2059.665637,31,13392,8/1/2059 0:00,8/31/2059 23:59
441,2059.665639,2059.747829,30,13422,9/1/2059 0:00,9/30/2059 23:59
442,2059.747831,2059.832761,31,13453,10/1/2059 0:00,10/31/2059 23:59
443,2059.832763,2059.915067,30,13483,11/1/2059 0:00,11/30/2059 23:59
444,2059.915068,2059.999998,31,13514,12/1/2059 0:00,12/31/2059 23:59
445,2060,2060.084698,31,13545,1/1/2060 0:00,1/31/2060 23:59
446,2060.084699,2060.163933,29,13574,2/1/2060 0:00,2/29/2060 23:59
447,2060.163934,2060.248518,31,13605,3/1/2060 0:00,3/31/2060 23:59
448,2060.24852,2060.330485,30,13635,4/1/2060 0:00,4/30/2060 23:59
449,2060.330487,2060.415185,31,13666,5/1/2060 0:00,5/31/2060 23:59
450,2060.415187,2060.497152,30,13696,6/1/2060 0:00,6/30/2060 23:59
451,2060.497154,2060.581851,31,13727,7/1/2060 0:00,7/31/2060 23:59
452,2060.581853,2060.666551,31,13758,8/1/2060 0:00,8/31/2060 23:59
453,2060.666553,2060.748518,30,13788,9/1/2060 0:00,9/30/2060 23:59
454,2060.74852,2060.833218,31,13819,10/1/2060 0:00,10/31/2060 23:59
455,2060.833219,2060.915299,30,13849,11/1/2060 0:00,11/30/2060 23:59
456,2060.915301,2060.999998,31,13880,12/1/2060 0:00,12/31/2060 23:59
457,2061,2061.08493,31,13911,1/1/2061 0:00,1/31/2061 23:59
458,2061.084932,2061.161642,28,13939,2/1/2061 0:00,2/28/2061 23:59
459,2061.161644,2061.246459,31,13970,3/1/2061 0:00,3/31/2061 23:59
460,2061.246461,2061.328651,30,14000,4/1/2061 0:00,4/30/2061 23:59
461,2061.328653,2061.413583,31,14031,5/1/2061 0:00,5/31/2061 23:59
462,2061.413584,2061.495774,30,14061,6/1/2061 0:00,6/30/2061 23:59
463,2061.495776,2061.580706,31,14092,7/1/2061 0:00,7/31/2061 23:59
464,2061.580708,2061.665637,31,14123,8/1/2061 0:00,8/31/2061 23:59
465,2061.665639,2061.747829,30,14153,9/1/2061 0:00,9/30/2061 23:59
466,2061.747831,2061.832761,31,14184,10/1/2061 0:00,10/31/2061 23:59
467,2061.832763,2061.915067,30,14214,11/1/2061 0:00,11/30/2061 23:59
468,2061.915068,2061.999998,31,14245,12/1/2061 0:00,12/31/2061 23:59
469,2062,2062.08493,31,14276,1/1/2062 0:00,1/31/2062 23:59
470,2062.084932,2062.161642,28,14304,2/1/2062 0:00,2/28/2062 23:59
471,2062.161644,2062.246459,31,14335,3/1/2062 0:00,3/31/2062 23:59
472,2062.246461,2062.328651,30,14365,4/1/2062 0:00,4/30/2062 23:59
473,2062.328653,2062.413583,31,14396,5/1/2062 0:00,5/31/2062 23:59
474,2062.413584,2062.495774,30,14426,6/1/2062 0:00,6/30/2062 23:59
475,2062.495776,2062.580706,31,14457,7/1/2062 0:00,7/31/2062 23:59
476,2062.580708,2062.665637,31,14488,8/1/2062 0:00,8/31/2062 23:59
477,2062.665639,2062.747829,30,14518,9/1/2062 0:00,9/30/2062 23:59
478,2062.747831,2062.832761,31,14549,10/1/2062 0:00,10/31/2062 23:59
479,2062.832763,2062.915067,30,14579,11/1/2062 0:00,11/30/2062 23:59
480,2062.915068,2062.999998,31,14610,12/1/2062 0:00,12/31/2062 23:59
481,2063,2063.08493,31,14641,1/1/2063 0:00,1/31/2063 23:59
482,2063.084932,2063.161642,28,14669,2/1/2063 0:00,2/28/2063 23:59
483,2063.161644,2063.246459,31,14700,3/1/2063 0:00,3/31/2063 23:59
484,2063.246461,2063.328651,30,14730,4/1/2063 0:00,4/30/2063 23:59
485,2063.328653,2063.413583,31,14761,5/1/2063 0:00,5/31/2063 23:59
486,2063.413584,2063.495774,30,14791,6/1/2063 0:00,6/30/2063 23:59
487,2063.495776,2063.580706,31,14822,7/1/2063 0:00,7/31/2063 23:59
488,2063.580708,2063.665637,31,14853,8/1/2063 0:00,8/31/2063 23:59
489,2063.665639,2063.747829,30,14883,9/1/2063 0:00,9/30/2063 23:59
490,2063.747831,2063.832761,31,14914,10/1/2063 0:00,10/31/2063 23:59
491,2063.832763,2063.915067,30,14944,11/1/2063 0:00,11/30/2063 23:59
492,2063.915068,2063.999998,31,14975,12/1/2063 0:00,12/31/2063 23:59
493,2064,2064.084698,31,15006,1/1/2064 0:00,1/31/2064 23:59
494,2064.084699,2064.163933,29,15035,2/1/2064 0:00,2/29/2064 23:59
495,2064.163934,2064.248518,31,15066,3/1/2064 0:00,3/31/2064 23:59
496,2064.24852,2064.330485,30,15096,4/1/2064 0:00,4/30/2064 23:59
497,2064.330487,2064.415185,31,15127,5/1/2064 0:00,5/31/2064 23:59
498,2064.415187,2064.497152,30,15157,6/1/2064 0:00,6/30/2064 23:59
499,2064.497154,2064.581851,31,15188,7/1/2064 0:00,7/31/2064 23:59
500,2064.581853,2064.666551,31,15219,8/1/2064 0:00,8/31/2064 23:59
501,2064.666553,2064.748518,30,15249,9/1/2064 0:00,9/30/2064 23:59
502,2064.74852,2064.833218,31,15280,10/1/2064 0:00,10/31/2064 23:59
503,2064.833219,2064.915299,30,15310,11/1/2064 0:00,11/30/2064 23:59
504,2064.915301,2064.999998,31,15341,12/1/2064 0:00,12/31/2064 23:59
505,2065,2065.08493,31,15372,1/1/2065 0:00,1/31/2065 23:59
506,2065.084932,2065.161642,28,15400,2/1/2065 0:00,2/28/2065 23:59
507,2065.161644,2065.246459,31,15431,3/1/2065 0:00,3/31/2065 23:59
508,2065.246461,2065.328651,30,15461,4/1/2065 0:00,4/30/2065 23:59
509,2065.328653,2065.413583,31,15492,5/1/2065 0:00,5/31/2065 23:59
510,2065.413584,2065.495774,30,15522,6/1/2065 0:00,6/30/2065 23:59
511,2065.495776,2065.580706,31,15553,7/1/2065 0:00,7/31/2065 23:59
512,2065.580708,2065.665637,31,15584,8/1/2065 0:00,8/31/2065 23:59
513,2065.665639,2065.747829,30,15614,9/1/2065 0:00,9/30/2065 23:59
514,2065.747831,2065.832761,31,15645,10/1/2065 0:00,10/31/2065 23:59
515,2065.832763,2065.915067,30,15675,11/1/2065 0:00,11/30/2065 23:59
516,2065.915068,2065.999998,31,15706,12/1/2065 0:00,12/31/2065 23:59
517,2066,2066.08493,31,15737,1/1/2066 0:00,1/31/2066 23:59
518,2066.084932,2066.161642,28,15765,2/1/2066 0:00,2/28/2066 23:59
519,2066.161644,2066.246459,31,15796,3/1/2066 0:00,3/31/2066 23:59
520,2066.246461,2066.328651,30,15826,4/1/2066 0:00,4/30/2066 23:59
521,2066.328653,2066.413583,31,15857,5/1/2066 0:00,5/31/2066 23:59
522,2066.413584,2066.495774,30,15887,6/1/2066 0:00,6/30/2066 23:59
523,2066.495776,2066.580706,31,15918,7/1/2066 0:00,7/31/2066 23:59
524,2066.580708,2066.665637,31,15949,8/1/2066 0:00,8/31/2066 23:59
525,2066.665639,2066.747829,30,15979,9/1/2066 0:00,9/30/2066 23:59
526,2066.747831,2066.832761,31,16010,10/1/2066 0:00,10/31/2066 23:59
527,2066.832763,2066.915067,30,16040,11/1/2066 0:00,11/30/2066 23:59
528,2066.915068,2066.999998,31,16071,12/1/2066 0:00,12/31/2066 23:59
529,2067,2067.08493,31,16102,1/1/2067 0:00,1/31/2067 23:59
530,2067.084932,2067.161642,28,16130,2/1/2067 0:00,2/28/2067 23:59
531,2067.161644,2067.246459,31,16161,3/1/2067 0:00,3/31/2067 23:59
532,2067.246461,2067.328651,30,16191,4/1/2067 0:00,4/30/2067 23:59
533,2067.328653,2067.413583,31,16222,5/1/2067 0:00,5/31/2067 23:59
534,2067.413584,2067.495774,30,16252,6/1/2067 0:00,6/30/2067 23:59
535,2067.495776,2067.580706,31,16283,7/1/2067 0:00,7/31/2067 23:59
536,2067.580708,2067.665637,31,16314,8/1/2067 0:00,8/31/2067 23:59
537,2067.665639,2067.747829,30,16344,9/1/2067 0:00,9/30/2067 23:59
538,2067.747831,2067.832761,31,16375,10/1/2067 0:00,10/31/2067 23:59
539,2067.832763,2067.915067,30,16405,11/1/2067 0:00,11/30/2067 23:59
540,2067.915068,2067.999998,31,16436,12/1/2067 0:00,12/31/2067 23:59
541,2068,2068.999998,366,16802,1/1/2068 0:00,12/31/2068 23:59
542,2069,2069.999998,365,17167,1/1/2069 0:00,12/31/2069 23:59
543,2070,2070.999998,365,17532,1/1/2070 0:00,12/31/2070 23:59
544,2071,2071.999998,365,17897,1/1/2071 0:00,12/31/2071 23:59
545,2072,2072.999998,366,18263,1/1/2072 0:00,12/31/2072 23:59
546,2073,2073.999998,365,18628,1/1/2073 0:00,12/31/2073 23:59
547,2074,2074.999998,365,18993,1/1/2074 0:00,12/31/2074 23:59
548,2075,2075.999998,365,19358,1/1/2075 0:00,12/31/2075 23:59
549,2076,2076.999998,366,19724,1/1/2076 0:00,12/31/2076 23:59
550,2077,2077.999998,365,20089,1/1/2077 0:00,12/31/2077 23:59
551,2078,2078.999998,365,20454,1/1/2078 0:00,12/31/2078 23:59
552,2079,2079.999998,365,20819,1/1/2079 0:00,12/31/2079 23:59
553,2080,2080.999998,366,21185,1/1/2080 0:00,12/31/2080 23:59
554,2081,2081.999998,365,21550,1/1/2081 0:00,12/31/2081 23:59
555,2082,2082.999998,365,21915,1/1/2082 0:00,12/31/2082 23:59
556,2083,2083.999998,365,22280,1/1/2083 0:00,12/31/2083 23:59
557,2084,2084.999998,366,22646,1/1/2084 0:00,12/31/2084 23:59
558,2085,2085.999998,365,23011,1/1/2085 0:00,12/31/2085 23:59
559,2086,2086.999998,365,23376,1/1/2086 0:00,12/31/2086 23:59
560,2087,2087.999998,365,23741,1/1/2087 0:00,12/31/2087 23:59
561,2088,2088.999998,366,24107,1/1/2088 0:00,12/31/2088 23:59
562,2089,2089.999998,365,24472,1/1/2089 0:00,12/31/2089 23:59
563,2090,2090.999998,365,24837,1/1/2090 0:00,12/31/2090 23:59
564,2091,2091.999998,365,25202,1/1/2091 0:00,12/31/2091 23:59
565,2092,2092.999998,366,25568,1/1/2092 0:00,12/31/2092 23:59
566,2093,2093.999998,365,25933,1/1/2093 0:00,12/31/2093 23:59
567,2094,2094.999998,365,26298,1/1/2094 0:00,12/31/2094 23:59
568,2095,2095.999998,365,26663,1/1/2095 0:00,12/31/2095 23:59
569,2096,2096.999998,366,27029,1/1/2096 0:00,12/31/2096 23:59
570,2097,2097.999998,365,27394,1/1/2097 0:00,12/31/2097 23:59
571,2098,2098.999998,365,27759,1/1/2098 0:00,12/31/2098 23:59
572,2099,2099.999998,365,28124,1/1/2099 0:00,12/31/2099 23:59
573,2100,2100.999998,365,28489,1/1/2100 0:00,12/31/2100 23:59
574,2101,2101.999998,365,28854,1/1/2101 0:00,12/31/2101 23:59
575,2102,2102.999998,365,29219,1/1/2102 0:00,12/31/2102 23:59
576,2103,2103.999998,365,29584,1/1/2103 0:00,12/31/2103 23:59
577,2104,2104.999998,366,29950,1/1/2104 0:00,12/31/2104 23:59
578,2105,2105.999998,365,30315,1/1/2105 0:00,12/31/2105 23:59
579,2106,2106.999998,365,30680,1/1/2106 0:00,12/31/2106 23:59
580,2107,2107.999998,365,31045,1/1/2107 0:00,12/31/2107 23:59
581,2108,2108.999998,366,31411,1/1/2108 0:00,12/31/2108 23:59
582,2109,2109.999998,365,31776,1/1/2109 0:00,12/31/2109 23:59
583,2110,2110.999998,365,32141,1/1/2110 0:00,12/31/2110 23:59
584,2111,2111.999998,365,32506,1/1/2111 0:00,12/31/2111 23:59
585,2112,2112.999998,366,32872,1/1/2112 0:00,12/31/2112 23:59
586,2113,2113.999998,365,33237,1/1/2113 0:00,12/31/2113 23:59
587,2114,2114.999998,365,33602,1/1/2114 0:00,12/31/2114 23:59
588,2115,2115.999998,365,33967,1/1/2115 0:00,12/31/2115 23:59
589,2116,2116.999998,366,34333,1/1/2116 0:00,12/31/2116 23:59
590,2117,2117.999998,365,34698,1/1/2117 0:00,12/31/2117 23:59
591,2118,2118.999998,365,35063,1/1/2118 0:00,12/31/2118 23:59
592,2119,2119.999998,365,35428,1/1/2119 0:00,12/31/2119 23:59
593,2120,2120.999998,366,35794,1/1/2120 0:00,12/31/2120 23:59
594,2121,2121.999998,365,36159,1/1/2121 0:00,12/31/2121 23:59
595,2122,2122.999998,365,36524,1/1/2122 0:00,12/31/2122 23:59
596,2123,2123.999998,365,36889,1/1/2123 0:00,12/31/2123 23:59
597,2124,2124.999998,366,37255,1/1/2124 0:00,12/31/2124 23:59
598,2125,2125.999998,365,37620,1/1/2125 0:00,12/31/2125 23:59
